accession,label,group,incorrect_repeats,mean_confidence,predicted_labels,has_location_note
P11597,Secreted,P11597__bd8e45b1aef9315c,2,0.8663504464285714,Membrane;Membrane,True
Q9Y2T1,Cytoplasm,Q9Y2T1__650fec5af4f34003,2,0.8606274801587303,Nucleus;Nucleus,False
Q9BW04,Cytoplasm,Q9BW04__51f00edeb6ef4bf7,2,0.8558471181599763,Nucleus;Nucleus,False
Q9Y2K2,Cytoplasm,Q9Y2K2__5bd55de79e0d4729,2,0.8159072531664164,Nucleus;Nucleus,True
Q9C0B0,Cytoplasm,Q9C0B0__f06d0cd8d61e3f90,2,0.8116219663466999,Nucleus;Nucleus,False
P28290,Cytoplasm,P28290__ea1249ea9fc122f8,2,0.7945374503968256,Nucleus;Nucleus,True
Q8WXI8,Membrane,Q6EIG7__4332a5c8f8f77e85,2,0.7820488008528907,Secreted;Secreted,False
Q9BYP7,Cytoplasm,Q9BYP7__82466a06c4e3e255,2,0.7800967261904763,Nucleus;Nucleus,True
Q8TAX7,Secreted,Q8TAX7__7215fa0efe73e3c3,2,0.7780925847605171,Nucleus;Nucleus,False
Q5TCY1,Cytoplasm,Q5TCY1__f4bd15ec11ba6693,2,0.7601212431760209,Nucleus;Nucleus,False
P30414,Membrane,P30414__351f2608deae1493,2,0.7529988782918471,Nucleus;Nucleus,False
Q9Y4H4,Cytoplasm,Q9Y4H4__d4f18a468317e1fc,2,0.7529348226500758,Nucleus;Nucleus,False
Q04323,Cytoplasm,Q04323__649a229eae921d74,2,0.7439157065435693,Nucleus;Nucleus,False
Q8N7J2,Membrane,Q8N7J2__e3fa3076e765a705,2,0.7260835193452382,Nucleus;Nucleus,True
P08217,Secreted,P00746__89b6935d8d5a9980,2,0.722802012435291,Membrane;Membrane,False
Q9BZ11,Membrane,Q9BZ11__0e1e32ed7db92cc4,2,0.7215142166071906,Secreted;Secreted,False
Q9GZN4,Secreted,P00746__89b6935d8d5a9980,2,0.7143725226924624,Membrane;Membrane,False
Q9Y6H5,Cytoplasm,Q9Y6H5__e56da16b8752e259,2,0.7129836278516727,Nucleus;Nucleus,True
A8K2U0,Secreted,A8K2U0__e302d6ce0e1ee9a5,2,0.7083319241522366,Membrane;Membrane,False
Q8NFH8,Cytoplasm,Q8NFH8__d00e168508f52532,2,0.705014855572216,Nucleus;Nucleus,False
O95867,Membrane,O95867__338f0a8d67b499dd,2,0.7048999085901095,Secreted;Secreted,False
Q9UBP9,Cytoplasm,Q9UBP9__b1f42c3b928fde6a,2,0.7039637445887448,Nucleus;Nucleus,True
Q5H9J7,Cytoplasm,Q5H9J7__1f60d803b082dbbd,2,0.7036310637566214,Nucleus;Nucleus,False
Q9H425,Cytoplasm,Q9H425__d7ef281fa57d44ac,2,0.7009509650111603,Nucleus;Nucleus,False
Q3SXM5,Mitochondrion,Q3SXM5__d39d7107fff5fe6a,2,0.6989779209505773,Membrane;Membrane,False
Q08188,Cytoplasm,O43548__c352a992508efb61,2,0.6960029647693429,Membrane;Membrane,False
Q96CG3,Cytoplasm,Q96CG3__4830480ed5a5cf71,2,0.6897315058167377,Nucleus;Nucleus,True
Q13241,Membrane,Q13241__5a167a0609732e75,2,0.6882928161248475,Secreted;Secreted,False
Q9BQ69,Nucleus,Q9BQ69__090cb87ee8a74cb5,2,0.681160376082251,Mitochondrion;Mitochondrion,True
Q96E14,Nucleus,Q96E14__4fdcf8922d12a997,2,0.6806233670853217,Mitochondrion;Mitochondrion,True
Q9H992,Cytoplasm,Q9H992__13ede07b938652cb,2,0.6795774429563491,Nucleus;Nucleus,False
O75363,Cytoplasm,O75363__438ab62c92bda7df,2,0.6790203936688313,Nucleus;Nucleus,False
P30273,Membrane,P30273__ea929f5e5df52078,2,0.6763915395426425,Secreted;Secreted,False
Q6XE24,Cytoplasm,Q6XE24__47b49c4892fd20f0,2,0.6753889773421023,Nucleus;Nucleus,False
Q9H4M3,Nucleus,Q9H4M3__a4baedd67a28a81d,2,0.6706864531321948,Secreted;Secreted,False
P26842,Membrane,P26842__7faacb066fc2b75d,2,0.6701304458819217,Secreted;Secreted,False
Q9Y2I9,Membrane,Q9Y2I9__34486dd14429d088,2,0.6645011948602002,Nucleus;Nucleus,False
P60827,Secreted,P60827__8e232b1e5680f055,2,0.6594305432107139,Mitochondrion;Mitochondrion,False
Q96JS3,Nucleus,Q96JS3__b64f124bac81776b,2,0.6575133308531746,Cytoplasm;Cytoplasm,False
O14654,Membrane,O14654__d2d6aca1f8ca4ced,2,0.6560965401785714,Nucleus;Nucleus,False
P10451,Secreted,P10451__7b95e3678367f3bf,2,0.6494251950306638,Nucleus;Nucleus,False
P0DPB3,Cytoplasm,P0DPB3__6f8b145425aa8901,2,0.648413814917721,Nucleus;Nucleus,False
Q96PC2,Cytoplasm,Q96PC2__1e701f49d8ee0a98,2,0.6467731412842088,Nucleus;Nucleus,False
Q9UBL9,Membrane,Q9UBL9__8d81dcbb879116c8,2,0.6445449190566377,Mitochondrion;Mitochondrion,True
Q9H788,Cytoplasm,Q9H788__522b884b7829c895,2,0.642789968229378,Nucleus;Nucleus,True
Q9BY66,Nucleus,P41229__2e18349d95d39c5d,2,0.6393492683531745,Cytoplasm;Cytoplasm,False
D3DTV9,Nucleus,D3DTV9__70f2af4926e90995,2,0.6371901668947045,Mitochondrion;Mitochondrion,False
P63272,Nucleus,P63272__e5ae1e7a2037908f,2,0.6368199834020147,Secreted;Secreted,False
Q9UEW3,Membrane,Q9UEW3__bcf51406980c5262,2,0.6356336263562826,Nucleus;Nucleus,False
Q9HBE4,Secreted,Q9HBE4__6207e57b8d77aca4,2,0.6338297168644389,Nucleus;Nucleus,False
Q7L7X3,Cytoplasm,Q7L7X3__3d64f6b2108bdd70,2,0.6331473214285714,Nucleus;Nucleus,False
P54826,Membrane,P54826__0ba36c3a46153403,2,0.6319101199491846,Secreted;Secreted,False
Q96GA3,Cytoplasm,Q96GA3__77f6d045203ba0af,2,0.630947730654762,Nucleus;Nucleus,True
Q5T7N3,Cytoplasm,Q5T7N3__0739b6966d803dce,2,0.6202331018583169,Nucleus;Nucleus,False
P98088,Secreted,P98088__4c1e3207815a013e,2,0.6185866647835003,Membrane;Membrane,False
Q9Y3D2,Mitochondrion,Q9Y3D2__6ec5f2922bc88e1b,2,0.6166752920027276,Secreted;Secreted,False
P13637,Membrane,P13637__28886d316e014e26,2,0.6164745898668896,Cytoplasm;Cytoplasm,False
Q6UXH8,Secreted,Q6UXH8__c738c4f6263e3025,2,0.6156605648073372,Nucleus;Nucleus,False
Q8IZP1,Membrane,Q8IZP1__61cc78e7b3950926,2,0.6130262521987166,Nucleus;Nucleus,True
Q13536,Nucleus,Q13536__3a16e5ad805ff7a3,2,0.612000233924062,Secreted;Secreted,True
Q96K76,Cytoplasm,Q96K76__bf37e091c497bfce,2,0.6116024925595238,Nucleus;Nucleus,False
Q5KSL6,Membrane,Q5KSL6__405d91ca6c9ef904,2,0.6104151721710736,Cytoplasm;Nucleus,False
Q9Y2X0,Nucleus,Q9Y2X0__ea815bf7030a3a79,2,0.6005362880486851,Membrane;Membrane,False
Q8IYR6,Membrane,Q8IYR6__c1422774c02bfbfb,2,0.5978740660381285,Secreted;Secreted,False
Q7Z6J8,Cytoplasm,Q7Z6J8__d86f31376041e9bd,2,0.596508824235883,Membrane;Membrane,False
O94804,Membrane,O94804__9283e9c3163756a2,2,0.5952740293560607,Nucleus;Nucleus,False
Q8N5N4,Cytoplasm,Q8N5N4__c32daba1fc56a8b6,2,0.5941015135881629,Nucleus;Nucleus,False
Q9UBG3,Cytoplasm,Q9UBG3__479f1aecb40c2336,2,0.5939232836826001,Nucleus;Nucleus,True
Q969U6,Cytoplasm,Q969U6__186ba4a1e791f110,2,0.5914274292554855,Membrane;Membrane,False
Q9H8Y5,Cytoplasm,Q9H8Y5__05880331e5f61667,2,0.5902173239087303,Nucleus;Nucleus,True
P54284,Cytoplasm,P54284__b07e66ce76fa109a,2,0.5865719133297259,Nucleus;Nucleus,False
Q8IUW5,Membrane,Q8IUW5__b95c6c90b61d7776,2,0.5857667506105007,Nucleus;Nucleus,False
O15235,Mitochondrion,O15235__b41639f3703a7d41,2,0.5843321608946608,Secreted;Secreted,False
Q9H2E6,Membrane,Q9H2E6__73456a93d9c91b01,2,0.5795340401785716,Nucleus;Nucleus,False
P02671,Secreted,P02671__362bf6ebe743cfe8,2,0.5745583626443,Nucleus;Nucleus,False
Q96LB9,Secreted,Q96LB8__524cae95ca152ae1,2,0.5715392355040791,Membrane;Membrane,False
P32322,Mitochondrion,P32322__79ab6363b181f29c,2,0.5692929032772784,Membrane;Membrane,False
O43583,Cytoplasm,O43583__04cd419d229d9fc0,2,0.566485265500606,Nucleus;Nucleus,False
Q16543,Cytoplasm,Q16543__e0a1e3bbc5ec7fb1,2,0.565702595608528,Nucleus;Nucleus,False
Q7Z569,Cytoplasm,Q7Z569__6732e187f06abeec,2,0.5653397817460318,Nucleus;Nucleus,False
Q5VYS8,Cytoplasm,Q5VYS8__c86266cbe482b3e1,2,0.5627047540133479,Nucleus;Nucleus,True
P01023,Secreted,A8K2U0__e302d6ce0e1ee9a5,2,0.5618751691017316,Membrane;Membrane,False
P11150,Secreted,P11150__70ef1ae8ca11b378,2,0.560299658895083,Membrane;Membrane,False
P41229,Nucleus,P41229__2e18349d95d39c5d,2,0.5594618055555556,Cytoplasm;Cytoplasm,False
O43653,Membrane,O43653__252effdba5d5a0e6,2,0.5578199034928881,Secreted;Secreted,False
Q9BQ83,Nucleus,Q9BQ83__9a8b8d185d4bd22e,2,0.5577610197537071,Mitochondrion;Mitochondrion,False
Q9BTE3,Nucleus,Q9BTE3__c3a8e8da61289200,2,0.5572770454729095,Cytoplasm;Membrane,True
Q9H1D9,Nucleus,Q9H1D9__fb08d1daace8f376,2,0.5560453869047619,Cytoplasm;Cytoplasm,False
Q9BQN1,Cytoplasm,Q9BQN1__b8fc88486b12f43f,2,0.5545246247681983,Nucleus;Nucleus,True
Q5K131,Cytoplasm,Q5K131__5d20e72db5256018,2,0.5544318745490622,Membrane;Membrane,True
Q9UPX6,Membrane,Q9UPX6__8523aad1db5821ca,2,0.551815166170635,Nucleus;Nucleus,False
Q9GZP4,Cytoplasm,Q9GZP4__6b46783b9d0999f3,2,0.5515317788193197,Nucleus;Nucleus,False
P51575,Membrane,P51575__47a7ae3585219f3b,2,0.5514606053668554,Mitochondrion;Mitochondrion,True
P61313,Cytoplasm,P61313__d09b86592c128c04,2,0.5486078266351704,Mitochondrion;Mitochondrion,False
Q9BV86,Nucleus,Q9BV86__f54299310ebc450d,2,0.5483812800793437,Cytoplasm;Cytoplasm,True
Q9NPY3,Membrane,Q9NPY3__fac2de51fa92d97a,2,0.5471960133872025,Secreted;Secreted,False
Q9UPQ3,Cytoplasm,Q96P47__730ecd6fed3c96b7,2,0.5465479290674603,Nucleus;Nucleus,True
Q9NRD1,Cytoplasm,Q9H4M3__a4baedd67a28a81d,2,0.5445134091394552,Secreted;Secreted,False
P86397,Mitochondrion,P86397__5a9e1b2c2ca4a19f,2,0.5422635957792209,Membrane;Membrane,False
Q6IB77,Mitochondrion,Q6IB77__28c763fb9ad66207,2,0.5417705377171923,Secreted;Secreted,False
O43525,Membrane,O43525__8af289bc930940c4,2,0.5412702392900356,Nucleus;Nucleus,False
Q5T653,Mitochondrion,Q5T653__bc87ed01f43457fe,2,0.5406830678615946,Secreted;Secreted,False
Q8NEL9,Cytoplasm,Q8NEL9__cb2b4600f53f48a1,2,0.5389630551739927,Nucleus;Nucleus,False
Q15147,Membrane,Q15147__c153ead9ae509100,2,0.535155394701665,Nucleus;Nucleus,False
Q13191,Cytoplasm,Q13191__f3dc4d33671931ee,2,0.5334348080647422,Nucleus;Nucleus,True
P35908,Cytoplasm,P13647__d36394100dfde016,2,0.5317599826388888,Nucleus;Nucleus,False
Q6P4Q7,Membrane,Q6P4Q7__7443acd63c1787cb,2,0.5314685206286768,Mitochondrion;Mitochondrion,False
Q9UGL1,Nucleus,P41229__2e18349d95d39c5d,2,0.531449962797619,Cytoplasm;Cytoplasm,False
Q14D04,Membrane,Q14D04__290755727766d061,2,0.5310939959359774,Cytoplasm;Cytoplasm,False
Q9NNW5,Cytoplasm,Q9NNW5__90cdc247f6dc66e5,2,0.5310485744351092,Membrane;Membrane,True
Q9UHJ3,Nucleus,Q5VUG0__5da9b83525bc40d1,2,0.5299851190476192,Cytoplasm;Cytoplasm,False
P04180,Secreted,P04180__977372402da89ea6,2,0.5292368438852815,Membrane;Membrane,True
Q9H4Q4,Nucleus,Q9H4Q4__61349407c2abe016,2,0.5270369256802714,Membrane;Membrane,False
O00161,Membrane,O00161__13489fea8e3f7bbb,2,0.5265075419372294,Nucleus;Nucleus,False
P58557,Nucleus,P58557__8390de8f74c676ed,2,0.5259223090277778,Mitochondrion;Mitochondrion,False
Q9NVR2,Nucleus,Q9NVR2__98ff513316f894ee,2,0.525716286751443,Cytoplasm;Cytoplasm,False
Q92598,Cytoplasm,Q92598__b7f116dbf7508c69,2,0.5253924731952075,Nucleus;Nucleus,False
P40429,Cytoplasm,P40429__a914452f1bb32aec,2,0.5235224736201298,Mitochondrion;Mitochondrion,False
Q86VQ3,Cytoplasm,Q86VQ3__27717d69ca5ed358,2,0.5223697634830449,Nucleus;Nucleus,True
Q9UNG2,Membrane,Q9UNG2__53c469c225a5f473,2,0.5212292427624459,Secreted;Secreted,False
Q15173,Cytoplasm,Q15173__43867d2f4672d155,2,0.5180699981661986,Mitochondrion;Mitochondrion,False
Q8WUY3,Cytoplasm,Q8WUY3__87e33c55065a2899,2,0.5180090525793651,Nucleus;Nucleus,False
Q15327,Nucleus,Q15327__dea24673aa78e2ac,2,0.5179811507936507,Cytoplasm;Cytoplasm,False
Q9Y2M0,Nucleus,Q9Y2M0__8dff2f4b2c93d988,2,0.516401599702381,Cytoplasm;Cytoplasm,True
P83916,Nucleus,P83916__5cf91f43af5d1678,2,0.5148419180645745,Cytoplasm;Cytoplasm,True
O75676,Nucleus,O75676__a2963df65dc7cefa,2,0.5141524057539684,Cytoplasm;Cytoplasm,False
Q2M3C7,Cytoplasm,Q2M3C7__131159d5d05c7d66,2,0.5091099330357142,Nucleus;Nucleus,True
Q9NPI8,Nucleus,Q9NPI8__0b82b1e9c0971a1c,2,0.5088203463203462,Mitochondrion;Mitochondrion,False
Q9BRJ6,Secreted,Q9BRJ6__8a2a686d99736f16,2,0.5064089941051086,Nucleus;Nucleus,True
Q9BUU2,Nucleus,Q9BUU2__f1a3f7cf0e5a852d,2,0.5060274669686744,Cytoplasm;Cytoplasm,False
Q4VXU2,Cytoplasm,Q13310__dcf99d01c44d827e,2,0.5052758034408938,Nucleus;Nucleus,False
Q9Y5X9,Secreted,P11150__70ef1ae8ca11b378,2,0.5044112219688666,Membrane;Membrane,False
Q9UHQ1,Nucleus,Q9UHQ1__88faf7359c47b5d7,2,0.5042999751984126,Cytoplasm;Cytoplasm,False
Q6ZMR3,Cytoplasm,Q6ZMR3__f514e0ff3450dba1,2,0.5037215075048764,Membrane;Membrane,False
O43182,Cytoplasm,O43182__586b46531b09a913,2,0.5033992266414142,Nucleus;Nucleus,False
P83110,Secreted,P83110__ee7938fcf38aa4bc,2,0.5024841687920337,Mitochondrion;Membrane,True
Q15048,Cytoplasm,Q15048__2effb394691e2311,2,0.5024480294011543,Secreted;Membrane,False
Q9GZU7,Nucleus,Q9GZU7__9c84f2f97b5216c6,2,0.5021447809417225,Cytoplasm;Cytoplasm,True
Q9H6S1,Cytoplasm,Q9H6S1__eb386a1ca1d9bd02,2,0.5009984048069985,Nucleus;Nucleus,False
A2A3N6,Cytoplasm,A2A3N6__437f95c276f56f7c,2,0.4996045464903366,Nucleus;Nucleus,False
Q8N392,Cytoplasm,Q8N392__25ce4f81f61dd3a2,2,0.4990796385565781,Nucleus;Nucleus,False
O96013,Cytoplasm,O96013__261a58d7e60edfc0,2,0.49867776537698405,Nucleus;Nucleus,True
P62829,Cytoplasm,P62829__30128ffd0262c4bc,2,0.49645407760642135,Mitochondrion;Mitochondrion,False
Q8NHR9,Cytoplasm,Q8NHR9__07a8177c6ade48e7,2,0.4963886106212324,Secreted;Secreted,True
Q13310,Cytoplasm,Q13310__dcf99d01c44d827e,2,0.4947289284408939,Nucleus;Nucleus,True
Q3Y452,Cytoplasm,Q3Y452__f8dbb9434f744dac,2,0.49471038561112085,Secreted;Secreted,False
O75326,Membrane,O75326__51e758315b8fc717,2,0.49414841078505856,Mitochondrion;Mitochondrion,True
O43526,Membrane,O43525__8af289bc930940c4,2,0.49391876859896156,Nucleus;Nucleus,False
Q9H1Z4,Nucleus,Q9H1Z4__f59ab840dcdb6107,2,0.49383976483585856,Mitochondrion;Mitochondrion,False
Q9Y3P8,Membrane,Q9Y3P8__dbb309718d4f4db4,2,0.49328356105699855,Secreted;Secreted,False
Q9UKF6,Nucleus,Q9UKF6__0a59d788503e05b0,2,0.4917451803134968,Cytoplasm;Membrane,False
Q6ZVX7,Cytoplasm,Q6ZVX7__d646d0064c8a45d9,2,0.49128499569523254,Nucleus;Nucleus,False
Q8TF46,Cytoplasm,Q8TF46__a60e8ab0d983e76d,2,0.49121868799603174,Mitochondrion;Mitochondrion,False
Q7L3B6,Cytoplasm,Q7L3B6__f21153d61901c525,2,0.49023930713383845,Nucleus;Nucleus,False
Q14152,Cytoplasm,Q14152__797b6fb89ea94e5f,2,0.48991588923229545,Nucleus;Nucleus,False
Q13185,Nucleus,P83916__5cf91f43af5d1678,2,0.48953091179653674,Cytoplasm;Cytoplasm,True
P0DMR3,Cytoplasm,P0DMR3__2cde99d75b11b85e,2,0.48941542940566374,Nucleus;Nucleus,False
Q3YBR2,Nucleus,Q3YBR2__89b90be10d3feea8,2,0.48935983721139975,Mitochondrion;Mitochondrion,False
Q9Y5Y7,Membrane,Q9Y5Y7__595c55357fe40f50,2,0.4879365110777165,Mitochondrion;Mitochondrion,True
P49638,Cytoplasm,P49638__37125289988fe878,2,0.48772819569629544,Mitochondrion;Mitochondrion,False
P13693,Cytoplasm,P13693__9b5443243bb94144,2,0.4876038309585705,Nucleus;Nucleus,False
C9JR72,Cytoplasm,C9JR72__662b07f6b347a61f,2,0.48733977610930745,Membrane;Membrane,False
P00450,Secreted,P00450__6d5f4d2b81edca18,2,0.48493712901986386,Cytoplasm;Nucleus,True
Q96IJ6,Cytoplasm,Q96IJ6__0519dfa64eaa9452,2,0.4844113605520283,Membrane;Membrane,True
L0R819,Cytoplasm,L0R819__f4b69ce365944e09,2,0.4837197307900434,Nucleus;Nucleus,False
Q14953,Membrane,P43626__ee148c74eb46d498,2,0.4834305668290043,Secreted;Secreted,False
Q86XI2,Nucleus,Q86XI2__687d8999bdd3fb4d,2,0.4831566220238095,Cytoplasm;Cytoplasm,False
Q9NQ48,Cytoplasm,Q9NQ48__a455e040ff1f6e12,2,0.4831147693452381,Nucleus;Nucleus,False
Q9H0C8,Cytoplasm,Q9H0C8__9c82a0828a1f762f,2,0.4822597905607777,Nucleus;Nucleus,False
Q9Y291,Mitochondrion,Q9Y291__47aa15fbb41f7ce0,2,0.48169683338492125,Nucleus;Nucleus,False
Q9UI42,Secreted,Q9UI42__08da799bbf699e9a,2,0.4808868156579913,Membrane;Membrane,False
Q6B8I1,Cytoplasm,Q6B8I1__8a955620c69b0413,2,0.4805877824432513,Secreted;Secreted,False
Q9HCS7,Nucleus,Q9HCS7__3fc4262ec9d0b4d6,2,0.4801307436379543,Cytoplasm;Cytoplasm,True
A9QM74,Nucleus,A9QM74__d1485d3f5c1e4a54,2,0.47854790404679376,Cytoplasm;Cytoplasm,False
Q96CW9,Membrane,Q96CW9__da208c5ab31eae8b,2,0.4764894542226795,Secreted;Secreted,False
Q6UXZ3,Membrane,Q6UXZ3__e274dd37208c771b,2,0.4744528149801587,Secreted;Secreted,True
P32969,Cytoplasm,P32969__7a65806f0880dec8,2,0.473974843572911,Mitochondrion;Mitochondrion,False
Q9BW66,Nucleus,Q9BW66__33fdabf6577e0153,2,0.4737320188492063,Cytoplasm;Cytoplasm,True
Q9H8M7,Nucleus,Q9H8M7__ac1c44979511ceb4,2,0.4735803909632035,Cytoplasm;Cytoplasm,False
Q96KS0,Nucleus,Q96KS0__337ff1ca94c9724a,2,0.47174385943917196,Secreted;Secreted,False
Q86YR6,Membrane,Q86YR6__bc4ccce134d4fdb1,2,0.47098786211771504,Nucleus;Nucleus,False
P10997,Secreted,P10997__a76b82f55d65ddfa,2,0.4676726453324157,Membrane;Membrane,False
P01266,Secreted,P01266__2af88bd53041f189,2,0.4660481770833334,Membrane;Membrane,True
Q8N699,Nucleus,Q8N699__64c244fc6486f6d6,2,0.46604531536172156,Secreted;Secreted,True
Q8N7R7,Membrane,Q8N7R7__569712f2d9183095,2,0.46518942212301584,Cytoplasm;Cytoplasm,False
Q9Y5P6,Cytoplasm,Q96IJ6__0519dfa64eaa9452,2,0.4642989514156668,Membrane;Membrane,False
O60609,Membrane,O60609__e39d40e7f64b1485,2,0.46379109172077915,Secreted;Secreted,False
Q8WU08,Membrane,Q8WU08__583697c38823cc92,2,0.4630681818181819,Nucleus;Cytoplasm,False
O75828,Cytoplasm,O75828__2764a837703abb2f,2,0.46252575065315266,Mitochondrion;Mitochondrion,False
Q8N8R7,Cytoplasm,Q8N8R7__25dce8b7e4935f22,2,0.4620692133387446,Secreted;Secreted,False
Q8IZH2,Cytoplasm,Q8IZH2__d20326117dcc851a,2,0.46061056998557,Nucleus;Nucleus,True
Q13156,Nucleus,Q13156__443375626bc2671b,2,0.45956566220238093,Cytoplasm;Cytoplasm,True
Q969J5,Secreted,Q969J5__32941c68f8149bc9,2,0.45951977773463176,Nucleus;Membrane,False
Q8IUH2,Secreted,Q8IUH2__35926dfd4de99257,2,0.4588817866161615,Mitochondrion;Mitochondrion,False
Q96KK3,Membrane,P17658__eda1448fb4187cfe,2,0.4573877728174603,Cytoplasm;Cytoplasm,True
P35573,Cytoplasm,P35573__21919ba4357d4650,2,0.4570556721923909,Membrane;Membrane,True
P08729,Cytoplasm,P08729__3fb2c079d50065a6,2,0.45645926339285714,Nucleus;Nucleus,False
P23025,Nucleus,P23025__1c30005406d38112,2,0.45493899146052497,Mitochondrion;Mitochondrion,False
P52435,Nucleus,P52435__7186201b62e96b64,2,0.45486194577991457,Cytoplasm;Cytoplasm,False
P13647,Cytoplasm,P13647__d36394100dfde016,2,0.4543046254960318,Nucleus;Nucleus,False
Q9BTF0,Nucleus,Q9BTF0__a8ba08dce1c6e831,2,0.45406503690786376,Cytoplasm;Cytoplasm,False
Q9Y4A5,Nucleus,Q9Y4A5__9f4b98ccded6c4a7,2,0.4539773461116396,Cytoplasm;Membrane,False
Q9P0J1,Mitochondrion,Q9P0J1__46a9ad82147836d7,2,0.4538143730705001,Cytoplasm;Cytoplasm,False
P21757,Membrane,P21757__741fb60beb7caacc,2,0.45357607886904766,Cytoplasm;Cytoplasm,False
P62888,Cytoplasm,P62888__73ede4df4cd38c13,2,0.45192639391858136,Secreted;Secreted,False
Q9Y4C4,Cytoplasm,Q9Y4C4__4252866ebdd70b62,2,0.45065954125370233,Mitochondrion;Mitochondrion,False
Q5H943,Membrane,Q5H943__3ee1f6279c767c18,2,0.4499261589105339,Secreted;Secreted,False
Q96LA8,Nucleus,Q96LA8__94749bfca734a91a,2,0.44982328869047605,Cytoplasm;Cytoplasm,False
O75643,Nucleus,O75643__5385e2c408dee1ef,2,0.44941138505591627,Cytoplasm;Cytoplasm,False
Q14954,Membrane,P43626__ee148c74eb46d498,2,0.448899668040293,Secreted;Secreted,False
Q8NEG4,Membrane,Q8NEG4__81d9ad1f1ccf1365,2,0.4488685684974749,Nucleus;Nucleus,False
P31321,Membrane,P10644__9e2103c22e85013c,2,0.4485537574404762,Cytoplasm;Cytoplasm,False
Q9UGK3,Cytoplasm,Q9UGK3__0bb872b412529eff,2,0.4485348526341997,Nucleus;Nucleus,False
P42574,Cytoplasm,P42574__81962b47787bfaba,2,0.4482018849206349,Nucleus;Nucleus,False
P24864,Nucleus,O96020__06a577daa4cba0a3,2,0.44710286458333326,Cytoplasm;Cytoplasm,False
P63092,Membrane,A8MTJ3__69d69c3bddc7e9c1,2,0.4469928075396825,Cytoplasm;Nucleus,True
Q8N165,Nucleus,Q8N165__e87a7144d65c2b24,2,0.4462162078373016,Cytoplasm;Cytoplasm,False
O15514,Nucleus,O15514__b93a8364e2c5dd30,2,0.44606162067099564,Cytoplasm;Cytoplasm,False
Q12933,Cytoplasm,Q12933__c7292916fa6aa68b,2,0.4452280900523088,Secreted;Secreted,False
P02724,Membrane,P02724__a38ca934dffb4f58,2,0.4444826729059045,Nucleus;Nucleus,True
Q53H96,Cytoplasm,P32322__79ab6363b181f29c,2,0.44361001411782663,Membrane;Membrane,False
Q9BQP7,Mitochondrion,Q9BQP7__8ad1a914e3a6eb2a,2,0.4434041164998196,Cytoplasm;Cytoplasm,False
Q5VUG0,Nucleus,Q5VUG0__5da9b83525bc40d1,2,0.44140935019841265,Cytoplasm;Cytoplasm,False
Q02543,Cytoplasm,Q02543__fa89343d8267f41b,2,0.4408765388257575,Mitochondrion;Mitochondrion,False
Q8TE67,Cytoplasm,Q8TE67__22e70882407d6762,2,0.4403910759379509,Nucleus;Nucleus,False
Q9HBL7,Membrane,Q9HBL7__2b6b548714e39d77,2,0.44034610932992424,Cytoplasm;Nucleus,True
Q96A72,Nucleus,Q96A72__32d4fce015474411,2,0.4399305555555555,Cytoplasm;Cytoplasm,False
P04196,Secreted,P04196__b7d948bfc73b642e,2,0.4392110710470086,Nucleus;Nucleus,False
Q96L08,Membrane,Q96L08__e19d141c0ec24c88,2,0.4386953649648962,Mitochondrion;Mitochondrion,True
Q5JY77,Cytoplasm,Q5JY77__52667e062c83e750,2,0.4380972256001108,Nucleus;Membrane,False
Q9Y2E5,Secreted,Q9Y2E5__f3f5f49fa4a5255c,2,0.43639322916666656,Membrane;Membrane,False
B2RNN3,Secreted,B2RNN3__97a6998765fde318,2,0.43609716021825395,Nucleus;Nucleus,True
Q8WX92,Nucleus,Q8WX92__a96153b3c472d3f2,2,0.4360928676358363,Cytoplasm;Cytoplasm,False
P26951,Membrane,P26951__242c33a169bf9930,2,0.43463739351751124,Secreted;Secreted,False
Q9NYJ1,Mitochondrion,Q9NYJ1__cc57e53103c8c3f7,2,0.4342091393849207,Nucleus;Nucleus,False
Q8TBK2,Nucleus,Q8TBK2__94942cd343d798ad,2,0.4339115636967199,Cytoplasm;Cytoplasm,False
Q69YI7,Nucleus,Q69YI7__959eaad410fb21ba,2,0.4332249226451733,Cytoplasm;Cytoplasm,False
Q8N8W4,Cytoplasm,Q8N8W4__62abe066c649b619,2,0.43318677849927856,Nucleus;Nucleus,False
Q6GPH6,Membrane,Q6GPH6__c783fd9deb5ffeeb,2,0.43313903435973744,Cytoplasm;Cytoplasm,False
P06307,Secreted,P06307__f984341b39601606,2,0.4325496692886689,Mitochondrion;Nucleus,False
Q15029,Nucleus,Q15029__2ab71d6a1c9e19d9,2,0.43195853625541125,Cytoplasm;Cytoplasm,False
Q9BQ87,Nucleus,Q9BQ87__9d08a5812ce326f7,2,0.43143080697855873,Membrane;Cytoplasm,False
Q9C0D3,Cytoplasm,Q9C0D3__9f58d4ffe54002f3,2,0.4296053447420636,Membrane;Membrane,False
Q13790,Secreted,Q13790__061450fadb31e46c,2,0.42872333829365084,Membrane;Membrane,False
Q30201,Membrane,Q30201__bfda3e8888808838,2,0.428424310064935,Secreted;Secreted,False
O75629,Secreted,O75629__9260fc3cf309747a,2,0.4273690730413592,Mitochondrion;Mitochondrion,False
Q13285,Nucleus,Q13285__22862e50ee7a8ac6,2,0.4261153559981685,Cytoplasm;Cytoplasm,False
Q9BYK8,Cytoplasm,Q9BYK8__b85ba91739e1a383,2,0.42563784956363077,Mitochondrion;Mitochondrion,False
Q96P47,Cytoplasm,Q96P47__730ecd6fed3c96b7,2,0.4253206320589133,Nucleus;Nucleus,True
A8MQ27,Cytoplasm,A8MQ27__8bbbb80f970bdd93,2,0.42500008671883666,Mitochondrion;Mitochondrion,False
Q13158,Cytoplasm,Q13158__dfe42fa21201563f,2,0.4248985080974454,Secreted;Secreted,False
Q68CK6,Mitochondrion,Q68CK6__c0d92f3bb9f559c1,2,0.42478490093954235,Membrane;Membrane,False
Q9BTP7,Nucleus,Q9BTP7__1a8c0e84406d0caf,2,0.42471449990981247,Cytoplasm;Cytoplasm,False
Q92989,Nucleus,Q92989__13359972a03c49d0,2,0.4245303199404762,Cytoplasm;Cytoplasm,False
Q9BSF0,Membrane,Q9BSF0__a348d2de4e595ce9,2,0.42430569647366523,Nucleus;Nucleus,True
P35318,Secreted,P35318__56b3521e74feff9a,2,0.42312720616768684,Nucleus;Nucleus,False
P30876,Nucleus,P30876__c48f3d647590c9c6,2,0.42156187996031746,Cytoplasm;Cytoplasm,False
O14931,Membrane,O14931__87b207aee242396f,2,0.4214235733188513,Secreted;Secreted,False
Q8N183,Mitochondrion,Q8N183__11c727dec3b99dd0,2,0.4203064405212843,Nucleus;Nucleus,False
P33764,Cytoplasm,P33764__5b3f212a4523c4ec,2,0.4186774813727939,Secreted;Secreted,False
Q0VAA5,Nucleus,Q0VAA5__cb4d0563bfde4d28,2,0.4179952426046176,Mitochondrion;Mitochondrion,False
P14136,Cytoplasm,P14136__4e5ae3c3a064a42e,2,0.41797509131493515,Nucleus;Nucleus,True
Q9NUD5,Cytoplasm,Q9NUD5__8124c27df3a80cb5,2,0.4177015692640693,Nucleus;Nucleus,False
Q15843,Nucleus,Q15843__1048fa6680328ac4,2,0.41741361936674437,Cytoplasm;Cytoplasm,True
O60895,Membrane,O60895__60f885dae3248015,2,0.4171253551136364,Secreted;Secreted,False
Q9BXL8,Nucleus,Q9BXL8__979da27ba05da517,2,0.4170421700695138,Cytoplasm;Cytoplasm,False
P19835,Secreted,P19835__25b1dff52f51dbb2,2,0.4169118641774891,Membrane;Membrane,False
O95932,Cytoplasm,O43548__c352a992508efb61,2,0.41606530321510893,Mitochondrion;Membrane,False
Q8N1F8,Cytoplasm,Q8N1F8__581f95c5e885f736,2,0.4159779998647186,Membrane;Membrane,True
P27469,Mitochondrion,P27469__c4b27ec2ead6efbc,2,0.41512988836633147,Secreted;Secreted,False
Q9GZY6,Membrane,Q9GZY6__49dfa6f8a3e9e14b,2,0.4144326604735794,Nucleus;Nucleus,True
P42695,Nucleus,P42695__b23ebd84353f8046,2,0.4144081721230158,Cytoplasm;Cytoplasm,False
Q0VD83,Membrane,Q0VD83__7512f52a3840cf4b,2,0.4141600877064568,Nucleus;Cytoplasm,True
P61927,Cytoplasm,P61927__4c3fcaec6e47af78,2,0.41332407826548456,Nucleus;Nucleus,False
P49005,Nucleus,P49005__bf61fb61c92fa42d,2,0.4132161458333333,Cytoplasm;Mitochondrion,True
Q16576,Nucleus,Q16576__7754e9cd54f21012,2,0.4129147219967533,Cytoplasm;Cytoplasm,False
P21246,Secreted,P21246__7200edb0047d9705,2,0.4127247659063492,Nucleus;Nucleus,False
Q9NZD2,Cytoplasm,Q9NZD2__7ade6ae29c3be56c,2,0.4119301123867548,Secreted;Secreted,False
P32970,Membrane,P32970__8b8ce93f248bec62,2,0.4110693993506493,Secreted;Secreted,False
Q86WQ0,Nucleus,Q86WQ0__73d87ed821e8e386,2,0.4104571844757485,Cytoplasm;Cytoplasm,False
P28340,Nucleus,P28340__5a6a46e27a550fe7,2,0.40991729624542117,Cytoplasm;Cytoplasm,True
Q93034,Nucleus,Q93034__8895f982b2239887,2,0.4096604495372401,Cytoplasm;Cytoplasm,True
Q7Z5Q5,Nucleus,Q7Z5Q5__b7628c21eae270b0,2,0.4094277033730158,Cytoplasm;Cytoplasm,False
Q8N1E6,Cytoplasm,Q8N1E6__13950f2cf7969683,2,0.4088365519029581,Membrane;Membrane,False
Q15762,Membrane,Q15762__91ea612f8d44c426,2,0.40864368921009536,Secreted;Secreted,True
P10644,Membrane,P10644__9e2103c22e85013c,2,0.4074993799603175,Cytoplasm;Cytoplasm,False
Q92954,Secreted,Q92954__a767a82e7ab1f42b,2,0.4072684151785714,Nucleus;Nucleus,False
Q13705,Membrane,O00238__ce1def7aae1584f1,2,0.4071428571428572,Cytoplasm;Cytoplasm,False
Q96NN9,Mitochondrion,Q96NN9__811dd8e56a71a816,2,0.4071193671779609,Cytoplasm;Cytoplasm,True
O43548,Cytoplasm,O43548__c352a992508efb61,2,0.4071115150292544,Mitochondrion;Membrane,True
Q05048,Nucleus,Q05048__41a1a69c5826aa17,2,0.40704703282828275,Secreted;Secreted,False
A8MUP2,Mitochondrion,A8MUP2__d1a2b9b28414f694,2,0.4068309349071067,Membrane;Membrane,False
Q9BWJ5,Nucleus,Q9BWJ5__47ffa56716d1412a,2,0.40383039294821943,Cytoplasm;Secreted,False
P17658,Membrane,P17658__eda1448fb4187cfe,2,0.403281700937951,Cytoplasm;Cytoplasm,False
Q8NEV9,Secreted,Q8NEV9__3246b16cd858d1e3,2,0.40249181693143365,Mitochondrion;Cytoplasm,True
P04053,Nucleus,P04053__8e23a70b73243601,2,0.4022460937500001,Mitochondrion;Cytoplasm,False
P80108,Secreted,P80108__dec71ab33eb3c59f,2,0.4018591326208514,Membrane;Mitochondrion,True
Q9Y3Q4,Membrane,Q9Y3Q4__9c3188b073b9e98d,2,0.4017529670849984,Nucleus;Nucleus,False
Q9HCN2,Mitochondrion,Q9HCN2__2219a62485fc0c88,2,0.40063266235108314,Nucleus;Nucleus,False
Q9Y5R4,Mitochondrion,Q9Y5R4__0007113a4f2cc16f,2,0.39884153357550584,Secreted;Membrane,False
P26715,Membrane,P26715__314831cbc6e4498d,2,0.39874727509907515,Nucleus;Nucleus,False
Q8HWS3,Nucleus,Q8HWS3__e8dab115c34640c7,2,0.3972237723214286,Secreted;Membrane,False
Q7Z7K0,Mitochondrion,Q7Z7K0__c6d74afd291f0b6e,2,0.3965076698475135,Nucleus;Nucleus,True
P05155,Secreted,P05155__c91d27d3352cd861,2,0.394694292252886,Membrane;Membrane,False
Q9NR22,Membrane,Q9NR22__0eed4069e9742f23,2,0.3945984044295791,Cytoplasm;Nucleus,False
P62841,Cytoplasm,P62841__d1eb8ca9961aeeac,2,0.39258902380187155,Mitochondrion;Mitochondrion,False
P05160,Secreted,P05160__dfdf0f2b8afd27e2,2,0.3920282135316734,Nucleus;Nucleus,False
P62487,Nucleus,P62487__b34ccf4be38dfe0e,2,0.3910884254634255,Membrane;Membrane,False
Q96KN2,Secreted,Q96KN2__aba23f105472539e,2,0.3910301720848596,Cytoplasm;Cytoplasm,False
O75762,Membrane,O75762__a93ba2d243a68358,2,0.38963505027958156,Cytoplasm;Cytoplasm,False
Q8N983,Mitochondrion,Q8N983__fedbfb38b75c36ab,2,0.3866912007225555,Cytoplasm;Nucleus,False
Q9UDW3,Nucleus,Q9UDW3__27502a8673a1aecc,2,0.3864854221299534,Mitochondrion;Cytoplasm,False
Q8N9W6,Cytoplasm,Q8N9W6__a74c98440a4762c4,2,0.38619326636904755,Membrane;Nucleus,False
Q49AH0,Secreted,Q49AH0__113bbcf1996773d1,2,0.3855085452741702,Cytoplasm;Cytoplasm,False
Q14680,Membrane,Q14680__aad72692f5e6e292,2,0.3849880642361112,Nucleus;Nucleus,False
P05060,Secreted,P05060__56dced04f2fb041f,2,0.3849306401064213,Nucleus;Nucleus,True
P09471,Membrane,A8MTJ3__69d69c3bddc7e9c1,2,0.38340528828810094,Cytoplasm;Cytoplasm,True
Q9Y210,Membrane,P48995__0b3c67de268a6557,2,0.3832914806547618,Cytoplasm;Cytoplasm,False
P0DPK4,Secreted,P0DPK3__e4ebf6e260dae1c7,2,0.3827692381403318,Nucleus;Nucleus,False
O96020,Nucleus,O96020__06a577daa4cba0a3,2,0.3805279356060606,Mitochondrion;Mitochondrion,False
Q8NBC4,Cytoplasm,Q8NBC4__deb234d0f50478c2,2,0.3791701896194084,Secreted;Mitochondrion,False
Q15393,Nucleus,Q15393__212bb58911e1cdef,2,0.37913087346681096,Membrane;Membrane,False
P01270,Secreted,P01270__deceb06a7ae3d8be,2,0.3785936936327562,Cytoplasm;Cytoplasm,False
P51668,Cytoplasm,P51668__fcf427cbe5ff0485,2,0.3777517639551111,Membrane;Nucleus,False
P42658,Membrane,P42658__ff334f5d70cd4390,2,0.3776670645366971,Cytoplasm;Nucleus,False
Q9UEE5,Nucleus,Q9UEE5__50a1e4437af3eac9,2,0.3765410370879121,Mitochondrion;Cytoplasm,False
P83876,Nucleus,P83876__281ef8f8dbce779f,2,0.37642895299145307,Cytoplasm;Cytoplasm,False
P35900,Cytoplasm,P14136__4e5ae3c3a064a42e,2,0.37609747023809526,Nucleus;Nucleus,False
Q15291,Nucleus,Q15291__3d9ebba1b618d6db,2,0.37563554067460314,Cytoplasm;Cytoplasm,False
Q9NPH0,Mitochondrion,Q9NPH0__014204e9b8ed7d62,2,0.3752371651785713,Secreted;Membrane,False
Q76LX8,Secreted,Q76LX8__20d8937a8f2450b6,2,0.37331522644022647,Membrane;Membrane,True
Q8TCE9,Nucleus,Q8TCE9__adf8d4d5461a308c,2,0.3725549298791485,Membrane;Membrane,False
Q16515,Membrane,Q16515__739a35637921104e,2,0.37244621910071446,Cytoplasm;Nucleus,True
Q92956,Membrane,Q92956__eb434d71e396774b,2,0.37225877421189923,Secreted;Secreted,False
O75461,Nucleus,O75461__7ff3e1fd2e49f873,2,0.37183342915764794,Cytoplasm;Cytoplasm,False
Q8WXE1,Nucleus,Q8WXE1__650351c2cd5cf77e,2,0.3717570515422078,Cytoplasm;Cytoplasm,True
Q8N335,Cytoplasm,P21695__f2064963afa2628e,2,0.37168006281357185,Membrane;Membrane,True
Q96DB2,Nucleus,Q96DB2__65581bd1ddc53f13,2,0.37147676542207786,Cytoplasm;Cytoplasm,False
Q8NHU6,Cytoplasm,Q8NHU6__f935623e082f1e70,2,0.37114997632575764,Membrane;Membrane,True
Q14129,Nucleus,Q14129__fd48aa1f72b2710e,2,0.370514576569264,Cytoplasm;Cytoplasm,True
O95777,Nucleus,O95777__7da3a9cc9349e850,2,0.36864664198648567,Membrane;Membrane,False
P24001,Secreted,P24001__85d48af7855e2460,2,0.3680717611381674,Cytoplasm;Cytoplasm,False
Q9GZP0,Secreted,Q9GZP0__3da6686436593306,2,0.3672338078588079,Nucleus;Nucleus,True
P35244,Nucleus,P35244__a166f6f57d82530e,2,0.3655045556088671,Cytoplasm;Cytoplasm,False
Q6P1M3,Cytoplasm,Q6P1M3__c3922a208f078429,2,0.3653001403977966,Mitochondrion;Mitochondrion,True
Q96RU7,Nucleus,Q96RU7__8bdc14a6b150af25,2,0.3643527913059163,Mitochondrion;Mitochondrion,False
Q9BRJ7,Nucleus,Q9BRJ7__79e1b323bf894c47,2,0.3637594393453769,Membrane;Mitochondrion,False
Q9H8S5,Nucleus,Q9H8S5__b6dff0638e9913f5,2,0.3634675437409813,Membrane;Membrane,False
P53602,Cytoplasm,P53602__0e1a261b305236cb,2,0.36346058455433455,Membrane;Membrane,False
P20062,Secreted,P20062__c099727d28087bde,2,0.3632904963959651,Cytoplasm;Cytoplasm,False
Q8TAS1,Nucleus,Q8TAS1__8089b8fa12a31fa1,2,0.36301958551075375,Mitochondrion;Cytoplasm,False
P05423,Nucleus,P05423__221b4e3c8c8b5fee,2,0.36259300595238086,Mitochondrion;Mitochondrion,False
Q96HY7,Mitochondrion,Q96HY7__7b4d6f55b9377116,2,0.3622582278832278,Cytoplasm;Cytoplasm,False
Q96DX5,Mitochondrion,Q96DX5__ee08ee5b7b6cd3f8,2,0.3622528838349151,Cytoplasm;Cytoplasm,False
Q6KF10,Secreted,Q6KF10__73f870c569d62821,2,0.36135724084942833,Nucleus;Nucleus,False
Q96M94,Nucleus,Q96M94__442f5fc40b899ac0,2,0.36008166986090817,Membrane;Membrane,False
Q9BY27,Nucleus,Q14129__fd48aa1f72b2710e,2,0.35959257756132756,Cytoplasm;Cytoplasm,True
O43325,Nucleus,O43325__0fb0c2db89b2d16d,2,0.35946032432130776,Mitochondrion;Mitochondrion,False
Q6P1X5,Nucleus,Q6P1X5__69ae25adb4d26730,2,0.35911768353174595,Membrane;Membrane,False
Q9HBJ8,Membrane,Q9HBJ8__99389025de2efb3f,2,0.35873354076479075,Secreted;Secreted,True
Q9H5X1,Cytoplasm,Q9H5X1__41aaf4b857166b95,2,0.3584410652281746,Mitochondrion;Mitochondrion,False
Q0VG06,Nucleus,Q0VG06__6776735c2d7ea2eb,2,0.3580102081078643,Membrane;Cytoplasm,False
O00255,Nucleus,O00255__7810003b5817178c,2,0.35791945684523807,Cytoplasm;Membrane,True
Q9H400,Membrane,Q9H400__3f6d302c860952f5,2,0.35783552385114886,Secreted;Secreted,True
Q86TW2,Mitochondrion,Q86TW2__07bcaa90ff5dd47e,2,0.3572405133928571,Membrane;Membrane,False
Q16769,Secreted,Q16769__422f5a848c7a8657,2,0.3546561770825732,Mitochondrion;Mitochondrion,False
Q9UKY0,Membrane,Q9UKY0__dd7bbce295edbc80,2,0.3543832578012266,Mitochondrion;Secreted,False
O95180,Membrane,O95180__a64a69646209bd70,2,0.35395227602258855,Cytoplasm;Cytoplasm,True
Q13507,Membrane,P48995__0b3c67de268a6557,2,0.35373418898809517,Cytoplasm;Cytoplasm,False
Q13115,Nucleus,Q13115__865d65f56fd4b795,2,0.3532287157287157,Membrane;Membrane,False
Q8WVY7,Nucleus,Q8WVY7__8de8547bfeb2f4fe,2,0.35292753733679383,Cytoplasm;Secreted,True
Q99638,Nucleus,Q99638__2051787eaed18c36,2,0.35210118657384276,Cytoplasm;Secreted,False
Q92698,Nucleus,Q92698__076621fb418cdba7,2,0.35129385588369966,Cytoplasm;Cytoplasm,False
Q7Z2X4,Cytoplasm,Q7Z2X4__cf5043bc881bd42b,2,0.3507386927308802,Secreted;Secreted,False
O00238,Membrane,O00238__ce1def7aae1584f1,2,0.35069289434523815,Cytoplasm;Cytoplasm,False
Q9ULT6,Membrane,Q9ULT6__dddba04cf3f01910,2,0.3493104876893939,Secreted;Secreted,False
Q6UXB8,Secreted,Q6UXB8__31e4e2960ffccd32,2,0.3490678267045454,Membrane;Membrane,False
P02753,Secreted,P02753__8400030088daa962,2,0.3476292479222166,Mitochondrion;Cytoplasm,False
Q7Z6M4,Mitochondrion,Q7Z6M4__b7407fcfcc95b0e6,2,0.34762467350357973,Nucleus;Nucleus,False
Q7L3V2,Mitochondrion,Q7L3V2__c764aa32c46a1ccf,2,0.34752463248556986,Nucleus;Nucleus,False
Q9Y4Z0,Nucleus,Q9Y4Z0__8939b0ee6c2f17af,2,0.3473326028674144,Mitochondrion;Mitochondrion,False
P09693,Membrane,P09693__7a2ce8dd0310ad50,2,0.3473027406621157,Secreted;Secreted,False
Q2L4Q9,Secreted,Q2L4Q9__1f9d424a9c45b643,2,0.34633331078643576,Membrane;Membrane,False
Q8IWV1,Membrane,Q8IWV1__4275d83ccd347db9,2,0.34624802566311597,Nucleus;Nucleus,False
Q9BUI4,Nucleus,Q9BUI4__8602d83feb45a3da,2,0.3455729166666667,Cytoplasm;Cytoplasm,False
P12004,Nucleus,P12004__9dec884956b52202,2,0.345450458829365,Cytoplasm;Cytoplasm,True
Q9NTJ4,Cytoplasm,Q9NTJ4__9b2d3d5d3b7da133,2,0.34470998836233213,Membrane;Membrane,False
Q6UX52,Secreted,Q6UX52__8a8ead5c7df718be,2,0.3432333942099567,Membrane;Cytoplasm,False
Q9H5Z6,Nucleus,Q9H5Z6__1e8e80d11641b8c2,2,0.3431947826479076,Membrane;Secreted,False
P51959,Nucleus,P51959__7aebbed46755e8da,2,0.3430871212121212,Secreted;Cytoplasm,True
P0CG13,Nucleus,P0CG13__e3744eb30ac4f859,2,0.3423630259395425,Secreted;Secreted,True
O96019,Nucleus,O96019__a6dbc50f8caac2c8,2,0.34140780009920635,Membrane;Cytoplasm,False
Q9Y3E2,Mitochondrion,Q9Y3E2__8b7101fe820b909a,2,0.34044386877342786,Secreted;Membrane,False
O00221,Cytoplasm,O00221__8a574d1cc16d54b5,2,0.33912676949786325,Mitochondrion;Mitochondrion,False
Q9NQR4,Cytoplasm,Q9NQR4__693ea6e2e77a9130,2,0.3383280348124097,Membrane;Membrane,False
P52952,Nucleus,P52952__5c12a1476330e3c0,2,0.33812708558802307,Secreted;Secreted,False
Q9H4E5,Membrane,Q9H4E5__de729efa2d9969dd,2,0.3380363343253968,Cytoplasm;Cytoplasm,True
Q86WI3,Cytoplasm,Q86WI3__1d4702dd18bebe3b,2,0.3379490518162393,Membrane;Membrane,False
Q9H4B0,Mitochondrion,Q9H4B0__dc7fb59d0b761342,2,0.3373926204004329,Membrane;Cytoplasm,False
A6NK58,Mitochondrion,A6NK58__bb7f0c494425db78,2,0.3368022277201965,Membrane;Secreted,False
Q86V86,Cytoplasm,Q86V86__35bb7bd3d3011d89,2,0.3353874966179653,Membrane;Secreted,False
Q9Y333,Nucleus,Q9Y333__37f7c8aca7aa33ee,2,0.334820680621462,Secreted;Secreted,False
P22748,Membrane,P22748__62f5e1881b0efc28,2,0.33333993460074807,Cytoplasm;Cytoplasm,False
Q9ULV5,Nucleus,Q9ULV5__3ad3f5d5a84bbb10,2,0.33241257440476185,Cytoplasm;Cytoplasm,False
P78536,Membrane,P78536__df665a32b583fcff,2,0.3316860873501497,Secreted;Nucleus,False
Q8N4T4,Membrane,Q8N4T4__f5d01eb5df1de038,2,0.3314949156746031,Mitochondrion;Cytoplasm,False
Q76N89,Cytoplasm,Q76N89__635fba771e0ef3b9,2,0.3314800217143967,Nucleus;Mitochondrion,False
P30530,Membrane,P30530__0e1b606ba4a2733b,2,0.3302869222791097,Mitochondrion;Cytoplasm,False
Q8NFP4,Membrane,Q8NFP4__1bc7051f96c241c5,2,0.3292434399367993,Nucleus;Nucleus,True
O43561,Membrane,O43561__34528ec9a21ae10b,2,0.3289137620192307,Secreted;Cytoplasm,True
Q7RTR2,Cytoplasm,Q7RTR2__09ec150847376204,2,0.32884692358468426,Membrane;Membrane,False
P02774,Secreted,P02774__a77e64adbe95ab4d,2,0.32634083581349205,Cytoplasm;Cytoplasm,False
Q8NC24,Membrane,Q8NC24__e267f3d07488f16e,2,0.3261604606331169,Nucleus;Secreted,False
Q12809,Membrane,Q12809__287332153da38b59,2,0.3257736404220779,Cytoplasm;Cytoplasm,False
Q969L4,Nucleus,Q969L4__80f05fc35d0a418a,2,0.3247043538059163,Cytoplasm;Mitochondrion,False
Q9HCE9,Membrane,Q9HCE9__18545f7c50cad011,2,0.32456766323953823,Cytoplasm;Cytoplasm,True
Q8IYJ3,Membrane,Q8IYJ3__ba4e1cf80bce4ff0,2,0.3240642820720946,Cytoplasm;Nucleus,True
Q9Y6G3,Mitochondrion,Q9Y6G3__e935ff4a9c5611a6,2,0.32309360298701445,Nucleus;Secreted,False
O60671,Nucleus,O60671__6d4eaca48a8fdcc4,2,0.32212945474664223,Cytoplasm;Membrane,False
O75170,Cytoplasm,O75170__2a228c8e7200e493,2,0.32160218253968254,Nucleus;Membrane,False
P00540,Cytoplasm,P00540__8d82492dd06934c3,2,0.3213287580475081,Mitochondrion;Secreted,False
P46063,Nucleus,P46063__14ff940f940d4c29,2,0.3211401120580808,Membrane;Cytoplasm,False
Q5TGI4,Cytoplasm,Q5TGI4__f39a81e32e044370,2,0.3205636160714286,Nucleus;Secreted,False
P05231,Secreted,P05231__ce9be1b6049442db,2,0.3199311755952381,Cytoplasm;Cytoplasm,False
Q6ZRF8,Cytoplasm,Q6ZRF8__27da03edad1bfb74,2,0.31965525793650795,Nucleus;Nucleus,True
P49917,Nucleus,P49917__9bf9496809413419,2,0.3191809275793651,Mitochondrion;Cytoplasm,False
Q13889,Nucleus,Q13889__d9f03a028282161c,2,0.3188277867965367,Membrane;Membrane,False
Q9HD40,Cytoplasm,Q9HD40__4dbcac31dd52fe4f,2,0.3178307911706349,Mitochondrion;Mitochondrion,False
Q71SY5,Nucleus,Q71SY5__6be46c80ad30e14b,2,0.3175830571338384,Membrane;Cytoplasm,False
Q9HB96,Nucleus,Q9HB96__c280cf7895b9da57,2,0.31749441964285713,Membrane;Cytoplasm,False
Q9Y6J9,Nucleus,Q9Y6J9__8e470b48a9f9cc96,2,0.31734871031746037,Cytoplasm;Cytoplasm,False
Q8NEX9,Cytoplasm,Q8NEX9__778f19f03c72a93d,2,0.315725615530303,Membrane;Secreted,True
Q9NUJ7,Cytoplasm,Q0VAA5__cb4d0563bfde4d28,2,0.31484041132478635,Membrane;Membrane,False
Q9NRP2,Mitochondrion,Q9NRP2__cf82f081e958f3b0,2,0.31472162819819083,Secreted;Nucleus,False
Q9Y535,Nucleus,Q9Y535__2238aede09bf48a6,2,0.3144828587211399,Cytoplasm;Cytoplasm,False
Q13404,Nucleus,Q13404__cf674d367854d647,2,0.31308653369200246,Cytoplasm;Cytoplasm,True
Q9H0A9,Cytoplasm,Q9H0A9__2b83ec097322852e,2,0.30994746356074476,Secreted;Secreted,False
Q9NX01,Nucleus,P83876__281ef8f8dbce779f,2,0.30933455650252517,Secreted;Cytoplasm,False
P08473,Membrane,P08473__1a916537b7b55589,2,0.30918077148545897,Secreted;Cytoplasm,False
Q96L50,Nucleus,Q96L50__fb29de6475c62029,2,0.3083632795631359,Secreted;Cytoplasm,False
P57723,Cytoplasm,P57723__d351538c74d855b7,2,0.30729348776223775,Membrane;Membrane,False
Q9UH17,Nucleus,Q9UH17__8ab445022825f739,2,0.3072742361804862,Cytoplasm;Cytoplasm,False
P68400,Nucleus,P68400__f76d4444f84e1144,2,0.30552610367063493,Cytoplasm;Cytoplasm,False
Q92564,Nucleus,Q92564__07f40a8b41ff608a,2,0.30388408249736376,Secreted;Secreted,False
Q9NP95,Secreted,Q9NP95__3e412ef1aa99e210,2,0.30139889407467524,Mitochondrion;Mitochondrion,False
Q9Y3C6,Nucleus,Q9Y3C6__a17b0a5086d174ff,2,0.2983181423611112,Cytoplasm;Cytoplasm,False
Q9BSH3,Nucleus,Q9BSH3__7c82846ba8c24845,2,0.2983057415674603,Membrane;Membrane,False
P43353,Membrane,P43353__9d5cb84cfc3c9ab6,2,0.29642068001443,Cytoplasm;Cytoplasm,True
Q9H0A6,Cytoplasm,Q9H0A6__466bac8043394934,2,0.2952692814997502,Secreted;Secreted,False
P30043,Cytoplasm,P30043__eb0bcc4cc33b3b39,2,0.29439454699967105,Mitochondrion;Nucleus,False
Q5MJ68,Cytoplasm,Q5MJ68__b3e6fe9ba7fa2c0d,2,0.2939888561958874,Nucleus;Nucleus,True
Q8NEC7,Cytoplasm,Q8NEC7__887bdc3fd2250d7d,2,0.2930902918695888,Secreted;Membrane,False
Q3SXM0,Cytoplasm,Q3SXM0__b0f44a0e884149f9,2,0.292552434544622,Membrane;Secreted,False
Q99622,Cytoplasm,Q99622__9016d21dfc9ba140,2,0.29235724128302254,Membrane;Membrane,False
Q16828,Cytoplasm,Q13115__865d65f56fd4b795,2,0.29191158234126985,Membrane;Membrane,False
Q9H3P2,Nucleus,Q9H3P2__4169b264629ae922,2,0.2884765625,Secreted;Membrane,False
Q8TB73,Secreted,Q8TB73__c104d47b5f3b6894,2,0.28810586657266335,Membrane;Nucleus,False
Q9NWQ9,Mitochondrion,Q9NWQ9__d718ce90a14a2a27,2,0.28796074801934174,Cytoplasm;Membrane,False
Q9NSB4,Cytoplasm,P13647__d36394100dfde016,2,0.2878076242334055,Nucleus;Mitochondrion,False
P42765,Mitochondrion,P24752__1216a9416365af9e,2,0.2875876402243589,Membrane;Cytoplasm,False
P0C7Q2,Cytoplasm,P0C7Q2__5d32508ddcf4602f,2,0.2860227554563492,Nucleus;Nucleus,False
P05121,Secreted,P05121__85dcfe09ecc84ccb,2,0.28431074134199136,Membrane;Cytoplasm,False
O95751,Nucleus,O95751__6477d4308db58115,2,0.28385557584776333,Mitochondrion;Secreted,False
Q6PIZ9,Membrane,Q6PIZ9__299e6a80baba1001,2,0.2822806750541125,Secreted;Nucleus,False
Q0P651,Mitochondrion,Q0P651__3a585f24d3283152,2,0.27848469210290383,Membrane;Membrane,False
Q08830,Secreted,Q08830__6e0ada300a5d2b01,2,0.2773371268488456,Nucleus;Cytoplasm,True
Q6ZMJ4,Secreted,Q6ZMJ4__bc5417cc3c559a07,2,0.2767716658341658,Membrane;Membrane,False
Q96JA1,Membrane,Q96JA1__ef96e420d4ceeb6b,2,0.2755576129599566,Mitochondrion;Mitochondrion,False
Q9H2S5,Cytoplasm,Q9H2S5__1bd740ef2d67c8dc,2,0.2751631614912864,Mitochondrion;Mitochondrion,False
Q8WXC3,Cytoplasm,Q8WXC3__18cd11be20b7fa7a,2,0.269292124401844,Secreted;Secreted,True
P57721,Cytoplasm,P57721__196e5383a7418752,2,0.2627368833423521,Nucleus;Membrane,False
Q8NEY3,Nucleus,Q8NEY3__2ce3b23ec9cc5aed,2,0.26047379270035514,Mitochondrion;Cytoplasm,False
Q1W209,Nucleus,Q1W209__3d40f5c9e156c68e,2,0.24534937718531458,Membrane;Mitochondrion,False
P0DP57,Secreted,P0DP57__ad19290160d76666,1,0.6966309398008941,Membrane;Secreted,False
Q03181,Nucleus,Q03181__f85202b5d75177e1,1,0.6474192243698949,Cytoplasm;Nucleus,False
Q02817,Secreted,P98088__4c1e3207815a013e,1,0.6390903974455131,Secreted;Membrane,True
P01040,Cytoplasm,P01040__9decfdfa3d49a084,1,0.6248467231713839,Cytoplasm;Nucleus,False
Q9UNP9,Nucleus,Q9UNP9__89a8318ba55ab9ba,1,0.622019953287333,Cytoplasm;Nucleus,False
P50914,Cytoplasm,P50914__2f26259a08c5abee,1,0.6186565972491993,Cytoplasm;Mitochondrion,False
P26373,Cytoplasm,P26373__b9355759f0965942,1,0.6180869029242381,Cytoplasm;Mitochondrion,False
O15266,Nucleus,O15266__9141af5415a88422,1,0.6156037159877332,Nucleus;Cytoplasm,False
Q9Y3D5,Mitochondrion,Q9Y3D5__c5232892f357ad77,1,0.6136758786607216,Secreted;Mitochondrion,False
Q9NS37,Nucleus,Q9NS37__7e5ce83cf8bbb7ea,1,0.6094799723447141,Cytoplasm;Nucleus,True
Q9BRQ5,Membrane,Q96SN7__37972edaf1f9ac21,1,0.6081522951869998,Membrane;Cytoplasm,True
Q16612,Cytoplasm,Q16612__52519716508b76bb,1,0.6079751251990506,Cytoplasm;Nucleus,False
Q5SSG8,Membrane,Q5SSG8__436e35edf5f86dbe,1,0.603716263784936,Nucleus;Membrane,False
Q504U0,Cytoplasm,Q504U0__10356d17dabcad81,1,0.6024460727996543,Cytoplasm;Nucleus,False
Q3SY69,Mitochondrion,Q3SY69__676050a352eff143,1,0.6003052887803895,Mitochondrion;Cytoplasm,False
Q9NVU0,Nucleus,Q9NVU0__56877a4d15fd926a,1,0.5981847321421735,Cytoplasm;Nucleus,False
Q495A1,Membrane,Q495A1__22dc14d09647814c,1,0.5739390275523089,Secreted;Membrane,True
P35218,Mitochondrion,P22748__62f5e1881b0efc28,1,0.5714486163823007,Mitochondrion;Membrane,False
Q9UNN5,Nucleus,Q9UNN5__07a8ea3dca80cbdd,1,0.5692116802845786,Cytoplasm;Nucleus,False
Q13405,Mitochondrion,Q13405__96b6b14d746a301d,1,0.5648998639737253,Nucleus;Mitochondrion,False
Q9HCE6,Cytoplasm,Q9HCE6__37f43577c2a13928,1,0.5614174138164526,Cytoplasm;Nucleus,False
Q12952,Nucleus,Q12952__3a6860c45b5a93e5,1,0.5595646474851036,Secreted;Nucleus,False
Q96PZ0,Nucleus,Q96PZ0__278a51068dea562c,1,0.5584960904357055,Cytoplasm;Nucleus,False
Q6DKI7,Membrane,Q6DKI7__597d89821992c780,1,0.5552506989902488,Secreted;Membrane,False
O95379,Cytoplasm,O95379__0fabe86e19ac2eaa,1,0.5544106150113275,Cytoplasm;Nucleus,False
Q96BP3,Nucleus,Q96BP3__a0ef30f6b34d96b9,1,0.5496573036151357,Cytoplasm;Nucleus,True
Q8TDY4,Cytoplasm,Q8TDY4__3168be8d61d65bbb,1,0.5457775297619049,Nucleus;Cytoplasm,False
Q6UWT2,Secreted,Q6UWT2__bc988cc3f338d6e1,1,0.5449954776126651,Membrane;Secreted,False
Q8WWL7,Nucleus,Q8WWL7__0fcd719a524c4fb2,1,0.5410467514511963,Nucleus;Cytoplasm,False
Q9H9P8,Mitochondrion,Q9H9P8__a62fe8db5f74c6c0,1,0.535731469041127,Mitochondrion;Membrane,False
P12318,Membrane,P12318__0d955e69e959b340,1,0.5336241993149625,Membrane;Secreted,False
P0DN87,Secreted,P0DN86__70afb5629af6fc2d,1,0.5331801975396023,Secreted;Membrane,False
Q969P6,Mitochondrion,Q969P6__870711ec3c49f0f0,1,0.5328853279183744,Nucleus;Mitochondrion,False
Q13733,Membrane,P13637__28886d316e014e26,1,0.5326150451607361,Membrane;Cytoplasm,True
P78556,Secreted,P13500__3812ea62049d89f0,1,0.5320329410173159,Membrane;Secreted,False
O75570,Mitochondrion,O75570__bcae0f83fa940936,1,0.5311831219295355,Mitochondrion;Cytoplasm,False
O60343,Cytoplasm,O60343__8255116680484aaf,1,0.5303093716179654,Cytoplasm;Nucleus,True
Q9H4W6,Nucleus,Q9H4W6__10d62483e617be53,1,0.5272888469357514,Nucleus;Membrane,False
P27986,Cytoplasm,P27986__7a7861a2f4b76659,1,0.5268584713897215,Cytoplasm;Nucleus,False
Q6P1Q9,Cytoplasm,Q6P1Q9__676b6da9a5ce4929,1,0.5263522217630356,Cytoplasm;Nucleus,False
Q16851,Cytoplasm,Q16851__5a83d132b4719649,1,0.5244214677505297,Cytoplasm;Nucleus,False
P16233,Secreted,P11150__70ef1ae8ca11b378,1,0.5228343845330745,Secreted;Membrane,False
Q5XKR4,Nucleus,Q5XKR4__0abf048da7d74e19,1,0.5182694413186554,Secreted;Nucleus,False
Q6UWR7,Membrane,Q6UWR7__cefbb77774f62820,1,0.5182362421562203,Secreted;Membrane,True
Q9UJW9,Nucleus,Q9UJW9__0bf77fa94a174ca9,1,0.51761058139023,Cytoplasm;Nucleus,False
Q9NQ90,Membrane,Q32M45__1509fe9c1f8bc231,1,0.5175876657437212,Cytoplasm;Membrane,False
P42330,Cytoplasm,P42330__7a787644dd8d6e14,1,0.5172244377148578,Cytoplasm;Nucleus,False
P20936,Cytoplasm,P20936__e9c5e47db9bac98b,1,0.5165375620217503,Cytoplasm;Membrane,False
P55000,Secreted,P55000__1ed5dbcca3376bd8,1,0.5131007339015151,Membrane;Secreted,False
Q9HCY8,Cytoplasm,Q9HCY8__3cdbf86b13d42774,1,0.5122412743506494,Nucleus;Cytoplasm,False
Q9UHX1,Nucleus,Q9UHX1__f2e377f51a06cf07,1,0.5109702326764372,Cytoplasm;Nucleus,True
Q9Y2L9,Cytoplasm,Q9Y2L9__88dc96c8f9e11e6e,1,0.510419200189257,Cytoplasm;Nucleus,False
P51813,Cytoplasm,P51813__20a66d0cd8a39ed5,1,0.5080242249112198,Cytoplasm;Nucleus,True
P48061,Secreted,P48061__97c345aa7c221c00,1,0.506213390628453,Secreted;Mitochondrion,False
Q5VTR2,Nucleus,O75150__d7822af1f78a01cd,1,0.505571902056277,Cytoplasm;Nucleus,False
Q719H9,Nucleus,Q719H9__4823bde8c3d43195,1,0.5048886020309639,Cytoplasm;Nucleus,False
Q8IWT1,Membrane,Q8IWT1__d7ce1dae80ed5591,1,0.5045303891511284,Secreted;Membrane,False
P07766,Membrane,P07766__5a043cd319d3f196,1,0.5029715224068311,Nucleus;Membrane,False
Q92665,Mitochondrion,Q92665__81775b9124c18de2,1,0.5027492651226941,Nucleus;Mitochondrion,False
Q9H6T0,Nucleus,Q6NXG1__c40650b27746c7d9,1,0.5024407144304601,Membrane;Nucleus,False
Q96IZ6,Cytoplasm,Q6P1Q9__676b6da9a5ce4929,1,0.5016567912744683,Cytoplasm;Nucleus,False
Q13219,Secreted,Q13219__d0a4254dee583de4,1,0.5001431086231688,Secreted;Membrane,False
Q96GX2,Cytoplasm,Q96GX2__d0cefcdcb7d03d24,1,0.5000895115310604,Cytoplasm;Nucleus,False
Q6UB28,Mitochondrion,Q6UB28__d40c4fd9fd796126,1,0.49935360863095235,Cytoplasm;Mitochondrion,False
Q8WZ60,Cytoplasm,Q8WZ60__11ab955957f0c834,1,0.4989603672032162,Cytoplasm;Membrane,False
Q9Y3B4,Nucleus,Q9Y3B4__e88423a0d2a8a4d7,1,0.4984579207359955,Mitochondrion;Nucleus,False
P49406,Mitochondrion,P49406__0807e89052573fd6,1,0.4983093187194749,Nucleus;Mitochondrion,False
Q96SN7,Membrane,Q96SN7__37972edaf1f9ac21,1,0.4960553848871022,Membrane;Mitochondrion,True
P61254,Cytoplasm,P61254__78491c9705795368,1,0.4957867242660304,Cytoplasm;Mitochondrion,False
Q9NZJ4,Cytoplasm,Q9NZJ4__5b976fe4afbf54bd,1,0.4950939362643183,Cytoplasm;Membrane,True
Q9NZJ9,Cytoplasm,Q96G61__1e8838c9307a475b,1,0.4940357092124833,Nucleus;Cytoplasm,False
Q9Y2Y4,Nucleus,Q9Y2Y4__685ba56686cd9c9f,1,0.4933872153722204,Secreted;Nucleus,True
O75150,Nucleus,O75150__d7822af1f78a01cd,1,0.4924301609848486,Cytoplasm;Nucleus,False
Q16853,Membrane,Q16853__7ed9ac5c23544be7,1,0.491363009820041,Secreted;Membrane,False
Q9Y471,Cytoplasm,Q9Y471__d0c0a32ba2f58b1e,1,0.49065426913258553,Cytoplasm;Membrane,True
Q9NT62,Cytoplasm,Q9NT62__b2e2c4c580ffea95,1,0.48992406926394605,Cytoplasm;Nucleus,False
Q6GTX8,Membrane,Q6GTX8__71f0bb8e2e876e82,1,0.4888419682030789,Membrane;Nucleus,False
Q04756,Secreted,Q04756__ac31bf5f0ecf82bc,1,0.48854075069895386,Membrane;Secreted,True
Q6P1L8,Mitochondrion,Q6P1L8__0fa981ec8dde3176,1,0.4884583238234172,Cytoplasm;Mitochondrion,False
P09228,Secreted,P01034__ae318b9c984ac982,1,0.4864483498272561,Secreted;Cytoplasm,False
Q9Y4K4,Cytoplasm,Q9Y4K4__a7eb891318c7b005,1,0.4862306258772205,Cytoplasm;Nucleus,False
Q9NRV9,Cytoplasm,Q9NRV9__d33baeb41d25e933,1,0.48536911528577276,Cytoplasm;Nucleus,False
Q6P2C8,Nucleus,Q6P2C8__2c4454362bb75ad9,1,0.48343699331910595,Cytoplasm;Nucleus,False
O75528,Nucleus,O75528__4cdc691f5f90430b,1,0.48268455059909676,Cytoplasm;Nucleus,False
Q7Z6K1,Nucleus,Q7Z6K1__6fe0cfc065576fbc,1,0.48171115409271426,Nucleus;Cytoplasm,False
Q96LB8,Secreted,Q96LB8__524cae95ca152ae1,1,0.4800268308080808,Membrane;Secreted,False
Q6UXB2,Secreted,Q6UXB2__7d6c22f49993ad6f,1,0.479721828756851,Mitochondrion;Secreted,False
P54315,Secreted,P11150__70ef1ae8ca11b378,1,0.4779815902885503,Secreted;Membrane,False
Q8WVB6,Nucleus,Q8WVB6__c031e81332674116,1,0.4751395089285714,Nucleus;Cytoplasm,True
P24522,Nucleus,P24522__bdb9d62f213ffe11,1,0.4748093612198101,Cytoplasm;Nucleus,False
Q96D98,Nucleus,Q96D98__1b82135833fe631b,1,0.47395206743985707,Cytoplasm;Nucleus,False
Q8WTT0,Membrane,Q6EIG7__4332a5c8f8f77e85,1,0.4730038295074428,Nucleus;Membrane,False
O75529,Nucleus,O75529__4c7a3256f20fdfd1,1,0.47153462662511914,Cytoplasm;Nucleus,False
Q969P0,Membrane,Q969P0__7e4bf02a4e6f8949,1,0.4700385109952518,Membrane;Secreted,True
O15031,Membrane,O15031__fb1ede6db30917e4,1,0.46912780145202015,Secreted;Membrane,False
Q6IPR1,Mitochondrion,Q6IPR1__b884d7f67f420157,1,0.4678785288439066,Mitochondrion;Cytoplasm,False
Q01094,Nucleus,Q01094__5eae297f66a780cb,1,0.4671719614445551,Secreted;Nucleus,False
Q6E0U4,Secreted,Q6E0U4__f210a81817253ed7,1,0.4665569394081016,Secreted;Membrane,False
P01036,Secreted,P01034__ae318b9c984ac982,1,0.46561558016636134,Secreted;Cytoplasm,False
Q14526,Nucleus,Q14526__f0d36330e4867626,1,0.46471361735014016,Membrane;Nucleus,False
Q6DN72,Membrane,Q6DN72__7fe0764572d5ad4d,1,0.46437824328449323,Secreted;Membrane,False
Q9UM73,Membrane,Q9UM73__74716bef5c87821e,1,0.46353238775113786,Secreted;Membrane,True
Q8WUN7,Cytoplasm,Q8WUN7__7cc304f0824a1ea0,1,0.4626457093253968,Nucleus;Cytoplasm,False
A1L167,Nucleus,A1L167__affff80ed35411e2,1,0.46164278880350823,Secreted;Nucleus,False
Q9P015,Mitochondrion,Q9P015__12e32496f4ef6fb8,1,0.460441837176205,Mitochondrion;Nucleus,False
P15260,Membrane,P15260__dcb9b4a6becaaea5,1,0.4576574488250895,Membrane;Nucleus,False
O75462,Secreted,O75462__17f310c97ed539a3,1,0.45763406418804886,Mitochondrion;Secreted,False
P60896,Nucleus,P60896__51a570e05804e76c,1,0.45267561214826835,Nucleus;Cytoplasm,False
P48048,Membrane,P48048__177f175612408c3c,1,0.4525321575126263,Mitochondrion;Membrane,True
Q8TAT2,Secreted,Q8TAT2__e57800ffbe8c357e,1,0.4509052362567987,Secreted;Mitochondrion,False
Q9UBC1,Nucleus,Q9UBC1__7fbe824c759644cf,1,0.4508717309320386,Nucleus;Cytoplasm,True
P16298,Cytoplasm,P16298__bd6d21436948c6b7,1,0.4498084816921688,Cytoplasm;Membrane,False
Q8TE68,Cytoplasm,Q8TE67__22e70882407d6762,1,0.4483320932539683,Cytoplasm;Nucleus,False
Q6YHK3,Membrane,Q6YHK3__26ce27a0e409dc3e,1,0.44785660845231157,Membrane;Secreted,False
O75563,Cytoplasm,O75563__6c7995a9ca23c11b,1,0.4452008928571429,Nucleus;Cytoplasm,False
Q9NZD4,Cytoplasm,Q9NZD4__e77ce5215807da00,1,0.4452004187417051,Cytoplasm;Nucleus,False
O43914,Membrane,O43914__3b40e3f08803fe18,1,0.44507780963031884,Secreted;Membrane,False
P82970,Nucleus,P82970__619e180f0c25e83a,1,0.4407459077380952,Cytoplasm;Nucleus,True
P20809,Secreted,P20809__7cd7c7638f98ebb5,1,0.4406001442134254,Secreted;Membrane,False
Q9UDR5,Mitochondrion,Q9UDR5__b9843f3647b5d9d1,1,0.44028495272616297,Mitochondrion;Cytoplasm,False
O75164,Nucleus,O75164__036a41d3c1505220,1,0.43700861855158724,Nucleus;Cytoplasm,False
O60503,Membrane,O60503__c25c43fdac8076cc,1,0.43654932862716955,Membrane;Cytoplasm,False
P01037,Secreted,P01034__ae318b9c984ac982,1,0.43604111817002433,Secreted;Cytoplasm,False
Q9H7M9,Membrane,Q9H7M9__43533c1b1899c9ee,1,0.435885035103785,Membrane;Secreted,False
Q9H147,Nucleus,Q9H147__abdf33fb9fc1b6ad,1,0.43559905805999555,Mitochondrion;Nucleus,False
Q9UJC5,Nucleus,Q9UJC5__a30b2ef0d27f1b22,1,0.4343270878427129,Cytoplasm;Nucleus,False
P78540,Mitochondrion,P78540__bce83a023087ff01,1,0.4340252954510767,Cytoplasm;Mitochondrion,False
Q8NHZ7,Nucleus,Q8NHZ7__5bf2cc60982bd5aa,1,0.4338074445193192,Mitochondrion;Nucleus,False
O00481,Membrane,O00478__15475cf4e0aca2b7,1,0.42944854624542117,Secreted;Membrane,False
P82675,Mitochondrion,P82675__57b9e98833a45eab,1,0.4268332578879454,Secreted;Mitochondrion,False
Q96G61,Cytoplasm,Q96G61__1e8838c9307a475b,1,0.4248755907325865,Nucleus;Cytoplasm,False
Q96RP3,Secreted,Q96RP3__ecf327b776d9d149,1,0.4228251782939283,Secreted;Membrane,False
Q96P16,Nucleus,Q96P16__75e03199b46ecb7b,1,0.42157470350829734,Cytoplasm;Nucleus,False
P05091,Mitochondrion,P05091__c6dc987207be9323,1,0.4214179738431064,Mitochondrion;Cytoplasm,False
P21695,Cytoplasm,P21695__f2064963afa2628e,1,0.41969808326391655,Membrane;Cytoplasm,False
Q96IV0,Cytoplasm,Q96IV0__2d08f57524e313b9,1,0.4192236937108849,Cytoplasm;Membrane,False
P98066,Secreted,P98066__7f534c0fa6dff084,1,0.41890182318608593,Secreted;Membrane,False
P82921,Mitochondrion,P82921__d6b3113066be9f4f,1,0.4184587006544515,Mitochondrion;Nucleus,False
Q13349,Membrane,P20702__ff28f3995e32b234,1,0.41485460069444446,Membrane;Cytoplasm,False
Q6UW32,Secreted,Q6UW32__f4c28ab57ec0723c,1,0.4147600446428571,Membrane;Secreted,False
Q9UL62,Membrane,Q9UL62__2fabd2592a611157,1,0.41339820360229806,Membrane;Nucleus,False
Q8N4X5,Cytoplasm,Q8N4X5__aa68e3b2f06b2397,1,0.41316386521464654,Cytoplasm;Nucleus,False
O95998,Secreted,O95998__39e0c716d319a9d3,1,0.4130454940025252,Membrane;Secreted,False
Q9BPZ3,Cytoplasm,Q9BPZ3__e5d64384095284f2,1,0.4122302827380952,Nucleus;Cytoplasm,False
Q9BQ65,Nucleus,Q9BQ65__e879a668629c3b56,1,0.41211910605088814,Cytoplasm;Nucleus,False
Q96LA6,Membrane,Q6DN72__7fe0764572d5ad4d,1,0.41194750345140974,Secreted;Membrane,False
Q96JB8,Cytoplasm,Q96JB8__53c83c59d152cb66,1,0.4108911108210451,Cytoplasm;Nucleus,True
Q9NQG5,Nucleus,Q96P16__75e03199b46ecb7b,1,0.41054532490079365,Cytoplasm;Nucleus,False
P24752,Mitochondrion,P24752__1216a9416365af9e,1,0.4100900726877289,Membrane;Mitochondrion,False
Q14190,Nucleus,Q14190__39bc8fc88591f7fa,1,0.4095156114884094,Membrane;Nucleus,False
Q9UL51,Membrane,Q9P1Z3__3e0e83c7902bf8cb,1,0.4083508762314103,Nucleus;Membrane,False
Q9BYV1,Mitochondrion,Q9BYV1__8bd3bf7389b1e0d5,1,0.40653497977716724,Mitochondrion;Membrane,False
P51654,Membrane,P51654__77dfca719964bc76,1,0.40618220758758883,Cytoplasm;Membrane,False
Q16540,Mitochondrion,Q16540__d1f4570deb1782c5,1,0.40369726844336207,Nucleus;Mitochondrion,False
Q96BN2,Nucleus,Q96BN2__cb386780d60f3cd1,1,0.40343842985240097,Cytoplasm;Nucleus,False
Q8NCE2,Cytoplasm,Q8NCE2__eb74df83b4453608,1,0.4024663487554112,Cytoplasm;Membrane,True
Q13564,Membrane,Q13564__22a38bb8f4fc2781,1,0.4020839790581914,Cytoplasm;Membrane,True
Q5T1B0,Cytoplasm,Q5T1B0__ce731f0054d166a6,1,0.4000848327020202,Cytoplasm;Nucleus,False
P27707,Nucleus,P27707__c32b38afb23c7581,1,0.399706185741342,Nucleus;Cytoplasm,False
Q96CB8,Nucleus,Q96CB8__cdb8c037136728cb,1,0.39940762362637355,Secreted;Nucleus,False
Q9Y238,Cytoplasm,Q9Y238__e3bf0c8ab82522de,1,0.39906864949492793,Cytoplasm;Nucleus,False
Q8N9M5,Membrane,Q8N9M5__c005eec0e2a5a33c,1,0.39686414930555547,Cytoplasm;Membrane,True
B1AL88,Membrane,B1AL88__910add4cb04f2e69,1,0.39684124135938703,Cytoplasm;Membrane,False
O75840,Nucleus,O75840__f8987e9d58896091,1,0.3966970558219977,Secreted;Nucleus,False
Q86YA3,Nucleus,Q86YA3__bcca471ca12eb313,1,0.3964859250992063,Nucleus;Cytoplasm,False
P61513,Cytoplasm,P61513__55f0ce27192e3dce,1,0.39564182562229433,Cytoplasm;Mitochondrion,False
P43626,Membrane,P43626__ee148c74eb46d498,1,0.3944537016802641,Membrane;Secreted,False
Q16514,Nucleus,Q16514__174422c750b1d491,1,0.3931640624999999,Nucleus;Cytoplasm,False
O94953,Nucleus,O75164__036a41d3c1505220,1,0.393009052579365,Cytoplasm;Nucleus,False
Q13263,Nucleus,Q13263__38e03042644ff74e,1,0.3925564236111111,Cytoplasm;Nucleus,True
O95619,Nucleus,O95619__927acc1a37ca13d7,1,0.39148389587842725,Cytoplasm;Nucleus,False
Q86XT4,Cytoplasm,Q86XT4__21215e3814577aa9,1,0.39109157986111115,Cytoplasm;Secreted,True
P43652,Secreted,P43652__fcfa797bf58849cc,1,0.38971091842185585,Cytoplasm;Secreted,False
A0A7P0TBJ1,Nucleus,A0A7P0TBJ1__f59caf3f1c853477,1,0.38928571428571435,Nucleus;Cytoplasm,False
Q9Y6K8,Cytoplasm,Q9Y6K8__058cbd32d64a00b1,1,0.3888262670489233,Nucleus;Cytoplasm,False
Q9HAW0,Nucleus,Q9HAW0__9ad4c07db22299e1,1,0.3880534409136367,Cytoplasm;Nucleus,False
Q8IW03,Mitochondrion,Q8IW03__b038339e58f1d94b,1,0.38744408333263014,Cytoplasm;Mitochondrion,False
Q9ULX3,Nucleus,Q9ULX3__3f7a0df91c69173f,1,0.38640802556818177,Cytoplasm;Nucleus,False
Q502W6,Cytoplasm,Q502W6__c0735888e8d17da9,1,0.38604445684523814,Nucleus;Cytoplasm,False
Q9NPB1,Mitochondrion,Q9NPB1__0ffbbed23b94a761,1,0.38485912416576473,Secreted;Mitochondrion,False
Q5EBM0,Mitochondrion,Q5EBM0__f0754ac19a4a33f0,1,0.3841551277098805,Secreted;Mitochondrion,True
P43363,Nucleus,P43363__793a8d14f37fb705,1,0.3839647006639194,Cytoplasm;Nucleus,False
Q9BWW7,Nucleus,Q9BWW7__73319b912f757ea6,1,0.38357084600401037,Nucleus;Secreted,False
Q8N4E7,Mitochondrion,Q8N4E7__c9ad66cfbe853c50,1,0.38128928599363554,Secreted;Mitochondrion,False
P59046,Cytoplasm,P59046__bce6651626bc9258,1,0.38072141617063493,Cytoplasm;Membrane,False
Q86T26,Membrane,Q86T26__f9e95c6de6042583,1,0.37883522727272734,Membrane;Secreted,False
P00740,Secreted,P00740__32f5d032de97ea22,1,0.3770080388246885,Secreted;Membrane,False
O75486,Nucleus,O75486__575705e754a8553c,1,0.3768113505418193,Nucleus;Cytoplasm,False
Q6DT37,Cytoplasm,Q6DT37__8f2c7bcd0d3ebdf0,1,0.37680276537698415,Cytoplasm;Nucleus,True
Q6UVM3,Membrane,Q6UVM3__b651e92a4f3a92f2,1,0.3767664193445443,Cytoplasm;Membrane,False
O60741,Membrane,O60741__83227a96b390256f,1,0.3745606173340549,Cytoplasm;Membrane,False
P35268,Cytoplasm,P35268__20ec3c6d5b01df63,1,0.3742791063103563,Nucleus;Cytoplasm,False
Q9UK59,Nucleus,Q9UK59__192c25bacd9f4174,1,0.3734445896464569,Cytoplasm;Nucleus,False
Q5K651,Cytoplasm,Q5K651__a4322e5b82d1677b,1,0.37317130569083695,Nucleus;Cytoplasm,False
Q16698,Mitochondrion,Q16698__a9f684af97574f8f,1,0.37121367131132743,Membrane;Mitochondrion,False
Q7Z2Z1,Nucleus,Q7Z2Z1__0679dcd8bd987c3b,1,0.37101444419836527,Mitochondrion;Nucleus,True
Q15814,Cytoplasm,Q15814__bcba9c3f815dccc9,1,0.37091393849206356,Nucleus;Cytoplasm,True
P41247,Mitochondrion,P41247__0d4d81d846d8c4d9,1,0.3703916278158882,Membrane;Mitochondrion,False
Q6NXG1,Nucleus,Q6NXG1__c40650b27746c7d9,1,0.37010227744124585,Membrane;Nucleus,False
Q96NU7,Cytoplasm,Q96NU7__1ab2b406b91c4550,1,0.36961576019638875,Secreted;Cytoplasm,False
P26717,Membrane,P26715__314831cbc6e4498d,1,0.36829235773410796,Membrane;Cytoplasm,False
Q9NRN5,Secreted,Q6UWY5__539a40ad48a9fcda,1,0.36763967142141546,Cytoplasm;Secreted,False
P09960,Cytoplasm,P09960__419e4dc8adbe6e5c,1,0.3651087966127594,Cytoplasm;Membrane,False
Q9BRJ2,Mitochondrion,Q9BRJ2__e8127963f8d3a219,1,0.36468268060064934,Nucleus;Mitochondrion,False
P0DSE1,Membrane,P0DSE1__714768df614d4210,1,0.36403523234577917,Membrane;Secreted,False
P37023,Membrane,O00238__ce1def7aae1584f1,1,0.363584364853896,Secreted;Membrane,False
P12319,Membrane,P12319__7169a4f57038103b,1,0.36318303007756125,Membrane;Secreted,False
Q6UWV6,Membrane,Q6UWR7__cefbb77774f62820,1,0.3618354782351061,Secreted;Membrane,True
Q8J025,Membrane,Q8J025__c02f41723cae8ee8,1,0.3603306535136054,Mitochondrion;Membrane,False
O95926,Nucleus,O95926__4f35774ac2100734,1,0.3593553473436286,Cytoplasm;Nucleus,False
P08476,Secreted,P08476__562562e7f9ae9e5c,1,0.3592633928571429,Cytoplasm;Secreted,False
P0DMM9,Cytoplasm,O43704__0a257f68bc492a36,1,0.3584532546446609,Nucleus;Cytoplasm,False
Q96AH0,Nucleus,Q96AH0__536175e3664d5acd,1,0.35725911458333337,Cytoplasm;Nucleus,True
P18124,Cytoplasm,P18124__92301e7942af8946,1,0.35523933531746044,Cytoplasm;Nucleus,False
Q8TDN1,Membrane,P17658__eda1448fb4187cfe,1,0.35361954668595297,Membrane;Mitochondrion,True
Q8WXB4,Nucleus,O60765__7991d51d11a01c75,1,0.35301474665425947,Nucleus;Membrane,False
Q9H0E3,Nucleus,Q9H0E3__1b546d10381c8972,1,0.3516059027777777,Cytoplasm;Nucleus,False
Q9NZM4,Nucleus,Q9NZM4__8d6d8ce39d7354c0,1,0.350945322039072,Secreted;Nucleus,False
P78410,Membrane,P78410__fc2b481f27d3f216,1,0.3502156047077922,Secreted;Membrane,False
O43704,Cytoplasm,O43704__0a257f68bc492a36,1,0.34959302849927854,Cytoplasm;Nucleus,False
P23378,Mitochondrion,P23378__1b851de535e522d4,1,0.3495273064609002,Mitochondrion;Cytoplasm,False
P08709,Secreted,P00740__32f5d032de97ea22,1,0.34847503082390796,Membrane;Secreted,False
O15525,Nucleus,O15525__848926de4fea3f65,1,0.347678796897547,Cytoplasm;Nucleus,False
Q13641,Membrane,Q13641__51681f2cee5b5729,1,0.3476335621843434,Membrane;Secreted,False
P09661,Nucleus,P09661__5c7a9717121a9109,1,0.34728267609126984,Cytoplasm;Nucleus,False
Q16560,Nucleus,Q16560__7a0894975e03e298,1,0.3468732981428293,Cytoplasm;Nucleus,False
Q7Z4R8,Secreted,Q7Z4R8__02aaca23823b37e8,1,0.3449898035238953,Secreted;Membrane,True
Q6UWY5,Secreted,Q6UWY5__539a40ad48a9fcda,1,0.3435280787717949,Membrane;Secreted,False
Q96S96,Secreted,Q96S96__7a75c7c3a9756d0c,1,0.34223521520591726,Cytoplasm;Secreted,False
Q9H813,Membrane,Q9H813__72d31cdc13f4466a,1,0.3378351032647907,Cytoplasm;Membrane,False
Q8WWY6,Nucleus,Q8WWY6__23edddf248a8476f,1,0.3378050768675769,Nucleus;Mitochondrion,True
Q9NZI6,Nucleus,Q12800__d7520ea932afc672,1,0.33768911210317454,Nucleus;Cytoplasm,False
P02818,Secreted,P02818__26431670c51cde9b,1,0.33726592035415565,Cytoplasm;Secreted,False
Q9UK99,Nucleus,Q9UK99__510a392030fa3d86,1,0.3362541429924243,Secreted;Nucleus,True
P59942,Mitochondrion,P59942__b56238437b4c9b5e,1,0.33592537562264113,Secreted;Mitochondrion,False
Q9BYZ8,Secreted,Q06141__77f442919756f70f,1,0.3354580207119269,Mitochondrion;Secreted,False
O94776,Nucleus,O94776__e806eb990c234069,1,0.33469976204351193,Nucleus;Mitochondrion,False
O60721,Membrane,O60721__6046c937402d6f9a,1,0.33388514079452636,Mitochondrion;Membrane,False
Q2PPJ7,Cytoplasm,Q2PPJ7__976e202dc8b6e556,1,0.33225291418650793,Membrane;Cytoplasm,False
Q5VUB5,Membrane,Q5VUB5__0b5afb182fc810d2,1,0.3296223958333334,Membrane;Nucleus,False
O43812,Nucleus,O43812__8b4b5a051fc5cc4b,1,0.3283593793359417,Secreted;Nucleus,True
A6NF83,Nucleus,A6NF83__21a4565ada232cd9,1,0.3256924282314908,Mitochondrion;Nucleus,False
Q92731,Nucleus,Q92731__7f3d679eff5a0b39,1,0.32556592712842713,Nucleus;Membrane,False
Q9UMR7,Membrane,Q9UMR7__4c132500efe04163,1,0.32510977758269805,Membrane;Cytoplasm,False
P46779,Cytoplasm,P46779__db54e0cc67d45431,1,0.32478969598110224,Nucleus;Cytoplasm,False
O95445,Secreted,O95445__8b98146cbd1807b4,1,0.3236056153048341,Secreted;Cytoplasm,True
Q86U28,Mitochondrion,Q86U28__0e2ace971cd77cfa,1,0.3233372818409963,Mitochondrion;Membrane,False
O43716,Mitochondrion,O43716__391dfaaf8cbe8119,1,0.3225822679924243,Mitochondrion;Cytoplasm,False
O77932,Nucleus,O77932__7a76ed8d73d41e47,1,0.32045031791125533,Nucleus;Mitochondrion,False
Q96EY7,Mitochondrion,Q96EY7__8fbf1fe9d2a159a1,1,0.3202180711740744,Cytoplasm;Mitochondrion,False
Q6P1J9,Nucleus,Q6P1J9__8269b309beedd8ae,1,0.3168254163371351,Cytoplasm;Nucleus,False
P48380,Nucleus,P48380__72c8566cf1631ad0,1,0.31381913442460313,Nucleus;Cytoplasm,False
Q6WQI6,Cytoplasm,Q6WQI6__b3be78b71a385430,1,0.313609871031746,Cytoplasm;Mitochondrion,False
Q9BU02,Cytoplasm,Q9BU02__5dc56f856b65ddee,1,0.31123681006493503,Nucleus;Cytoplasm,False
Q9H9V9,Cytoplasm,Q9H9V9__4b46f843574257e8,1,0.30973086272736755,Cytoplasm;Mitochondrion,False
O75596,Secreted,O75596__78caab47a2989904,1,0.30930865965730214,Secreted;Cytoplasm,False
Q13794,Mitochondrion,Q13794__d43898cd564c36c3,1,0.3076935628520101,Mitochondrion;Nucleus,False
Q16829,Cytoplasm,Q13115__865d65f56fd4b795,1,0.3075894266323953,Cytoplasm;Nucleus,False
Q9NZK5,Secreted,Q9NZK5__8444c71551b3c402,1,0.3072139232295482,Secreted;Membrane,False
P82664,Mitochondrion,P82664__8e65781ed765fbf8,1,0.30668488412629036,Cytoplasm;Mitochondrion,False
O00175,Secreted,O00175__b7881beb951aec45,1,0.30630024272602396,Secreted;Mitochondrion,False
A1L188,Mitochondrion,A1L188__8de241dc6f38cd90,1,0.30534244401431904,Secreted;Mitochondrion,False
Q92995,Cytoplasm,Q92995__99778274bbe62d07,1,0.3036212160235597,Nucleus;Cytoplasm,False
Q96EH8,Cytoplasm,Q96EH8__6339a607cd756404,1,0.30247706121225776,Cytoplasm;Membrane,False
Q15726,Secreted,Q15726__d5267e171e93b270,1,0.3020504560543623,Mitochondrion;Secreted,False
Q6PJ69,Cytoplasm,Q6PJ69__dbb3f823bcfef6e0,1,0.3012803819444444,Cytoplasm;Membrane,False
O14669,Membrane,O14669__373ac293c90a873d,1,0.298388833388246,Membrane;Nucleus,False
Q9BQ90,Cytoplasm,Q9BQ90__f3ba906e9eae860c,1,0.29740592523795645,Mitochondrion;Cytoplasm,False
P24387,Secreted,P24387__8fc385be2df9b754,1,0.29684089781746037,Cytoplasm;Secreted,False
P78562,Membrane,P08473__1a916537b7b55589,1,0.29674844469766337,Membrane;Cytoplasm,False
Q14393,Secreted,Q14393__7df33ec92371bd7a,1,0.29458825137536077,Membrane;Secreted,False
Q9Y2U9,Nucleus,Q9Y2U9__b88510cec6dd93d1,1,0.29455760168650785,Cytoplasm;Nucleus,False
Q96PV4,Nucleus,Q96PV4__23b040495d9385ce,1,0.2932989211309523,Nucleus;Secreted,False
P20273,Membrane,P20273__02a7fa9f4745cdff,1,0.28150731646825394,Secreted;Membrane,False
Q9NYK5,Mitochondrion,Q9NYK5__a1f61d18653e8a21,1,0.27737785218253963,Cytoplasm;Mitochondrion,False
Q9ULC4,Cytoplasm,Q9ULC4__d5d0497065ded167,1,0.27693311462842707,Cytoplasm;Membrane,True
P50225,Cytoplasm,O43704__0a257f68bc492a36,1,0.26565224055458425,Cytoplasm;Secreted,False
Q8N5N7,Mitochondrion,Q8N5N7__a59c422617a2f8a5,1,0.26281001984126984,Nucleus;Mitochondrion,False
P02652,Secreted,P02652__ca2ca9fe5ffa4a19,1,0.26039124977706907,Secreted;Cytoplasm,False
P61366,Secreted,P61366__0311397f747a24b1,1,0.2565702364042207,Secreted;Mitochondrion,False
Q96LR2,Cytoplasm,Q96LR2__70ca8aa92b6f7ea4,1,0.2520740327380952,Secreted;Cytoplasm,False
Q5SW96,Cytoplasm,Q5SW96__c12aef9dc735168a,1,0.2512899210164835,Cytoplasm;Secreted,False
Q2HXU8,Membrane,Q2HXU8__39ab1f6df19d4e4f,1,0.2401584201388888,Nucleus;Membrane,False
Q92847,Membrane,Q92847__73fe68d1fe5d48b8,0,0.9877042529652852,Membrane;Membrane,False
P32241,Membrane,P32241__95ca8f99a19d5f99,0,0.9848480890600132,Membrane;Membrane,False
P34998,Membrane,P32241__95ca8f99a19d5f99,0,0.9727755492234273,Membrane;Membrane,True
Q13324,Membrane,P32241__95ca8f99a19d5f99,0,0.9701630061498008,Membrane;Membrane,False
O15552,Membrane,O15552__4a47759801962a00,0,0.9677548363095239,Membrane;Membrane,False
Q9NY91,Membrane,Q9NY91__c17bfad80d5324e5,0,0.9667217754010767,Membrane;Membrane,False
Q92536,Membrane,Q92536__46ada3726ae8631a,0,0.9656121474192706,Membrane;Membrane,False
Q9NS93,Membrane,Q9NS93__01670dc46fcf1578,0,0.9643229166666667,Membrane;Membrane,False
Q96LA9,Membrane,P04201__f104c7b186d2a003,0,0.9639198908730159,Membrane;Membrane,False
P34981,Membrane,P34981__42b191ec434758be,0,0.961368189102564,Membrane;Membrane,False
Q86WB7,Membrane,Q86WB7__d045faf1cd80abc7,0,0.9593098958333333,Membrane;Membrane,False
Q96RI8,Membrane,O14804__e1509937826bd69d,0,0.9579241071428573,Membrane;Membrane,False
Q969N4,Membrane,O14804__e1509937826bd69d,0,0.9566080729166666,Membrane;Membrane,False
P04201,Membrane,P04201__f104c7b186d2a003,0,0.9563151041666667,Membrane;Membrane,False
Q86VW1,Membrane,Q86VW1__acd531523d9a2aac,0,0.9560639880952381,Membrane;Membrane,True
P47898,Membrane,O14804__e1509937826bd69d,0,0.9546223958333334,Membrane;Membrane,False
Q16581,Membrane,Q16581__18970708361ef54e,0,0.951486545138889,Membrane;Membrane,False
P28222,Membrane,O14804__e1509937826bd69d,0,0.9500325520833335,Membrane;Membrane,False
O43614,Membrane,O43613__4fa99a96e770e04d,0,0.9473167782738094,Membrane;Membrane,False
P55316,Nucleus,P55316__552d4af9739b068d,0,0.9446305989696321,Nucleus;Nucleus,False
Q9HCJ1,Membrane,Q9HCJ1__3f3cc17c29ff7258,0,0.9414760044642857,Membrane;Membrane,False
O14804,Membrane,O14804__e1509937826bd69d,0,0.9399088541666667,Membrane;Membrane,False
P28335,Membrane,P28335__8bb8e760c142b1a4,0,0.9391741071428572,Membrane;Membrane,False
Q7RTY1,Membrane,Q7RTY1__0a5a10290c89482f,0,0.9383649553571429,Membrane;Membrane,False
P35462,Membrane,O14804__e1509937826bd69d,0,0.9376242897727272,Membrane;Membrane,True
Q9NYV7,Membrane,Q50KZ9__b0e2817e7950f554,0,0.9355778769841271,Membrane;Membrane,False
Q86VZ1,Membrane,Q86VZ1__f432ba604b9f39e6,0,0.9351686507936507,Membrane;Membrane,False
P11168,Membrane,P11168__d863fcef95df00de,0,0.9342447916666667,Membrane;Membrane,False
Q5GH77,Membrane,Q5GH77__fa1607e6a8236eae,0,0.933679146374459,Membrane;Membrane,False
Q9UHI7,Membrane,Q9UGH3__9cab313b7f1f3a8c,0,0.9291771645194514,Membrane;Membrane,False
Q8TE23,Membrane,Q7RTX0__741467c18af0e895,0,0.9291240209849024,Membrane;Membrane,False
Q01718,Membrane,Q01718__50fc802bf9cb11dd,0,0.9288328719380744,Membrane;Membrane,False
P25105,Membrane,O14843__2b20e0cb102e3730,0,0.9280354305814413,Membrane;Membrane,False
Q6PP77,Membrane,Q5GH77__fa1607e6a8236eae,0,0.927726765422078,Membrane;Membrane,False
O43613,Membrane,O43613__4fa99a96e770e04d,0,0.9271205357142858,Membrane;Membrane,False
P28566,Membrane,O14804__e1509937826bd69d,0,0.926886232257326,Membrane;Membrane,False
Q8IZD6,Membrane,Q8IZD6__c33e1fe3c312d03d,0,0.925776599702381,Membrane;Membrane,False
P28221,Membrane,O14804__e1509937826bd69d,0,0.9255701980311355,Membrane;Membrane,False
Q9H244,Membrane,O14843__2b20e0cb102e3730,0,0.9243583343185652,Membrane;Membrane,False
Q8TDS7,Membrane,P04201__f104c7b186d2a003,0,0.9240420386904764,Membrane;Membrane,True
Q9NYB5,Membrane,Q9NYB5__af8d3780bb617c7e,0,0.9234689913284979,Membrane;Membrane,True
P30542,Membrane,P30542__1287bf4746a29da7,0,0.9233832465277778,Membrane;Membrane,False
Q9H5V7,Nucleus,Q9H5V7__185ea16a00067bdd,0,0.9146705692837072,Nucleus;Nucleus,False
P11049,Membrane,P11049__ff2bb9bfe0b98b88,0,0.9125266335227273,Membrane;Membrane,False
O14843,Membrane,O14843__2b20e0cb102e3730,0,0.9123082619100299,Membrane;Membrane,False
P29371,Membrane,P29371__96c20248410c00a2,0,0.9119791666666668,Membrane;Membrane,False
Q8NAV1,Nucleus,Q8NAV1__d71b8ff71e77d288,0,0.9112460307635514,Nucleus;Nucleus,False
Q401N2,Membrane,Q401N2__e5364fe133458416,0,0.9103160511363637,Membrane;Membrane,False
Q9NQS5,Membrane,Q9NQS5__cac11874e46fc669,0,0.9100687259382878,Membrane;Membrane,False
Q5R3K3,Membrane,Q5R3K3__5c6d832224470267,0,0.9054842509920635,Membrane;Membrane,True
Q9UPC5,Membrane,O14843__2b20e0cb102e3730,0,0.9029496679749569,Membrane;Membrane,False
Q09428,Membrane,Q09428__c07c3de04b95cf06,0,0.902632913961039,Membrane;Membrane,False
O95136,Membrane,O95136__c3a6a518836c96f9,0,0.9002604166666666,Membrane;Membrane,False
Q9UI40,Membrane,Q9HC58__06f2266491a320bf,0,0.898628162202381,Membrane;Membrane,False
P21918,Membrane,P21918__84f03c7918b76c7e,0,0.8981755332341269,Membrane;Membrane,False
Q9Y345,Membrane,Q9Y345__e41e266f6f5adc35,0,0.8968936011904762,Membrane;Membrane,False
Q7RTX0,Membrane,Q7RTX0__741467c18af0e895,0,0.8968830436205371,Membrane;Membrane,False
Q01726,Membrane,Q01718__50fc802bf9cb11dd,0,0.8949071839565719,Membrane;Membrane,False
P46093,Membrane,O14843__2b20e0cb102e3730,0,0.8936930031514349,Membrane;Membrane,False
P62079,Membrane,P62079__729dd94688bb1a56,0,0.8920537298457009,Membrane;Membrane,False
Q8WUM9,Membrane,Q8WUM9__9812589e0b86f617,0,0.8902932516626834,Membrane;Membrane,False
Q9UGH3,Membrane,Q9UGH3__9cab313b7f1f3a8c,0,0.8896396546884674,Membrane;Membrane,False
Q96JN0,Nucleus,Q96JN0__b1cfd592808015db,0,0.8890274072245875,Nucleus;Nucleus,False
Q15648,Nucleus,Q15648__61f17c512bac7aef,0,0.8870064055970928,Nucleus;Nucleus,True
P48067,Membrane,P48067__c942a402c587890f,0,0.8859923743749493,Membrane;Membrane,False
P30518,Membrane,P30518__74850ff3a746768b,0,0.8847315228174604,Membrane;Membrane,False
Q8NG11,Membrane,P62079__729dd94688bb1a56,0,0.8846306286894754,Membrane;Membrane,False
Q8N5P1,Nucleus,Q8N5P1__e6f585beb240bcc9,0,0.8843565066251091,Nucleus;Nucleus,True
Q15743,Membrane,O14843__2b20e0cb102e3730,0,0.8824250492555312,Membrane;Membrane,False
Q64ET8,Nucleus,Q64ET8__6aeeef785d244441,0,0.8807697619525575,Nucleus;Nucleus,False
O14842,Membrane,O14842__de3c8c9ee981bcae,0,0.8778459821428571,Membrane;Membrane,False
P30939,Membrane,O14804__e1509937826bd69d,0,0.876757574023199,Membrane;Membrane,False
Q9HBW9,Membrane,Q9HBW9__cc63c92b64f9733d,0,0.8764215818903319,Membrane;Membrane,False
Q8TAD8,Nucleus,Q8TAD8__b6f22071f0a98852,0,0.8763532496588831,Nucleus;Nucleus,False
Q9NZD1,Membrane,Q9NZD1__5388eae978da4010,0,0.8747442336309524,Membrane;Membrane,False
Q9NVW2,Nucleus,Q9NVW2__3b8db07c92d93eef,0,0.8736787444314088,Nucleus;Nucleus,False
Q9BX79,Membrane,Q9BX79__cbf4afd758285857,0,0.8717587425595238,Membrane;Membrane,True
P24530,Membrane,P24530__f203a5007cc0cf30,0,0.8703281642278391,Membrane;Membrane,True
Q9H161,Nucleus,Q9H161__701d32cdcc5c9616,0,0.8659287517296059,Nucleus;Nucleus,False
Q9ULV1,Membrane,Q9ULV1__c997d9577170e241,0,0.8658794359633721,Membrane;Membrane,False
Q9BRL6,Nucleus,Q9BRL6__229f1f86c5744f08,0,0.8656084562655757,Nucleus;Nucleus,False
Q9Y2X9,Nucleus,Q9Y2X9__a9643d3d9b708be7,0,0.8655738467261904,Nucleus;Nucleus,False
O43194,Membrane,O43194__4103e48a62ade11c,0,0.8646773367783633,Membrane;Membrane,False
Q02161,Membrane,Q02161__e7857785c4ef5d34,0,0.8630631897475866,Membrane;Membrane,False
Q96A54,Membrane,Q86V24__4e83b8de9debe8a2,0,0.8602617976641415,Membrane;Membrane,True
Q50KZ9,Membrane,Q50KZ9__b0e2817e7950f554,0,0.8561817956349207,Membrane;Membrane,False
Q9P0M9,Mitochondrion,Q9P0M9__c2b3072c5cc24ec9,0,0.8552689404050575,Mitochondrion;Mitochondrion,False
Q8TDU6,Membrane,Q8TDU6__b5df8718f493236d,0,0.854790602961689,Membrane;Membrane,False
Q9NTW7,Nucleus,Q9NTW7__7d4293566a649f9d,0,0.852290626808359,Nucleus;Nucleus,False
Q9H4Z2,Nucleus,Q9H4Z2__7466f402c3160eb4,0,0.8510186372473443,Nucleus;Nucleus,False
Q9Y666,Membrane,Q9Y666__f33463a6a3752ed3,0,0.8503427128427128,Membrane;Membrane,False
Q16602,Membrane,P30988__eef79041ae0d751b,0,0.8500913149350648,Membrane;Membrane,False
Q96JP5,Nucleus,Q96JP5__3ce02fa04aa52641,0,0.8491971895292209,Nucleus;Nucleus,False
O95104,Nucleus,O95104__b4a4c7cbf2849d75,0,0.8486754481232156,Nucleus;Nucleus,False
Q9UNK4,Secreted,Q9UNK4__6f6cf4d5dac82d09,0,0.8478523087655356,Secreted;Secreted,False
Q6TCH4,Membrane,Q6TCH4__f6872ed0f80ad686,0,0.8458385473033909,Membrane;Membrane,False
Q86SM8,Membrane,P04201__f104c7b186d2a003,0,0.8454210069444443,Membrane;Membrane,False
P0DJD3,Nucleus,P0DJD3__91074d469cd2403f,0,0.8453929570610956,Nucleus;Nucleus,False
P34969,Membrane,P34969__987e15538f0f1ab2,0,0.8441831836268721,Membrane;Membrane,False
Q96JW4,Membrane,Q96JW4__990ba1979c6b5ef7,0,0.8430168030753968,Membrane;Membrane,False
Q9BYW1,Membrane,P11168__d863fcef95df00de,0,0.842965790719697,Membrane;Membrane,False
P51825,Nucleus,P51825__04dd2e46d11766ee,0,0.8429519807449495,Nucleus;Nucleus,True
P0DJD4,Nucleus,P0DJD3__91074d469cd2403f,0,0.8406580559035367,Nucleus;Nucleus,False
Q9HAW4,Nucleus,Q9HAW4__d0aea8dcecffc82e,0,0.8403861333707917,Nucleus;Nucleus,False
Q69YH5,Nucleus,Q69YH5__a3029a0d377ef246,0,0.8396448603479854,Nucleus;Nucleus,True
Q13886,Nucleus,Q13886__63b0e9b53ba251fc,0,0.8395306299603177,Nucleus;Nucleus,False
P30559,Membrane,P30518__74850ff3a746768b,0,0.8373063785173159,Membrane;Membrane,False
P43220,Membrane,P32241__95ca8f99a19d5f99,0,0.8371670954834899,Membrane;Membrane,False
P35659,Nucleus,P35659__4da9cd1142760751,0,0.8353174603174605,Nucleus;Nucleus,True
P49862,Secreted,P00746__89b6935d8d5a9980,0,0.8346693478812958,Secreted;Secreted,True
Q8TCB6,Membrane,A6NND4__1ab350c3762ee58b,0,0.8345966641865079,Membrane;Membrane,False
Q9H313,Membrane,Q9H313__87dd3174f408f1a7,0,0.8343067956349207,Membrane;Membrane,False
Q9P1Q5,Membrane,A6NND4__1ab350c3762ee58b,0,0.8337853406040446,Membrane;Membrane,False
Q8WW38,Nucleus,Q8WW38__e23789bd50696d49,0,0.8334708152090966,Nucleus;Nucleus,False
Q8N895,Nucleus,Q8N895__10aca9a2d5ea0395,0,0.8326797360944554,Nucleus;Nucleus,False
Q8WVC0,Nucleus,Q8WVC0__1b9f4a6aadee1885,0,0.8311905459189053,Nucleus;Nucleus,False
Q9H8M2,Nucleus,Q9H8M2__26c37f9f101caf7b,0,0.8309145182514068,Nucleus;Nucleus,False
P52569,Membrane,P52569__de8d1ff283d482cc,0,0.8289347396012798,Membrane;Membrane,False
Q9UHF7,Nucleus,Q9UHF7__f354d27f400d3924,0,0.8278304811507935,Nucleus;Nucleus,False
Q9UKS7,Nucleus,Q9H2S9__36640543b4ad7492,0,0.8270182291666668,Nucleus;Nucleus,True
P37275,Nucleus,P37275__cd46f549cc2b923b,0,0.8262575153114255,Nucleus;Nucleus,False
Q86TG1,Membrane,Q86TG1__46048cb22a513da3,0,0.8262385292658732,Membrane;Membrane,True
Q8NGD0,Membrane,A6NND4__1ab350c3762ee58b,0,0.8240313289141413,Membrane;Membrane,False
P17020,Nucleus,O60765__7991d51d11a01c75,0,0.8227987959512683,Nucleus;Nucleus,False
Q9UGU0,Nucleus,Q9UGU0__8635af727b2f5304,0,0.8219277033730159,Nucleus;Nucleus,False
Q8IZF0,Membrane,Q8IZF0__56bf6f93330f8039,0,0.8204318576388889,Membrane;Membrane,False
Q86UU0,Nucleus,Q86UU0__d18ef2ec12184986,0,0.8203129653823367,Nucleus;Nucleus,False
Q8TEZ7,Membrane,Q8TEZ7__a1f4ef42b0b8fd31,0,0.819873197955294,Membrane;Membrane,True
Q9HBX9,Membrane,Q9HBX9__d3060ee7b5361dbe,0,0.8192837514120725,Membrane;Membrane,False
Q6ZN30,Nucleus,Q6ZN30__a9e0bb327d45024e,0,0.817793024019748,Nucleus;Nucleus,False
Q86YT5,Membrane,Q86YT5__35aa22d6cddd672e,0,0.8166852678571428,Membrane;Membrane,False
Q15596,Nucleus,Q15596__873e4d8992906f33,0,0.816265829846778,Nucleus;Nucleus,False
P34982,Membrane,A6NND4__1ab350c3762ee58b,0,0.8149385878878066,Membrane;Membrane,True
Q6UB99,Nucleus,Q6UB99__42fcff59cc8bc2a1,0,0.8140904017857143,Nucleus;Nucleus,True
P42127,Secreted,P42127__888bc916e4d799e8,0,0.813632256252921,Secreted;Secreted,False
P50406,Membrane,P50406__a9754aa0eed81bf0,0,0.8135440622745311,Membrane;Membrane,False
Q9Y585,Membrane,A6NND4__1ab350c3762ee58b,0,0.8135403984036798,Membrane;Membrane,False
Q14CX5,Membrane,Q14CX5__23d5174f66d295d8,0,0.8124855276070035,Membrane;Membrane,False
Q6IEG0,Nucleus,Q6IEG0__0ad74de4db2e7c0c,0,0.8114260639189445,Nucleus;Nucleus,False
P15884,Nucleus,P15884__6e26e4440fbb8877,0,0.8108956473214285,Nucleus;Nucleus,False
Q9HCC8,Membrane,Q9HCC8__fd4c7fae17ed40e6,0,0.8095092949585136,Membrane;Membrane,True
Q8IVW6,Nucleus,Q8IVW6__bd3c61bfe958b25d,0,0.8093928324942237,Nucleus;Nucleus,False
Q9NXE8,Nucleus,Q9NXE8__f64f0f14754d0d74,0,0.8089654646712093,Nucleus;Nucleus,False
Q12947,Nucleus,Q12947__33187347e002cc51,0,0.807712219815977,Nucleus;Nucleus,False
Q9Y3E1,Nucleus,Q9Y3E1__a1d99c34eb839600,0,0.8062990711900856,Nucleus;Nucleus,False
Q96JM2,Nucleus,Q96JM2__226f7c86826cbc55,0,0.8060407366071428,Nucleus;Nucleus,False
P57071,Nucleus,P57071__13616e548041b86e,0,0.8057528454094618,Nucleus;Nucleus,False
Q9ULD5,Nucleus,Q9ULD5__7977761a1dd4262d,0,0.8054375475351777,Nucleus;Nucleus,False
Q9Y5X5,Membrane,Q9Y5X5__31b7680527e9f98f,0,0.8052344038529717,Membrane;Membrane,False
Q14246,Membrane,Q14246__9598b7a1f41d8d0e,0,0.8051363621406752,Membrane;Membrane,False
Q96QE2,Membrane,Q96QE2__0524d4ba4c0fdd96,0,0.8045991443452383,Membrane;Membrane,False
Q9Y2D9,Nucleus,Q9Y2D9__6990a366ec7950c3,0,0.8027824280753969,Nucleus;Nucleus,False
P43115,Membrane,P43115__eecded17e2f0be53,0,0.8023424702805384,Membrane;Membrane,False
Q5VUA4,Nucleus,Q5VUA4__7147c139db40348c,0,0.8018662546467731,Nucleus;Nucleus,False
O60284,Nucleus,O60284__748f8bc154907278,0,0.8011059375539283,Nucleus;Nucleus,False
Q86VZ6,Nucleus,Q86VZ6__48ef0260d9cca576,0,0.8005778155149668,Nucleus;Nucleus,False
Q12948,Nucleus,Q12948__61c1fa2212fc2637,0,0.7993071056547618,Nucleus;Nucleus,True
Q9C0A1,Nucleus,Q9C0A1__d0bd96063979cce8,0,0.7979024443181013,Nucleus;Nucleus,False
Q92733,Nucleus,Q92733__c46466894cfb7903,0,0.7965359761571326,Nucleus;Nucleus,False
P47871,Membrane,P32241__95ca8f99a19d5f99,0,0.7947419301458831,Membrane;Membrane,True
Q8TDB8,Membrane,P11168__d863fcef95df00de,0,0.7932446676587301,Membrane;Membrane,False
Q96K58,Nucleus,Q96K58__736cab592d597c3d,0,0.7922496995366557,Nucleus;Nucleus,False
Q86SQ4,Membrane,Q86SQ4__c859a288f6bf9cfa,0,0.7901737802128428,Membrane;Membrane,True
Q9HC52,Nucleus,Q9HC52__8f3101e514560e9d,0,0.7891556468704907,Nucleus;Nucleus,False
O15042,Nucleus,O15042__30cadaca1da71940,0,0.78868892609127,Nucleus;Nucleus,False
A8MW92,Nucleus,A8MW92__aac26fa6b1288fde,0,0.7877262349994275,Nucleus;Nucleus,True
Q6W2J9,Nucleus,Q6W2J9__fb1596c539433cf0,0,0.7858568948412699,Nucleus;Nucleus,False
Q6QNK2,Membrane,Q6QNK2__a339096416efb144,0,0.7842329545454545,Membrane;Membrane,False
Q8NFJ6,Membrane,Q8NFJ6__0b1aaf1fdaee0ee1,0,0.7833882314112337,Membrane;Membrane,False
P55317,Nucleus,P55317__ae6d66376c9002de,0,0.7833396746482685,Nucleus;Nucleus,False
Q8NBZ0,Nucleus,Q8NBZ0__fc482b55816a0276,0,0.783159214933417,Nucleus;Nucleus,False
Q53TQ3,Nucleus,Q53TQ3__c40027ea332393a0,0,0.7804315476190475,Nucleus;Nucleus,False
Q9HB58,Nucleus,Q9HB58__156fa71ba0f03374,0,0.780284455408877,Nucleus;Nucleus,True
P55081,Nucleus,P55081__c09e4f810766bef2,0,0.7786751488708978,Nucleus;Nucleus,False
Q9BW71,Nucleus,Q9BW71__c14518b6533d4f50,0,0.7782226562500001,Nucleus;Nucleus,True
A6NND4,Membrane,A6NND4__1ab350c3762ee58b,0,0.7769186867819681,Membrane;Membrane,False
Q10571,Nucleus,Q10571__ed9070dfffbddc30,0,0.7760556175595239,Nucleus;Nucleus,False
Q96K80,Nucleus,Q96K80__b390c4aca742ab9a,0,0.775185840558251,Nucleus;Nucleus,False
Q9Y388,Nucleus,Q9Y388__d22100f3eeb8ecc7,0,0.7748307845283464,Nucleus;Nucleus,False
Q5VTD9,Nucleus,Q5VTD9__4eaec34183653ae2,0,0.7743974579544023,Nucleus;Nucleus,False
Q9NZ81,Nucleus,Q9NZ81__ed2100834911dd95,0,0.7743390546527504,Nucleus;Nucleus,False
Q9HAB3,Membrane,Q9HAB3__82d9360311478818,0,0.7742644074675324,Membrane;Membrane,False
Q9Y2Y9,Nucleus,Q13886__63b0e9b53ba251fc,0,0.772846912202381,Nucleus;Nucleus,False
P48436,Nucleus,P48436__62a4d1c87b62b80d,0,0.7727213541666669,Nucleus;Nucleus,False
Q96MH2,Nucleus,Q96MH2__7b53e92beb239e61,0,0.7716986231884264,Nucleus;Nucleus,False
Q9BS31,Nucleus,O60765__7991d51d11a01c75,0,0.7716695528413118,Nucleus;Nucleus,False
Q96ST2,Nucleus,Q96ST2__ca65ffda62c7cfd7,0,0.7716409350198413,Nucleus;Nucleus,False
Q6DJT9,Nucleus,Q6DJT9__886b146b2d6be78e,0,0.7715169270833332,Nucleus;Nucleus,True
Q9C0H2,Membrane,Q9BSA4__a0c084890237a0a3,0,0.7711604049177079,Membrane;Membrane,False
Q9H3D4,Nucleus,Q9H3D4__33a4133f272286d3,0,0.7685630393338263,Nucleus;Nucleus,False
P81172,Secreted,P81172__a14bae8ad7c75504,0,0.768452240034271,Secreted;Secreted,False
Q9C0F3,Nucleus,O60765__7991d51d11a01c75,0,0.7677072331124835,Nucleus;Nucleus,False
Q96AV8,Nucleus,Q96AV8__ffc7b9a7b77b600c,0,0.7648634961511855,Nucleus;Nucleus,False
P55197,Nucleus,P55197__5770ec3ff7fe1b5e,0,0.7647343111105084,Nucleus;Nucleus,False
P19075,Membrane,O14817__2fb9a2c82e52a1b2,0,0.7640984341179653,Membrane;Membrane,False
Q8IXF0,Nucleus,Q8IXF0__ce681f5107a60e86,0,0.7632148775703462,Nucleus;Nucleus,False
P09234,Nucleus,P09234__7872abfa6342d7b4,0,0.759009775162066,Nucleus;Nucleus,False
Q86V15,Nucleus,Q86V15__1fe2547d8fb5526d,0,0.7562794518849207,Nucleus;Nucleus,False
A6H8Y1,Nucleus,A6H8Y1__234f6c026652bec9,0,0.755478046516574,Nucleus;Nucleus,False
Q7Z4V0,Nucleus,Q7Z4V0__a77bcae248ff3eac,0,0.755304385284854,Nucleus;Nucleus,False
Q9BYD2,Mitochondrion,Q9BYD2__caf343257590d095,0,0.7550798973162254,Mitochondrion;Mitochondrion,False
Q99958,Nucleus,Q12948__61c1fa2212fc2637,0,0.7545309399801587,Nucleus;Nucleus,False
Q96RL1,Nucleus,Q96RL1__83084b235b4faef8,0,0.7542021735800752,Nucleus;Nucleus,True
Q96N77,Nucleus,Q96N77__32ef07a964b9c460,0,0.7528913184103496,Nucleus;Nucleus,False
Q92833,Nucleus,Q92833__72d8d68f6efa5b8d,0,0.7528537326388889,Nucleus;Nucleus,True
Q9NQV6,Nucleus,Q9NQV6__33e6ccddf77f930d,0,0.7515330481150795,Nucleus;Nucleus,False
Q13029,Nucleus,Q13029__6bbe73d92d551f39,0,0.7511408730158731,Nucleus;Nucleus,False
Q5VWK5,Membrane,Q5VWK5__3fba3ca006333969,0,0.7474715517413648,Membrane;Membrane,False
Q569K4,Nucleus,Q569K4__8b12a0d40df09f40,0,0.7474057851945566,Nucleus;Nucleus,False
Q9NUJ1,Mitochondrion,Q9NUJ1__50b58ba185fd1cb5,0,0.7472884537337662,Mitochondrion;Mitochondrion,False
Q14973,Membrane,Q14973__53e4ed46e55eff8b,0,0.7457544191919192,Membrane;Membrane,False
Q7L2J0,Nucleus,Q7L2J0__e5c6a6751ae2750f,0,0.7445963541666667,Nucleus;Nucleus,False
Q9GZR1,Nucleus,Q9GZR1__8129a8803c969a7f,0,0.7430301694079269,Nucleus;Nucleus,False
P00995,Secreted,P00995__2f17f5ddb7fe12bb,0,0.7428991906530967,Secreted;Secreted,False
O95600,Nucleus,O95600__5f6d911a0d9ad745,0,0.7427191840277779,Nucleus;Nucleus,False
P04839,Membrane,P04839__cc35fa7eda9edd48,0,0.7419563803585405,Membrane;Membrane,True
Q9NWF4,Membrane,Q9HAB3__82d9360311478818,0,0.7413728524080088,Membrane;Membrane,False
P35499,Membrane,P35498__df512f038af3c758,0,0.7412282924445537,Membrane;Membrane,False
Q13242,Nucleus,Q13242__03346d5c8912f23e,0,0.7401812293205989,Nucleus;Nucleus,True
P29972,Membrane,P29972__8aaa3dd189e99d4f,0,0.7401057167658731,Membrane;Membrane,False
Q9BVI0,Nucleus,A8MW92__aac26fa6b1288fde,0,0.7399816483004078,Nucleus;Nucleus,False
Q9BSH4,Mitochondrion,Q9BSH4__57a176b7d7e4dbc3,0,0.7396840324781901,Mitochondrion;Mitochondrion,False
Q96NC0,Nucleus,Q96NC0__b6e99baeacfbcb5e,0,0.7379765585895453,Nucleus;Nucleus,False
Q99678,Membrane,Q99678__065dbf2e6ca54186,0,0.7370192307692307,Membrane;Membrane,False
P83369,Nucleus,P83369__1de29d2a5450b579,0,0.7367787633135483,Nucleus;Nucleus,False
P30291,Nucleus,P30291__5ef1f29ae6c48b18,0,0.7352110583555364,Nucleus;Nucleus,False
Q8IYW5,Nucleus,Q8IYW5__e26c503e132670df,0,0.7347070030663782,Nucleus;Nucleus,True
Q9Y618,Nucleus,Q9Y618__8f71dcb971fedac6,0,0.7333162822420636,Nucleus;Nucleus,False
Q8TCC3,Mitochondrion,Q8TCC3__b8592fc9d49e6908,0,0.7330281971985051,Mitochondrion;Mitochondrion,False
Q6UB98,Nucleus,Q6UB98__264459236f546cab,0,0.7314081101190477,Nucleus;Nucleus,False
P43004,Membrane,P43003__9bd2bb21d4f24d3b,0,0.7308349381419235,Membrane;Membrane,False
Q6PIU1,Membrane,P17658__eda1448fb4187cfe,0,0.7305137028769841,Membrane;Membrane,True
Q8NEM7,Nucleus,Q8NEM7__f1782e696ac92be9,0,0.7302463349658199,Nucleus;Nucleus,False
Q9NWS8,Mitochondrion,Q9NWS8__f860f37662d80c13,0,0.7301443565115441,Mitochondrion;Mitochondrion,True
P98175,Nucleus,P52756__83fff9e7321f503d,0,0.7299446764516694,Nucleus;Nucleus,True
A6NFX1,Membrane,A6NFX1__b8ebd264dc345458,0,0.7293338389041514,Membrane;Membrane,True
P58418,Membrane,P58418__33c99d40d76f0feb,0,0.7289853050595239,Membrane;Membrane,False
Q8NEZ4,Nucleus,O14686__3f7e3798caefae2c,0,0.7289595170454546,Nucleus;Nucleus,False
Q99590,Nucleus,Q99590__a9194abf7f4621c3,0,0.7286424946581197,Nucleus;Nucleus,False
Q15699,Nucleus,Q15699__fbb8ed909ca2e7ae,0,0.7277002728174604,Nucleus;Nucleus,False
Q8NHC4,Membrane,A6NND4__1ab350c3762ee58b,0,0.7273945672383172,Membrane;Membrane,False
Q9Y3B7,Mitochondrion,Q9Y3B7__19e32019f4b0e896,0,0.7261428797251829,Mitochondrion;Mitochondrion,False
P17014,Nucleus,O60765__7991d51d11a01c75,0,0.7257569619957254,Nucleus;Nucleus,False
Q9GZU8,Nucleus,Q9GZU8__951f2a8cac5a9ccf,0,0.7253208705357143,Nucleus;Nucleus,False
Q8WWT9,Membrane,Q86YT5__35aa22d6cddd672e,0,0.7250139508928573,Membrane;Membrane,False
Q9NU63,Nucleus,O60765__7991d51d11a01c75,0,0.7241223664001167,Nucleus;Nucleus,True
Q9UBT6,Nucleus,Q9UBT6__a9c2f7f66fe8f1cf,0,0.7241202482413421,Nucleus;Nucleus,True
Q9BQ15,Nucleus,Q96AH0__536175e3664d5acd,0,0.723340266504329,Nucleus;Nucleus,True
Q03989,Nucleus,Q03989__afb11eedc82f1515,0,0.7233155787355006,Nucleus;Nucleus,False
Q8IZF2,Membrane,Q8IZF2__eb81afb142b69922,0,0.722713603670635,Membrane;Membrane,False
Q06945,Nucleus,P35716__990389c3f8355698,0,0.7226004464285714,Nucleus;Nucleus,False
P38159,Nucleus,O75526__9bb27583e445d1ff,0,0.722526323502886,Nucleus;Nucleus,True
Q8WX77,Secreted,Q8WX77__4e7beedf206459d6,0,0.7219151235246171,Secreted;Secreted,False
Q9H2H9,Membrane,Q9H2H9__8b9302b583aae10a,0,0.7216736280212843,Membrane;Membrane,True
Q7Z7H8,Mitochondrion,Q7Z7H8__adfda39bd406d785,0,0.7215324280753967,Mitochondrion;Mitochondrion,False
P83111,Mitochondrion,P83111__bea3f92726a3dc44,0,0.7213631854256854,Mitochondrion;Mitochondrion,False
Q9Y399,Mitochondrion,Q9Y399__150a4be8793028f7,0,0.7207686304278931,Mitochondrion;Mitochondrion,False
P13349,Nucleus,P13349__45791a6373c12899,0,0.7200272817460317,Nucleus;Nucleus,False
Q9NYW8,Nucleus,O60765__7991d51d11a01c75,0,0.7200177228103701,Nucleus;Nucleus,False
P48552,Nucleus,P48552__fe8f644aa6c86a0b,0,0.7197684151785715,Nucleus;Nucleus,True
P35227,Nucleus,P35227__87d73e17b326796f,0,0.7193129655768498,Nucleus;Nucleus,False
Q96BU1,Nucleus,Q96BU1__3a7d6c5ee6ecdc67,0,0.7185945901774827,Nucleus;Nucleus,True
Q99684,Nucleus,Q99684__1a8c0c96260c3425,0,0.7185286176497114,Nucleus;Nucleus,True
P31942,Nucleus,P31942__a334502a36448009,0,0.7184847571937925,Nucleus;Nucleus,False
Q32MQ0,Nucleus,Q32MQ0__393a4634d262abeb,0,0.7182508680555555,Nucleus;Nucleus,False
Q9UKI8,Nucleus,Q9UKI8__8337c49698178115,0,0.7180385044642859,Nucleus;Nucleus,False
Q9BZE1,Mitochondrion,Q9BZE1__c0ec5fa14b3adbf5,0,0.7180221579635642,Mitochondrion;Mitochondrion,False
Q969F1,Nucleus,Q969F1__19c37478be70a6de,0,0.7179448578607859,Nucleus;Nucleus,False
O14497,Nucleus,O14497__1bd87af767bfd8e1,0,0.714032285499427,Nucleus;Nucleus,False
Q99743,Nucleus,Q99743__574191211169b4d8,0,0.71308004118833,Nucleus;Nucleus,False
P08833,Secreted,P08833__361cc8b012aa6de2,0,0.7115583567517973,Secreted;Secreted,False
Q96T23,Nucleus,Q96T23__e98d30e0b538dffe,0,0.7112742942821068,Nucleus;Nucleus,True
A0AVK6,Nucleus,A0AVK6__c6a34461eaf193f0,0,0.7108516104121574,Nucleus;Nucleus,False
Q2TBE0,Nucleus,Q2TBE0__c89391d6b8fd843f,0,0.7101203701262526,Nucleus;Nucleus,False
Q9BRD0,Nucleus,Q9BRD0__fe2f58ab5c0d00d2,0,0.70979046994672,Nucleus;Nucleus,False
P49767,Secreted,P49767__8fd35aadc7b2b246,0,0.7087409564035735,Secreted;Secreted,False
Q01453,Membrane,Q01453__ee94995b827178fc,0,0.7085122993326118,Membrane;Membrane,False
Q8TF45,Nucleus,O60765__7991d51d11a01c75,0,0.7082818021462745,Nucleus;Nucleus,False
P21917,Membrane,O14804__e1509937826bd69d,0,0.7067367745102122,Membrane;Membrane,False
O75525,Nucleus,O75525__2a7ac70c10c84be2,0,0.7063337053571429,Nucleus;Nucleus,True
Q96RE9,Nucleus,O60765__7991d51d11a01c75,0,0.7054884600757507,Nucleus;Nucleus,False
O60779,Membrane,O60779__20d22876a581dc3e,0,0.7048935656357531,Membrane;Membrane,False
P29374,Nucleus,P29374__93cfe8189194eba3,0,0.7042643229166667,Nucleus;Nucleus,False
P0DP91,Nucleus,P0DP91__32b5eef86f6e9135,0,0.7037777326839827,Nucleus;Nucleus,False
P35716,Nucleus,P35716__990389c3f8355698,0,0.7037141786165224,Nucleus;Nucleus,False
O43148,Nucleus,O43148__7fd695051f4714fd,0,0.7032288566468254,Nucleus;Nucleus,False
Q6PJP8,Nucleus,Q6PJP8__94dab7050e09cd3c,0,0.7019872271825396,Nucleus;Nucleus,True
Q15696,Nucleus,Q15696__8fba6d0c318a9f90,0,0.7019345671689421,Nucleus;Nucleus,False
Q3ZCT1,Nucleus,O60765__7991d51d11a01c75,0,0.7009544745945546,Nucleus;Nucleus,False
Q13495,Nucleus,Q13495__afcdf772c72de1a3,0,0.6997589595734127,Nucleus;Nucleus,True
P35637,Nucleus,P35637__4a254ab17fd6e25c,0,0.6990575396825399,Nucleus;Nucleus,True
Q9H1E1,Secreted,P34096__bdb5ad9576d2cdc1,0,0.6981484769570706,Secreted;Secreted,True
P41594,Membrane,P41594__d490de2ba2e67deb,0,0.6963275207532216,Membrane;Membrane,False
P62995,Nucleus,P62995__b24af2931a6b0612,0,0.6960300008151572,Nucleus;Nucleus,False
O43829,Nucleus,O43829__d1f39424c9f72e84,0,0.6953807043650795,Nucleus;Nucleus,True
Q9Y2R9,Mitochondrion,Q9Y2R9__94f3b91140e5afec,0,0.6946153781114719,Mitochondrion;Mitochondrion,False
Q9NRL2,Nucleus,Q9NRL2__8bfb026cca112636,0,0.6940956721230158,Nucleus;Nucleus,True
P0DXC1,Nucleus,P0DXC1__dfd13ad79fa0856c,0,0.69311058310575,Nucleus;Nucleus,False
O75526,Nucleus,O75526__9bb27583e445d1ff,0,0.6928744757846321,Nucleus;Nucleus,False
Q9UBZ9,Nucleus,Q9UBZ9__8d2a0cc5fc5e2361,0,0.6926757498179009,Nucleus;Nucleus,True
Q02078,Nucleus,Q02078__3449861bcd30cfd2,0,0.6925899621212122,Nucleus;Nucleus,False
Q9P2Y4,Nucleus,Q9P2Y4__4956b15946139c43,0,0.6910667782738096,Nucleus;Nucleus,False
P29084,Nucleus,P29084__ebc3cafb921217a1,0,0.6905848383387447,Nucleus;Nucleus,False
Q15424,Nucleus,Q15424__f92129181f754a71,0,0.6878261272075996,Nucleus;Nucleus,False
P56177,Nucleus,P56177__5cea5ceeb5354239,0,0.6875415166430792,Nucleus;Nucleus,False
O15263,Secreted,O15263__03c03ad492af4bd8,0,0.6874229780022632,Secreted;Secreted,False
O75603,Nucleus,O75603__6b9b0f6eb8c91c38,0,0.6870783384301072,Nucleus;Nucleus,False
Q96PN7,Nucleus,Q96PN7__0c3f2857c4b269c5,0,0.6869738117784993,Nucleus;Nucleus,False
P0DPK3,Secreted,P0DPK3__e4ebf6e260dae1c7,0,0.6862597656887639,Secreted;Secreted,False
Q6UWZ7,Nucleus,Q6UWZ7__6fdbbd5735e4ee6f,0,0.6855478226773957,Nucleus;Nucleus,True
Q99967,Nucleus,Q99967__dcba6138112bfbef,0,0.68484927615787,Nucleus;Nucleus,True
Q9UPN9,Nucleus,Q9UPN9__aeedad7c223f3aa3,0,0.6840479290674604,Nucleus;Nucleus,True
Q5T2R2,Mitochondrion,Q5T2R2__e6193fe4ac74d029,0,0.6840092307865745,Mitochondrion;Mitochondrion,False
P54132,Nucleus,P54132__79f713fb31871db6,0,0.6833040223665224,Nucleus;Nucleus,True
Q6ZVX9,Membrane,Q6TCH4__f6872ed0f80ad686,0,0.6822854662698412,Membrane;Membrane,False
Q4U2R6,Mitochondrion,Q4U2R6__847bee87afb35c66,0,0.6815876397907645,Mitochondrion;Mitochondrion,False
Q9H3S1,Membrane,Q9H3S1__96c47f6fa4f5ff83,0,0.6814727806915307,Membrane;Membrane,False
O14978,Nucleus,O14978__c4f71ba247d1fe9d,0,0.680833023313492,Nucleus;Nucleus,False
Q06455,Nucleus,Q06455__cfd18f20b2e8747b,0,0.6807703039148352,Nucleus;Nucleus,True
Q6ZSS7,Membrane,Q6ZSS7__7ba155b16e0575d2,0,0.6797482446828695,Membrane;Membrane,False
Q7Z2W9,Mitochondrion,Q7Z2W9__822b1a993f856646,0,0.6791146253671696,Mitochondrion;Mitochondrion,False
Q8IZT9,Nucleus,Q8IZT9__3d654df78ce696de,0,0.6787567049115786,Nucleus;Nucleus,False
Q9NWU1,Mitochondrion,Q9NWU1__cb55de96b77b57b6,0,0.6780823018127705,Mitochondrion;Mitochondrion,False
Q15072,Nucleus,Q15072__3c9d10a4042acace,0,0.6780118427579365,Nucleus;Nucleus,False
Q8IY92,Nucleus,Q8IY92__44ef1d7772f1f9cd,0,0.6774739583333332,Nucleus;Nucleus,True
O75879,Mitochondrion,O75879__fbc57757d126479d,0,0.6774126589556277,Mitochondrion;Mitochondrion,False
Q8TF66,Membrane,Q8TF66__ce37201f3a38d7fa,0,0.6759010492487267,Membrane;Membrane,False
Q9NZP8,Secreted,Q9NZP8__e50c99cd74cae31b,0,0.6757450818366342,Secreted;Secreted,False
Q13595,Nucleus,P62995__b24af2931a6b0612,0,0.6748819973429347,Nucleus;Nucleus,False
P23760,Nucleus,P23760__2bda27b070243018,0,0.6748728918650794,Nucleus;Nucleus,False
O60393,Nucleus,O60393__6a17e447bf507b58,0,0.6748186224663318,Nucleus;Nucleus,False
Q9BWC9,Nucleus,Q9BWC9__3e23dfae2182d16c,0,0.6746830047123016,Nucleus;Nucleus,True
O94864,Nucleus,O94864__f6b09aa6a4f5b67c,0,0.6744235520980788,Nucleus;Nucleus,False
Q13356,Nucleus,Q13356__b945db30cfd89d6e,0,0.6727570513333438,Nucleus;Nucleus,True
Q5T4W7,Secreted,Q5T4W7__3eb322d0bc238b69,0,0.672475733901515,Secreted;Secreted,False
O43692,Secreted,O43692__26d730260aaa4440,0,0.6719664558531746,Secreted;Secreted,False
Q92917,Nucleus,Q92917__4b73d64b0465b0ed,0,0.6718526822302331,Nucleus;Nucleus,False
O00267,Nucleus,O00267__764ff75d65f654b2,0,0.6718238467261903,Nucleus;Nucleus,False
Q13569,Nucleus,Q13569__dab3116205b9e740,0,0.6714363219246031,Nucleus;Nucleus,False
O94782,Nucleus,O94782__f35520aaf9cb6853,0,0.6712549603174603,Nucleus;Nucleus,False
Q8NFD5,Nucleus,O14497__1bd87af767bfd8e1,0,0.6711854876893939,Nucleus;Nucleus,False
Q8N1G1,Nucleus,Q8N1G1__a0b16eab8b7a0624,0,0.6705917996933622,Nucleus;Nucleus,False
Q15427,Nucleus,Q15427__8461dea7357d3ed4,0,0.6702969014492455,Nucleus;Nucleus,False
Q9Y6E2,Cytoplasm,Q9Y6E2__3c8bbda540f760b4,0,0.6700114356510156,Cytoplasm;Cytoplasm,False
Q96QT6,Nucleus,Q96QT6__f4fb97b3875a8be3,0,0.6696933058261183,Nucleus;Nucleus,False
Q8IUR6,Nucleus,Q8IUR6__c5f7514e88bcda7b,0,0.6696320064484127,Nucleus;Nucleus,True
Q9BYC9,Mitochondrion,Q9BYC9__2c1245ca9c5545db,0,0.6691735998376622,Mitochondrion;Mitochondrion,False
Q6ECI4,Nucleus,O60765__7991d51d11a01c75,0,0.6691724882829866,Nucleus;Nucleus,False
Q9BTK6,Nucleus,Q9BTK6__0687b8d3c15ff08e,0,0.6678163633241758,Nucleus;Nucleus,False
Q9UQ84,Nucleus,Q9UQ84__4dabd517c63ce9df,0,0.6678137400793651,Nucleus;Nucleus,True
Q8IX15,Nucleus,Q8IX15__2197b74404d017a8,0,0.6675844509947539,Nucleus;Nucleus,False
Q9UIL8,Nucleus,Q9UIL8__1008019fdd8cb89c,0,0.6673956795093073,Nucleus;Nucleus,False
P46776,Cytoplasm,P46776__fe8514c4123a0b58,0,0.6667190882034632,Cytoplasm;Cytoplasm,False
Q06141,Secreted,Q06141__77f442919756f70f,0,0.6663925375839439,Secreted;Secreted,True
O60765,Nucleus,O60765__7991d51d11a01c75,0,0.6657820817345927,Nucleus;Nucleus,False
O60542,Secreted,O60542__a892a04d97f7c88d,0,0.6654962008477636,Secreted;Secreted,False
Q8NEP9,Nucleus,O60765__7991d51d11a01c75,0,0.6647178791335029,Nucleus;Nucleus,False
Q8N7H5,Nucleus,Q8N7H5__e0897a8d4de2d5d0,0,0.6637648809523808,Nucleus;Nucleus,True
Q9HBX8,Membrane,Q9BXB1__8f414dfc5f20967b,0,0.6631947262806639,Membrane;Membrane,False
Q96QE3,Nucleus,Q96QE3__cc7e891bba9c449b,0,0.6630474668560606,Nucleus;Nucleus,True
P28325,Secreted,P01034__ae318b9c984ac982,0,0.6624608681249307,Secreted;Secreted,False
Q969G3,Nucleus,Q969G3__c1c3d1a8ee0be037,0,0.6618714943910258,Nucleus;Nucleus,False
Q8IY57,Nucleus,Q8IY57__b3ac379609366555,0,0.6615878695956823,Nucleus;Nucleus,False
Q9NPD8,Nucleus,Q9NPD8__5adf00d7297fe32c,0,0.6613724105812426,Nucleus;Nucleus,True
Q16594,Nucleus,Q16594__1eda43eb4bc1a23d,0,0.6597967679022367,Nucleus;Nucleus,False
P0C1S8,Nucleus,P0C1S8__934f5eb3269921d6,0,0.6595656622023811,Nucleus;Nucleus,False
Q9NP92,Mitochondrion,Q9NP92__fec04043948fe942,0,0.6595235112806006,Mitochondrion;Mitochondrion,False
Q86YN6,Nucleus,Q86YN6__c74ed27ffc5d5931,0,0.6592957713710696,Nucleus;Nucleus,False
P52756,Nucleus,P52756__83fff9e7321f503d,0,0.6585643349708366,Nucleus;Nucleus,False
P51671,Secreted,P13500__3812ea62049d89f0,0,0.6566150321033134,Secreted;Secreted,False
Q9BTL3,Nucleus,Q9BTL3__5b73efc9c11a09e0,0,0.6562247734183044,Nucleus;Nucleus,False
Q7Z5A8,Secreted,Q7Z5A7__79972210f3b53fed,0,0.6554714924832112,Secreted;Secreted,False
Q9NY74,Nucleus,Q9NY74__0b7e4108f2c87d48,0,0.6551292782738098,Nucleus;Nucleus,True
Q05D32,Nucleus,Q05D32__675c976a1c1b4121,0,0.6547747752094828,Nucleus;Nucleus,False
Q9BXB1,Membrane,Q9BXB1__8f414dfc5f20967b,0,0.6521949404761905,Membrane;Membrane,False
Q13351,Nucleus,Q13351__d4363505cdd764fa,0,0.6518795942970002,Nucleus;Nucleus,True
P17030,Nucleus,O60765__7991d51d11a01c75,0,0.6516042433701127,Nucleus;Nucleus,False
Q8WYA1,Nucleus,Q8WYA1__672612d5f97ef9cc,0,0.6514539930555557,Nucleus;Nucleus,False
O75475,Nucleus,O75475__a0d8504fc2ce2887,0,0.6499706890331891,Nucleus;Nucleus,True
Q15022,Nucleus,Q15022__39744fd3411045a1,0,0.6496375641748077,Nucleus;Nucleus,True
Q99757,Mitochondrion,Q99757__b1dff3a3522626f0,0,0.6489955357142856,Mitochondrion;Mitochondrion,False
A8MTJ6,Nucleus,A8MTJ6__f0b42ed6b9f6b39e,0,0.64887428082821,Nucleus;Nucleus,False
Q96SZ4,Nucleus,O14978__c4f71ba247d1fe9d,0,0.6478169833638585,Nucleus;Nucleus,False
Q8NFU5,Nucleus,Q8NFU5__7ec1dc2b8d34ae79,0,0.6467458196301759,Nucleus;Nucleus,False
Q96EL2,Mitochondrion,Q96EL2__7d7ea2526189d91a,0,0.6461816304826679,Mitochondrion;Mitochondrion,False
P59666,Secreted,P59666__c815a40ea9a37b86,0,0.6454502420322732,Secreted;Secreted,False
P40424,Nucleus,P40424__02b63a4f59185406,0,0.6451080278228716,Nucleus;Nucleus,False
Q9BYC2,Mitochondrion,Q9BYC2__d0512d338ba892b0,0,0.6449637825412163,Mitochondrion;Mitochondrion,False
Q14197,Mitochondrion,Q14197__aac4ef3550b6534e,0,0.6445846146041458,Mitochondrion;Mitochondrion,False
P55318,Nucleus,P55318__ef5103c2426f62b7,0,0.6442121591595567,Nucleus;Nucleus,False
Q99457,Nucleus,Q99457__b32e2ff5c0913aae,0,0.6442057291666667,Nucleus;Nucleus,False
Q86UQ0,Nucleus,O60765__7991d51d11a01c75,0,0.6432422808549114,Nucleus;Nucleus,False
P98182,Nucleus,P98182__280bc94b3ad2be02,0,0.6423952132936508,Nucleus;Nucleus,False
Q8WW12,Nucleus,Q8WW12__3d0b4998b21a65a8,0,0.6412405303030304,Nucleus;Nucleus,False
P82673,Mitochondrion,P82673__ddbc618da69eeb8f,0,0.6410180206078644,Mitochondrion;Mitochondrion,False
P18846,Nucleus,P18846__085f64e87f122bc4,0,0.6393106567911256,Nucleus;Nucleus,False
Q9H5J8,Nucleus,Q9H5J8__3aa9d09d73438396,0,0.6388347763347764,Nucleus;Nucleus,False
P62424,Cytoplasm,P62424__2e57bbdae76d3470,0,0.6387497075567599,Cytoplasm;Cytoplasm,False
Q9UL49,Nucleus,Q9UL49__91ec4977e5f1706f,0,0.6386362227182538,Nucleus;Nucleus,False
P82650,Mitochondrion,P82650__cb34554f21906984,0,0.6373554180194805,Mitochondrion;Mitochondrion,False
Q6P4F7,Nucleus,Q6P4F7__5ed0ca7dee82fd42,0,0.6368462976830596,Nucleus;Nucleus,False
Q9H334,Nucleus,Q9H334__5248da002fbcd3f3,0,0.6361630990537241,Nucleus;Nucleus,True
Q7Z3E1,Nucleus,Q7Z3E1__0ba14e92345e90b6,0,0.6354585193452381,Nucleus;Nucleus,False
Q8IXK0,Nucleus,P78364__37cb94299e1e9187,0,0.6347516741071428,Nucleus;Nucleus,True
Q9BYE7,Nucleus,Q9BYE7__262e4d5894eb5381,0,0.6345187626120952,Nucleus;Nucleus,False
Q8IXM3,Mitochondrion,Q8IXM3__672c9236d72b7d9b,0,0.634441892742674,Mitochondrion;Mitochondrion,False
Q5H9F3,Nucleus,Q5H9F3__48b00b4eae031e36,0,0.6337239583333334,Nucleus;Nucleus,False
Q659A1,Nucleus,Q659A1__235a142a9f198288,0,0.6337031024531025,Nucleus;Nucleus,True
M5A8F1,Secreted,M5A8F1__8cac09a03aced00a,0,0.6329854769796177,Secreted;Secreted,True
O14817,Membrane,O14817__2fb9a2c82e52a1b2,0,0.6322610874368688,Membrane;Membrane,False
O95365,Nucleus,O95365__f4b03ff915640038,0,0.6320234995039682,Nucleus;Nucleus,True
Q9BYN7,Nucleus,Q9BYN7__5e724a57b7a8b82a,0,0.6316114549512988,Nucleus;Nucleus,False
P83731,Cytoplasm,P83731__d699a4c699bc72ef,0,0.6307679191468254,Cytoplasm;Cytoplasm,False
Q9NP94,Membrane,Q9NP94__4a91ea2645efecc4,0,0.6302458175505052,Membrane;Membrane,False
Q12866,Membrane,P30530__0e1b606ba4a2733b,0,0.6283900669642857,Membrane;Membrane,False
P13500,Secreted,P13500__3812ea62049d89f0,0,0.6279392699314573,Secreted;Secreted,False
O95931,Nucleus,O95931__c6c68b0fd0d91ac0,0,0.6267523270822788,Nucleus;Nucleus,False
Q9BSA4,Membrane,Q9BSA4__a0c084890237a0a3,0,0.6264227676743557,Membrane;Membrane,False
O15090,Nucleus,O15090__be3ae7be1613717d,0,0.6263687375992064,Nucleus;Nucleus,False
Q96A35,Mitochondrion,Q96A35__719892d7179bc419,0,0.6259747305645743,Mitochondrion;Mitochondrion,False
Q9NQV8,Nucleus,Q9NQV8__d9393400f9fc1421,0,0.6258541046626984,Nucleus;Nucleus,False
Q9UBD9,Secreted,Q9UBD9__e9021cf04257faa1,0,0.6257547535228261,Secreted;Secreted,True
Q96E11,Mitochondrion,Q96E11__6a64a32f8cbedb4f,0,0.6255006820436508,Mitochondrion;Mitochondrion,False
P20226,Nucleus,P20226__c8e9eda88b795f6a,0,0.6254011018857335,Nucleus;Nucleus,False
Q9NXF7,Nucleus,Q9NXF7__989390fb99903d80,0,0.624946616483611,Nucleus;Nucleus,False
Q9HBZ2,Nucleus,Q9HBZ2__cb0bdbb047642c88,0,0.6244236449314575,Nucleus;Nucleus,False
Q14CW9,Nucleus,Q14CW9__a6118980ec10e0dd,0,0.6243799603174602,Nucleus;Nucleus,False
Q9UK33,Nucleus,Q9UK33__576230e3f9dda786,0,0.6240679134233821,Nucleus;Nucleus,True
P17813,Membrane,P17813__9d83bcc4b07c00cd,0,0.6239122850003742,Membrane;Membrane,False
Q9NR46,Cytoplasm,Q9NR46__8d3d5bc323dd4053,0,0.6237336690511393,Cytoplasm;Cytoplasm,False
P82912,Mitochondrion,P82912__79e0b9ceb4449790,0,0.6229988283918402,Mitochondrion;Mitochondrion,False
P02778,Secreted,P02778__9e0216db62967edf,0,0.6225449246933623,Secreted;Secreted,False
Q9UBW7,Nucleus,Q9UBW7__0ad13e0156d5423c,0,0.6207891555059524,Nucleus;Nucleus,False
Q9UI36,Nucleus,Q9UI36__b7f2685248bb8011,0,0.6198707217261903,Nucleus;Nucleus,False
O00241,Membrane,O00241__058126c4333fc698,0,0.6198452626558268,Membrane;Membrane,False
Q9HCK8,Nucleus,Q9HCK8__20a4b077942b8ef8,0,0.6192368662014565,Nucleus;Nucleus,True
Q86Y13,Cytoplasm,Q86Y13__3d6df33ad3f68ac0,0,0.6190228174603176,Cytoplasm;Cytoplasm,False
Q01543,Nucleus,Q01543__74912fafaea5266f,0,0.6176401289682539,Nucleus;Nucleus,False
O00142,Mitochondrion,O00142__700aaca4d7c026aa,0,0.6169465779908256,Mitochondrion;Mitochondrion,False
Q9NTI7,Nucleus,Q9NTI7__0aa05f5523f18d29,0,0.616741225437846,Nucleus;Nucleus,False
P20264,Nucleus,P20264__8467c6741f2857ca,0,0.6165642782846301,Nucleus;Nucleus,False
Q9NXZ1,Nucleus,Q9NXZ1__a71ae1e1c20b9fa5,0,0.6161179315476191,Nucleus;Nucleus,False
Q6EIG7,Membrane,Q6EIG7__4332a5c8f8f77e85,0,0.6153740637128317,Membrane;Membrane,False
O75937,Nucleus,O75937__90621a87e8eae11e,0,0.6147632857593796,Nucleus;Nucleus,False
Q8WTR7,Nucleus,O60765__7991d51d11a01c75,0,0.6135801469295522,Nucleus;Nucleus,True
B3EWF7,Nucleus,B3EWF7__c8d1f7a00eed9479,0,0.6118397333924952,Nucleus;Nucleus,False
P01225,Secreted,P01225__b5fe577d953dbc11,0,0.6118141599769762,Secreted;Secreted,True
O60242,Membrane,O60242__d6fa31c44d596ecf,0,0.611722337352246,Membrane;Membrane,False
P00749,Secreted,P00749__075cd160a22e392a,0,0.6111677218212057,Secreted;Secreted,True
Q9UIG0,Nucleus,Q9UIG0__199d496dabf0c813,0,0.6107527542066129,Nucleus;Nucleus,True
P62495,Cytoplasm,P62495__6ad4be1c91938c97,0,0.6107221771284272,Cytoplasm;Cytoplasm,False
Q96T58,Nucleus,Q96T58__494a51a306634b8f,0,0.6105949280753968,Nucleus;Nucleus,True
Q9GZP8,Nucleus,Q9GZP8__19d234a6cb545e96,0,0.6087880760732325,Nucleus;Nucleus,False
Q8NHW3,Nucleus,Q8NHW3__d3ac52c19747aba3,0,0.6087200217846345,Nucleus;Nucleus,False
P10242,Nucleus,P10242__d427fdd452484c79,0,0.6083806818181818,Nucleus;Nucleus,False
P01033,Secreted,P01033__866c27f972bc3d5e,0,0.6083224897932594,Secreted;Secreted,False
O43679,Nucleus,O43679__62e8bca7cc8c7f35,0,0.6047488145742618,Nucleus;Nucleus,False
Q9Y6X8,Nucleus,Q9H4I2__7cbd4f2f341f304d,0,0.6042241612554113,Nucleus;Nucleus,True
O95361,Cytoplasm,O95361__bafbcc869c53f6ee,0,0.6041341145833332,Cytoplasm;Cytoplasm,False
Q15916,Nucleus,Q15916__136343cc5f144193,0,0.6038233622465389,Nucleus;Nucleus,False
Q9HCE5,Nucleus,Q9HCE5__cc77d21e8d797ca1,0,0.6032646225089089,Nucleus;Nucleus,False
Q5T440,Mitochondrion,Q5T440__553a633c46324476,0,0.602161965638528,Mitochondrion;Mitochondrion,False
Q86YC2,Nucleus,Q86YC2__848e1c837f05f814,0,0.6020786820549209,Nucleus;Nucleus,True
O15178,Nucleus,O15178__239bb7ac44e71466,0,0.6012448546117706,Nucleus;Nucleus,False
P09466,Secreted,P09466__03db67f5ccc79c0e,0,0.6009674028228715,Secreted;Secreted,False
Q9H2S9,Nucleus,Q9H2S9__36640543b4ad7492,0,0.6001940442370128,Nucleus;Nucleus,False
Q9NW15,Membrane,Q9NW15__3b40b4bfb9f9a707,0,0.5999481529754969,Membrane;Membrane,True
Q9UJL9,Nucleus,O60765__7991d51d11a01c75,0,0.5975337438545437,Nucleus;Nucleus,False
Q5W186,Secreted,Q5W186__957f2d06d508e337,0,0.5973175441206953,Secreted;Secreted,True
P0DN86,Secreted,P0DN86__70afb5629af6fc2d,0,0.596142071166591,Secreted;Secreted,False
Q9BXF3,Nucleus,Q9BXF3__0dc6495e1e886cb7,0,0.5958537664592352,Nucleus;Nucleus,False
P18847,Nucleus,P18847__8a6387890eb4aede,0,0.5957710099918652,Nucleus;Nucleus,False
Q13207,Nucleus,Q13207__adfc8e2e90887e70,0,0.595163553047474,Nucleus;Nucleus,False
Q8WV37,Nucleus,O60765__7991d51d11a01c75,0,0.5951385482516636,Nucleus;Nucleus,False
P01034,Secreted,P01034__ae318b9c984ac982,0,0.5944175290854978,Secreted;Secreted,False
O94888,Nucleus,O94888__085de6dc40e55665,0,0.5941748681006493,Nucleus;Nucleus,False
Q9NZL3,Nucleus,O60765__7991d51d11a01c75,0,0.5936963498659777,Nucleus;Nucleus,True
P35398,Nucleus,P35398__c904032d7c1bef63,0,0.5934942336309524,Nucleus;Nucleus,False
Q13111,Nucleus,Q13111__f44bfabca3e73489,0,0.5931640624999999,Nucleus;Nucleus,True
Q9Y2P7,Nucleus,O60765__7991d51d11a01c75,0,0.5930381366486245,Nucleus;Nucleus,False
O95218,Nucleus,O95218__e3d911c06c298fc9,0,0.592758218344156,Nucleus;Nucleus,False
O75888,Secreted,O75888__5656de7cebd5e481,0,0.5925269606862915,Secreted;Secreted,False
D3W0D1,Membrane,D3W0D1__ef38993b3657d74f,0,0.5922647300065282,Membrane;Membrane,False
P35498,Membrane,P35498__df512f038af3c758,0,0.5922159915035787,Membrane;Membrane,False
Q9BQA5,Nucleus,Q9BQA5__4ba24d152f79ff6e,0,0.5922093443662602,Nucleus;Nucleus,True
P01344,Secreted,P01344__f207ede2979646b7,0,0.5917127035291099,Secreted;Secreted,False
Q9NQX1,Nucleus,O60765__7991d51d11a01c75,0,0.5911412249092074,Nucleus;Nucleus,False
Q6VMQ6,Nucleus,Q6VMQ6__4af05150a8949a99,0,0.591108630952381,Nucleus;Nucleus,False
Q9NPF7,Secreted,Q9NPF7__18441f075ed6b551,0,0.5907919832815216,Secreted;Secreted,True
P41180,Membrane,P41180__6c2adc8809792b84,0,0.5907018003697692,Membrane;Membrane,False
Q9UGT4,Membrane,Q9UGT4__9d136142edc3006c,0,0.5904568158801843,Membrane;Membrane,True
Q9H0E9,Nucleus,Q9H0E9__6e98aa7bc4184b08,0,0.5903643231525717,Nucleus;Nucleus,False
Q8N5F7,Nucleus,Q8N5F7__cfebd875c0abb98c,0,0.5902328249007935,Nucleus;Nucleus,False
Q6PII3,Nucleus,Q6PII3__039588b42955e349,0,0.5899768200549451,Nucleus;Nucleus,True
Q96SD1,Nucleus,Q96SD1__f9d03f9d9280ef51,0,0.5882841308252718,Nucleus;Nucleus,False
P34096,Secreted,P34096__bdb5ad9576d2cdc1,0,0.588205902170746,Secreted;Secreted,True
O60602,Membrane,O60602__3955f9ee05c01899,0,0.5879464285714286,Membrane;Membrane,False
A0A0J9YXV3,Secreted,A0A0J9YXV3__d597bde492fb1c45,0,0.5875793915977325,Secreted;Secreted,False
Q7RTV3,Nucleus,Q7RTV3__d266a08a2875ae94,0,0.5870861235119049,Nucleus;Nucleus,False
P58012,Nucleus,P58012__89d93154bc2b027b,0,0.586852058531746,Nucleus;Nucleus,False
Q9NZI5,Nucleus,Q8TE85__7d10818504bb7d32,0,0.5855298239087301,Nucleus;Nucleus,False
P35367,Membrane,P35367__9112bbed27c42f31,0,0.5850274674976781,Membrane;Membrane,False
P17032,Nucleus,O60765__7991d51d11a01c75,0,0.5844751754247985,Nucleus;Nucleus,False
Q9BUV0,Nucleus,Q9BUV0__0b33a760c816a3e2,0,0.5842016707251083,Nucleus;Nucleus,False
Q5T4T1,Membrane,Q5T4T1__b1c6bb96c7d3e70a,0,0.5840050319370172,Membrane;Membrane,False
Q86V24,Membrane,Q86V24__4e83b8de9debe8a2,0,0.5833978087884337,Membrane;Membrane,True
P78364,Nucleus,P78364__37cb94299e1e9187,0,0.5833768770292208,Nucleus;Nucleus,False
P33240,Nucleus,P33240__9e62ed7fce0b0130,0,0.5833318265935454,Nucleus;Nucleus,True
Q12791,Membrane,Q12791__d4e6b670eb793c48,0,0.58311815137987,Membrane;Membrane,False
Q9HC58,Membrane,Q9HC58__06f2266491a320bf,0,0.5830006256764069,Membrane;Membrane,False
Q99801,Nucleus,Q99801__dcce223c48fbfcc0,0,0.5829657647040459,Nucleus;Nucleus,False
Q9H4I2,Nucleus,Q9H4I2__7cbd4f2f341f304d,0,0.582713575487013,Nucleus;Nucleus,False
P54278,Nucleus,P54278__152668d47d44ad5b,0,0.5822544642857144,Nucleus;Nucleus,False
Q9UBP6,Nucleus,Q9UBP6__eb8dd1cbc59f1355,0,0.5807908875690527,Nucleus;Nucleus,False
P48509,Membrane,O14817__2fb9a2c82e52a1b2,0,0.5806625124007938,Membrane;Membrane,True
P39880,Nucleus,P39880__4a192b91f7ea673e,0,0.5803911911187403,Nucleus;Nucleus,False
Q9UKY1,Nucleus,Q9H4I2__7cbd4f2f341f304d,0,0.5801835317460319,Nucleus;Nucleus,True
Q9H665,Membrane,Q9H665__fd2f28895ec61fe5,0,0.5801549853186863,Membrane;Membrane,False
P10092,Secreted,P06881__c9996ffe4f3651e0,0,0.5801254734848484,Secreted;Secreted,False
Q8WV60,Mitochondrion,Q8WV60__71d94b0911adcb8e,0,0.5801173002344877,Mitochondrion;Mitochondrion,False
Q9UIH9,Nucleus,Q9UIH9__b7b02d35c1aaa364,0,0.5799076140873018,Nucleus;Nucleus,False
P36578,Cytoplasm,P36578__7a06894c0bbf3e0a,0,0.5793902658083395,Cytoplasm;Cytoplasm,False
P48664,Membrane,P43003__9bd2bb21d4f24d3b,0,0.5793746617965368,Membrane;Membrane,False
P15923,Nucleus,P15884__6e26e4440fbb8877,0,0.5786145928724055,Nucleus;Nucleus,False
Q9H0F5,Nucleus,Q9H0F5__84133503cf3d70b9,0,0.5779618168290043,Nucleus;Nucleus,False
Q6PI98,Nucleus,Q6PI98__a57ffed66c853b6d,0,0.5765564405212843,Nucleus;Nucleus,False
Q9NYY1,Secreted,Q9NYY1__aa228f7dc1964b14,0,0.5765092871538184,Secreted;Secreted,False
Q6B0I6,Nucleus,Q6B0I6__5a63358615cb51a7,0,0.5764898105020426,Nucleus;Nucleus,False
P01215,Secreted,P01215__3b00b149fb9cf76d,0,0.5761875510027441,Secreted;Secreted,False
Q9ULQ0,Cytoplasm,Q5VSL9__eac86d1dabd226fe,0,0.5759906543109667,Cytoplasm;Cytoplasm,True
O94892,Nucleus,O60765__7991d51d11a01c75,0,0.5753818173536112,Nucleus;Nucleus,True
Q8N9N8,Nucleus,Q8N9N8__622812cdd3c78680,0,0.5753197796382568,Nucleus;Nucleus,False
P12524,Nucleus,P12524__60ae6c1c2f4bb6d6,0,0.5749224950396825,Nucleus;Nucleus,False
Q9BYC8,Mitochondrion,Q9BYC8__56cddf47c1ee4458,0,0.5747896092622655,Mitochondrion;Mitochondrion,False
P54725,Nucleus,P54725__cc5c4c20c67dd011,0,0.5745149598665223,Nucleus;Nucleus,False
P13498,Membrane,P13498__928ccbd7cbbfc119,0,0.5739896615423543,Membrane;Membrane,False
Q96QR8,Nucleus,Q96QR8__c7d89195be5dd577,0,0.5738817642801709,Nucleus;Nucleus,False
P62851,Cytoplasm,P62851__b8ddf44f27f9042c,0,0.5737565159688129,Cytoplasm;Cytoplasm,False
Q4G176,Mitochondrion,Q4G176__9b23a9c38ce64f20,0,0.5725039175234488,Mitochondrion;Mitochondrion,False
P29459,Secreted,P29459__2ce004e921ab5aaa,0,0.5722625248015872,Secreted;Secreted,False
Q9BWP8,Secreted,Q9BWP8__ad5c2382489687aa,0,0.5715403691524591,Secreted;Secreted,False
Q8TBZ0,Nucleus,Q8TBZ0__301280748a4012dc,0,0.571193097267316,Nucleus;Nucleus,False
O95980,Membrane,O95980__eed1f737e8589620,0,0.5706993793413617,Membrane;Membrane,False
P01298,Secreted,P01298__35a162f66dfacc6c,0,0.570023151761433,Secreted;Secreted,False
Q9H0C3,Membrane,Q9H0C3__489a52aaac75aee3,0,0.5697544642857143,Membrane;Membrane,False
Q96B23,Nucleus,Q96B23__1303e49218a31912,0,0.5696804822781386,Nucleus;Nucleus,False
Q8WVM0,Mitochondrion,Q8WVM0__e86c0ba488453416,0,0.5695153262536075,Mitochondrion;Mitochondrion,False
O43290,Nucleus,O43290__1176aed00c6c3022,0,0.5682756696428571,Nucleus;Nucleus,True
O14686,Nucleus,O14686__3f7e3798caefae2c,0,0.5670448908730159,Nucleus;Nucleus,False
Q9H7L9,Nucleus,Q9H7L9__a0f4a325accd1b35,0,0.5660514181998557,Nucleus;Nucleus,False
O14727,Cytoplasm,O14727__29b2db740200c028,0,0.5652674721517579,Cytoplasm;Cytoplasm,False
Q04724,Nucleus,Q04724__d271a7594c0d7e0c,0,0.5651368596681097,Nucleus;Nucleus,True
Q14320,Nucleus,Q14320__e7d25201fcb1a735,0,0.5646926749465813,Nucleus;Nucleus,False
Q6STE5,Nucleus,Q6STE5__7b49ceef71c89aef,0,0.5646893037518038,Nucleus;Nucleus,False
Q15847,Nucleus,Q15847__141d117214debbd4,0,0.5646499583336893,Nucleus;Nucleus,False
Q96T54,Membrane,Q96T54__0f5369a8ecf84e08,0,0.5644867827169552,Membrane;Membrane,False
P17342,Membrane,P17342__8323c5642e8f0c51,0,0.563081390935622,Membrane;Membrane,False
Q5VZE5,Cytoplasm,Q5VZE5__6f3a2b5ecb18f4c7,0,0.5624474809045121,Cytoplasm;Cytoplasm,False
P17028,Nucleus,P17028__ae803153b1c784e0,0,0.5607716393849208,Nucleus;Nucleus,False
Q9P2R7,Mitochondrion,Q9P2R7__36863a0cb546fd50,0,0.560577031475469,Mitochondrion;Mitochondrion,False
Q15744,Nucleus,Q15744__75d0af597e53395b,0,0.5602540471681094,Nucleus;Nucleus,False
Q9BW85,Nucleus,Q9BW85__c61c1cf957297490,0,0.5592602926587302,Nucleus;Nucleus,False
P59923,Nucleus,P59923__a786d2be1a7ff412,0,0.5581848056457432,Nucleus;Nucleus,True
Q92583,Secreted,P13500__3812ea62049d89f0,0,0.5572656401757964,Secreted;Secreted,False
Q9BX68,Mitochondrion,Q9BX68__f4517aaf05924d30,0,0.5568921421460484,Mitochondrion;Mitochondrion,False
Q9UNL4,Nucleus,Q9H160__230f88e6fa570ee7,0,0.556808295870796,Nucleus;Nucleus,False
Q96H86,Nucleus,O60765__7991d51d11a01c75,0,0.556364292642616,Nucleus;Nucleus,False
Q9Y2R5,Mitochondrion,Q9Y2R5__fb9600b67149fcaa,0,0.5562408403228716,Mitochondrion;Mitochondrion,False
Q8N8U9,Secreted,Q8N8U9__a1c65c47cc2e3783,0,0.5556832598824786,Secreted;Secreted,False
Q9BWX1,Nucleus,Q9BWX1__c1c0a30f9f02253e,0,0.5555726066468253,Nucleus;Nucleus,False
P41214,Cytoplasm,P41214__393e19b3d75f38d7,0,0.5554941152597404,Cytoplasm;Cytoplasm,False
B6A8C7,Membrane,B6A8C7__c24b03d9d13d754f,0,0.555475344980848,Membrane;Membrane,False
Q5T0F9,Nucleus,Q5T0F9__8922a4d838637430,0,0.5538178943452381,Nucleus;Nucleus,False
Q7L590,Nucleus,Q7L590__162db325f2725a70,0,0.5536303323412699,Nucleus;Nucleus,True
P63173,Cytoplasm,P63173__c34e32f6de40d659,0,0.5536132008027962,Cytoplasm;Cytoplasm,False
Q08ET2,Membrane,Q08ET2__92b3734c7620266a,0,0.5531099217622655,Membrane;Membrane,False
P30988,Membrane,P30988__eef79041ae0d751b,0,0.5519421333874459,Membrane;Membrane,False
Q14832,Membrane,P41180__6c2adc8809792b84,0,0.5515175471230158,Membrane;Membrane,False
P21506,Nucleus,O60765__7991d51d11a01c75,0,0.5514472876796352,Nucleus;Nucleus,False
Q8WUU5,Nucleus,Q8WUU5__5335d0f6ad36e2b4,0,0.5513532366071427,Nucleus;Nucleus,False
Q8N8E2,Nucleus,Q8N8E2__59bfc6531fe1ff86,0,0.5509551429473305,Nucleus;Nucleus,False
Q9ULI0,Nucleus,Q6PL18__7db2f33ffda54052,0,0.5502698581800145,Nucleus;Nucleus,True
Q70Z53,Nucleus,Q70Z53__d63f7b85d457e344,0,0.5496215373168499,Nucleus;Nucleus,False
Q96HU1,Cytoplasm,Q96HU1__f0a17c175f8534ee,0,0.5485491071428572,Cytoplasm;Cytoplasm,False
P10155,Cytoplasm,P10155__9c52d7f528d3178e,0,0.5472886404096617,Cytoplasm;Cytoplasm,True
Q9BQ48,Mitochondrion,Q9BQ48__36069721b57df66d,0,0.5442951887049763,Mitochondrion;Mitochondrion,False
Q9P0J6,Mitochondrion,Q9P0J6__5527ad582973ee22,0,0.5437408836822899,Mitochondrion;Mitochondrion,False
Q7L592,Mitochondrion,Q7L592__44c967dad58260d3,0,0.5433509741126927,Mitochondrion;Mitochondrion,False
Q5BKX6,Membrane,Q5BKX6__746ae0c671c7ca1c,0,0.5431382524973298,Membrane;Membrane,False
O14867,Nucleus,O14867__fa8e172c1f63495f,0,0.5427315848214286,Nucleus;Nucleus,False
O00411,Mitochondrion,O00411__e79aa9b4800713f4,0,0.542329707037748,Mitochondrion;Mitochondrion,False
Q58WW2,Nucleus,Q58WW2__a81ceb2f0fd66bcd,0,0.541784615124459,Nucleus;Nucleus,False
Q8TDR4,Nucleus,Q8TDR4__6eb6155b22bada6a,0,0.5414269107628484,Nucleus;Nucleus,False
Q8TE85,Nucleus,Q8TE85__7d10818504bb7d32,0,0.5408577967171717,Nucleus;Nucleus,False
Q9UM63,Nucleus,Q6DJT9__886b146b2d6be78e,0,0.5401162747842434,Nucleus;Nucleus,False
A1A519,Nucleus,A1A519__7e63a3711fbbfffb,0,0.5393588507846321,Nucleus;Nucleus,False
Q96KN4,Cytoplasm,Q96KN4__17229c832105841a,0,0.5384402760867606,Cytoplasm;Cytoplasm,False
P52565,Cytoplasm,P52565__fff4642ce787c71b,0,0.5379634796626984,Cytoplasm;Cytoplasm,False
Q99666,Cytoplasm,Q99666__e0e47132c6f0ebf9,0,0.5376289400703463,Cytoplasm;Cytoplasm,False
P41279,Cytoplasm,P41279__85be618bbf0bc60f,0,0.5374576703678267,Cytoplasm;Cytoplasm,False
Q9P013,Nucleus,Q9P013__96615dd89a09abb1,0,0.5373159029236695,Nucleus;Nucleus,False
P52739,Nucleus,P52739__2199b2d7de4b600d,0,0.5371257106608671,Nucleus;Nucleus,True
P43003,Membrane,P43003__9bd2bb21d4f24d3b,0,0.5352554563492065,Membrane;Membrane,False
P0DMU8,Nucleus,P0DMU8__65b80a349fee31d5,0,0.5352304596445221,Nucleus;Nucleus,False
P20702,Membrane,P20702__ff28f3995e32b234,0,0.5351717509920636,Membrane;Membrane,False
Q9UID6,Nucleus,Q9UID6__c64c393e6bf2f05a,0,0.5347904265873016,Nucleus;Nucleus,False
P62910,Cytoplasm,P62910__9dee3c52cc2816b3,0,0.5343346974206348,Cytoplasm;Cytoplasm,False
Q4KMQ2,Membrane,Q32M45__1509fe9c1f8bc231,0,0.5343083494247658,Membrane;Membrane,True
P09683,Secreted,P09683__94524a71b8b3947e,0,0.5336670111572455,Secreted;Secreted,False
Q96I25,Nucleus,Q96I25__861a96831cc35aaa,0,0.533647028946615,Nucleus;Nucleus,False
P28347,Nucleus,P28347__0510ee24c4318b12,0,0.5335537292568542,Nucleus;Nucleus,False
Q9UL17,Nucleus,Q9UL17__8c452c4b47a38905,0,0.5332810527146465,Nucleus;Nucleus,False
Q8NDX5,Nucleus,P78364__37cb94299e1e9187,0,0.5332466686958874,Nucleus;Nucleus,False
Q8NHU0,Nucleus,P0DMU8__65b80a349fee31d5,0,0.5330169179778554,Nucleus;Nucleus,False
Q14814,Nucleus,Q02078__3449861bcd30cfd2,0,0.5330017530212843,Nucleus;Nucleus,True
Q14153,Nucleus,Q14153__51373cb26621f0d0,0,0.5328636532738095,Nucleus;Nucleus,False
Q5HYN5,Nucleus,P0DMU8__65b80a349fee31d5,0,0.532682096549284,Nucleus;Nucleus,False
Q9H160,Nucleus,Q9H160__230f88e6fa570ee7,0,0.5326486122384559,Nucleus;Nucleus,True
Q9Y2D0,Mitochondrion,P22748__62f5e1881b0efc28,0,0.5320093590631131,Mitochondrion;Mitochondrion,False
Q6PHR2,Cytoplasm,Q6PHR2__069dcf65f46230dc,0,0.53123750876705,Cytoplasm;Cytoplasm,True
Q9BYN8,Mitochondrion,Q9BYN8__d189093762109198,0,0.5307959618506493,Mitochondrion;Mitochondrion,False
Q9Y6F8,Nucleus,Q9Y6F8__4defde59a1d7277c,0,0.5296092088580304,Nucleus;Nucleus,False
O00329,Cytoplasm,O00329__f3c1cbb6ec13c808,0,0.5293928402326841,Cytoplasm;Cytoplasm,False
Q9NWZ3,Cytoplasm,Q9NWZ3__d1e98792da352b2d,0,0.5290194072420635,Cytoplasm;Cytoplasm,False
P04054,Secreted,P04054__f6542b3dd52ac7b3,0,0.5287989245997058,Secreted;Secreted,True
Q13547,Nucleus,Q13547__7289cbc54521bc20,0,0.5285747549711614,Nucleus;Nucleus,False
Q9NY25,Membrane,Q9NY25__080eb688f55b4c0b,0,0.527973090277778,Membrane;Membrane,False
O95747,Cytoplasm,O95747__841f0c04e7ea6ae1,0,0.5278781964068868,Cytoplasm;Cytoplasm,False
P62899,Cytoplasm,P62899__bdd26c0e5b8ad314,0,0.5272925967261904,Cytoplasm;Cytoplasm,False
Q96G74,Nucleus,Q96G74__6d6b4b5f03173caa,0,0.5266787574404763,Nucleus;Nucleus,False
Q53S33,Mitochondrion,Q53S33__6167d4e5f21ce017,0,0.5265898489531301,Mitochondrion;Mitochondrion,False
P43694,Nucleus,P43694__42903e3d362a1f4b,0,0.5263501364087301,Nucleus;Nucleus,False
P32418,Membrane,P32418__db3ee956b37e2f9f,0,0.5261858258928571,Membrane;Membrane,False
Q9BQC6,Mitochondrion,Q9BQC6__04d07fd70555f1bd,0,0.5258969004086191,Mitochondrion;Mitochondrion,False
A0PJY2,Nucleus,A0PJY2__8aa0abaf2ac61e71,0,0.5255376730474387,Nucleus;Nucleus,False
Q92620,Nucleus,Q92620__19b96d837c466400,0,0.5253782242063492,Nucleus;Nucleus,False
Q6UB35,Mitochondrion,Q6UB35__152d4d0127c4e8c5,0,0.525292147195405,Mitochondrion;Mitochondrion,False
P01308,Secreted,P01308__99603f8fb1e9872e,0,0.5247697398088021,Secreted;Secreted,False
Q9BRU2,Nucleus,Q9BRU2__73c8999b58e24b1a,0,0.5247136544011545,Nucleus;Nucleus,False
P18089,Membrane,O14804__e1509937826bd69d,0,0.5225325238997115,Membrane;Membrane,True
Q86XK3,Nucleus,Q86XK3__28eed0bb032dffec,0,0.5221745919011545,Nucleus;Nucleus,True
P04155,Secreted,P04155__22ce821f234da4df,0,0.521395482364069,Secreted;Secreted,False
P78371,Cytoplasm,P78371__a3b781856b0a8144,0,0.5212662337405854,Cytoplasm;Cytoplasm,False
O94813,Secreted,O94813__692c0d0821d7f871,0,0.5209168977723664,Secreted;Secreted,True
O14776,Nucleus,O14776__20834b6dfdbb2aa7,0,0.520343263507326,Nucleus;Nucleus,False
Q8NCN2,Nucleus,Q8NCN2__bd14a0b62f038110,0,0.5201621403769842,Nucleus;Nucleus,False
Q9H999,Cytoplasm,Q9H999__d211f724098edc87,0,0.5200159540979854,Cytoplasm;Cytoplasm,False
Q2TAK8,Nucleus,Q2TAK8__cae3f40bf1fdd386,0,0.5196639840194528,Nucleus;Nucleus,True
Q9NVE5,Cytoplasm,Q9NVE5__e11e06c9d2a77680,0,0.5193777901785714,Cytoplasm;Cytoplasm,False
P09001,Mitochondrion,P09001__1fd140a49abc44f5,0,0.5188280148431237,Mitochondrion;Mitochondrion,False
Q9H1D0,Membrane,Q9H1D0__de54b9165094fbbc,0,0.5185930420937314,Membrane;Membrane,False
Q9Y5J3,Nucleus,Q14469__7a179922344f7ecb,0,0.5185594787157288,Nucleus;Nucleus,False
Q8IY21,Cytoplasm,Q8IY21__eda1de0399b07142,0,0.5184418120941559,Cytoplasm;Cytoplasm,False
Q86XT9,Membrane,Q86XT9__ab5104865c330bee,0,0.5183919270833333,Membrane;Membrane,False
Q96SI1,Nucleus,Q719H9__4823bde8c3d43195,0,0.5183707998392995,Nucleus;Nucleus,False
Q12891,Membrane,Q12891__b30ab8009d187573,0,0.5180467050909773,Membrane;Membrane,False
Q58F21,Nucleus,Q58F21__73222727caca7871,0,0.5170469938048062,Nucleus;Nucleus,True
P30307,Nucleus,P30307__d4b382d296f08244,0,0.5169644266323955,Nucleus;Nucleus,False
Q6P3S6,Nucleus,Q6P3S6__7fb38d56bde945ea,0,0.5164063909181097,Nucleus;Nucleus,False
P08514,Membrane,P08514__e85172b63418bae3,0,0.5156214485394913,Membrane;Membrane,False
Q9HCF6,Membrane,Q9HCF6__ac0d234a0cfd8758,0,0.5155734239718615,Membrane;Membrane,False
Q96JM7,Nucleus,Q96JM7__f1abca78483b429c,0,0.5154823908730158,Nucleus;Nucleus,False
P0C1Z6,Nucleus,P0C1Z6__d939dd7e5feb3a72,0,0.5154637896825398,Nucleus;Nucleus,False
Q7Z410,Membrane,Q7Z410__daeef2c6081d449e,0,0.5150390625000001,Membrane;Membrane,False
P35998,Cytoplasm,P35998__9049600747f3ac2f,0,0.514880670544733,Cytoplasm;Cytoplasm,True
Q9ULD4,Nucleus,Q9ULD4__b60065cfc6bccc50,0,0.5148468501984127,Nucleus;Nucleus,False
Q9NZG7,Membrane,Q9NZG7__f76749dc37bf74ef,0,0.5137006222943722,Membrane;Membrane,False
Q8IYD8,Nucleus,Q8IYD8__719b0768a65b1a17,0,0.5136572195165946,Nucleus;Nucleus,False
Q6P4R8,Nucleus,Q6P4R8__749c870dee2f91e5,0,0.5135715774708616,Nucleus;Nucleus,False
Q13573,Nucleus,Q13573__9b024ea8d7b4f9eb,0,0.5125579173430737,Nucleus;Nucleus,False
P59901,Membrane,P59901__6c29d8da608bde3f,0,0.5105189732142857,Membrane;Membrane,False
Q9H4Z3,Nucleus,Q9H4Z3__77937164a1cbeb98,0,0.5097020709325397,Nucleus;Nucleus,False
O14649,Membrane,O14649__7960e9cf1aca3a12,0,0.5096400669642857,Membrane;Membrane,False
A8MTJ3,Cytoplasm,A8MTJ3__69d69c3bddc7e9c1,0,0.5091548859126984,Cytoplasm;Cytoplasm,True
Q14520,Secreted,Q14520__bb40432da7775c11,0,0.5090975322420634,Secreted;Secreted,True
Q9Y253,Nucleus,Q9Y253__bd58c0aff528af69,0,0.5089996375152624,Nucleus;Nucleus,True
P08913,Membrane,O14804__e1509937826bd69d,0,0.5085828993055557,Membrane;Membrane,False
Q9UHH9,Nucleus,Q96PC2__1e701f49d8ee0a98,0,0.5085608996441808,Nucleus;Nucleus,False
P51449,Nucleus,P35398__c904032d7c1bef63,0,0.5080775669642856,Nucleus;Nucleus,False
O15370,Nucleus,O15370__1fcb2d8307ca4be3,0,0.5079240529435842,Nucleus;Nucleus,False
Q6PEY1,Membrane,Q6PEY1__6635ce524d515b30,0,0.5076883945048009,Membrane;Membrane,False
Q9UP38,Membrane,Q9ULV1__c997d9577170e241,0,0.5073246134953029,Membrane;Membrane,False
Q9H2W6,Mitochondrion,Q9H2W6__cbef5ade60cb4370,0,0.5071714108722386,Mitochondrion;Mitochondrion,False
Q9UFW8,Nucleus,Q9UFW8__dc79c4c8f868f39b,0,0.5063403285082972,Nucleus;Nucleus,False
Q9HD33,Mitochondrion,Q9HD33__a4ada16d69bc2ed9,0,0.5062926765075202,Mitochondrion;Mitochondrion,False
Q96KN3,Nucleus,Q96KN3__fa078416a3d40d43,0,0.5057727103625542,Nucleus;Nucleus,False
Q03431,Membrane,Q03431__db20616a415dae80,0,0.5052734375,Membrane;Membrane,False
O60293,Nucleus,O60293__8b297b34c62bc19c,0,0.5047682460768398,Nucleus;Nucleus,True
Q96E29,Mitochondrion,Q96E29__c95bd4d401f6c31a,0,0.5043283294054265,Mitochondrion;Mitochondrion,False
Q9H892,Cytoplasm,Q9H892__e434b9022bf6208d,0,0.5035432883089133,Cytoplasm;Cytoplasm,False
Q9UBC3,Nucleus,Q9UBC3__98ed5e5f7c4fc9e0,0,0.5017348428481241,Nucleus;Nucleus,False
Q9Y468,Nucleus,Q9Y468__6c2472dd5fb9edaf,0,0.5012414222291105,Nucleus;Nucleus,True
Q92637,Membrane,Q92637__1d85341bf49cdb7f,0,0.5010623242488987,Membrane;Membrane,False
P06881,Secreted,P06881__c9996ffe4f3651e0,0,0.5007811090818903,Secreted;Secreted,False
Q96HJ9,Mitochondrion,Q96HJ9__8f7982cfa6455481,0,0.5005133213141025,Mitochondrion;Mitochondrion,False
Q2M3G0,Membrane,Q2M3G0__9207a16959a43653,0,0.4994979304549617,Membrane;Membrane,False
Q32M45,Membrane,Q32M45__1509fe9c1f8bc231,0,0.4993386520512961,Membrane;Membrane,True
Q8TEA1,Cytoplasm,Q8TEA1__c956bbaf62ab4759,0,0.4991973304473305,Cytoplasm;Cytoplasm,False
Q86TS9,Mitochondrion,Q86TS9__399f2cf89de06ac4,0,0.49899889606920844,Mitochondrion;Mitochondrion,False
P19440,Membrane,P19440__801f58f9fcded7a2,0,0.49899398561507935,Membrane;Membrane,False
B0L3A2,Membrane,B0L3A2__741e248a9af7f9d1,0,0.4988515174062049,Membrane;Membrane,False
Q86U86,Nucleus,Q86U86__74456b553ff5ddac,0,0.49772050865800865,Nucleus;Nucleus,False
Q9NRY2,Nucleus,Q9NRY2__8c2d6e51a7ddb99a,0,0.49725336512445883,Nucleus;Nucleus,True
Q7L266,Cytoplasm,Q7L266__64a9b3399e572b2a,0,0.49686881880075984,Cytoplasm;Cytoplasm,True
Q9UI32,Mitochondrion,Q9UI32__a7296309eecd4f50,0,0.4954677483974358,Mitochondrion;Mitochondrion,False
P11836,Membrane,P11836__598b359b42a9d884,0,0.4948841082779515,Membrane;Membrane,True
P15144,Membrane,P15144__99ba03877f7508cb,0,0.49482421875000004,Membrane;Membrane,True
Q6P161,Mitochondrion,Q6P161__b2830f585d58f60b,0,0.49427759740259725,Mitochondrion;Mitochondrion,False
Q9BWT3,Nucleus,Q9BWT3__4f5c6a85b6623c7d,0,0.49399678661928426,Nucleus;Nucleus,False
Q9UIB8,Membrane,Q9UIB8__54fbd30ada53cdab,0,0.4933331642316018,Membrane;Membrane,False
Q9BRF8,Cytoplasm,Q9BRF8__0965084fa8180b66,0,0.49260757688492074,Cytoplasm;Cytoplasm,False
Q8IZS7,Membrane,Q8IZS7__1bc895f1b4aa696a,0,0.4922328928591068,Membrane;Membrane,False
P21589,Membrane,P21589__0e3740730dd7a0bb,0,0.4919286334325397,Membrane;Membrane,False
Q9BYH8,Nucleus,Q9BYH8__567f1b6fac303d44,0,0.49121395633717646,Nucleus;Nucleus,True
Q8IVS2,Mitochondrion,Q8IVS2__9cb270eee2ba31f3,0,0.48967563469516595,Mitochondrion;Mitochondrion,False
P20594,Membrane,P20594__fe3da7595d12a872,0,0.4892206101190476,Membrane;Membrane,False
Q7L0X2,Nucleus,Q7L0X2__be57572441bc7c81,0,0.489056581439394,Nucleus;Nucleus,False
Q9Y258,Secreted,P13500__3812ea62049d89f0,0,0.48789624482696625,Secreted;Secreted,False
P01574,Secreted,P01574__783298856c3779f3,0,0.4864707758719166,Secreted;Secreted,False
Q14CZ7,Mitochondrion,Q14CZ7__710bc42b9dadc530,0,0.48505835527319896,Mitochondrion;Mitochondrion,False
Q9BUJ2,Nucleus,Q9BUJ2__88d61a0a529c2068,0,0.484817060110029,Nucleus;Nucleus,False
Q96I23,Mitochondrion,Q96I23__ce5782a2f6929c46,0,0.48407170086857576,Mitochondrion;Mitochondrion,False
Q9UI33,Membrane,P35498__df512f038af3c758,0,0.483170454127732,Membrane;Membrane,False
Q9BXJ3,Secreted,Q9BXJ3__20573ff9d694c744,0,0.48316070864898997,Secreted;Secreted,False
Q86YH6,Mitochondrion,Q86YH6__cf70a43add10a4b7,0,0.4817033317011721,Mitochondrion;Mitochondrion,False
Q9P2W1,Nucleus,Q9P2W1__3f1011cf51dd860a,0,0.4806802680826118,Nucleus;Nucleus,False
P32942,Membrane,P05362__c13e370f975e57b5,0,0.48046099950396826,Membrane;Membrane,True
Q9H9L7,Nucleus,Q9H9L7__992b75e9e94baaec,0,0.48039725031912534,Nucleus;Nucleus,False
Q9Y6X5,Membrane,Q6UWR7__cefbb77774f62820,0,0.4803160313177809,Membrane;Membrane,False
Q8NHV9,Nucleus,Q8NHV9__dd57e6b3d0594ec5,0,0.480126160176212,Nucleus;Nucleus,False
P49589,Cytoplasm,P49589__aaec77bda46be5ed,0,0.4795186369917875,Cytoplasm;Cytoplasm,False
Q13077,Cytoplasm,Q13077__26741763f4014375,0,0.47879622900150215,Cytoplasm;Cytoplasm,False
Q14833,Membrane,P41180__6c2adc8809792b84,0,0.47779229234307363,Membrane;Membrane,False
P48995,Membrane,P48995__0b3c67de268a6557,0,0.47778158256673875,Membrane;Membrane,False
O75355,Membrane,O75355__bce692cd15f4091a,0,0.4767376612103174,Membrane;Membrane,False
Q9UDY6,Cytoplasm,Q9C037__b8468b0c290980a7,0,0.47664310515873015,Cytoplasm;Cytoplasm,False
A1Z1Q3,Nucleus,A1Z1Q3__872c0ec9e3b701db,0,0.4754906660180098,Nucleus;Nucleus,True
Q8N427,Cytoplasm,Q8N427__bb821c9686eb5b23,0,0.47518807213067227,Cytoplasm;Cytoplasm,True
Q6NUP7,Cytoplasm,Q6NUP7__95f220a7d22f19d4,0,0.4748139880952382,Cytoplasm;Cytoplasm,False
Q5VZI3,Membrane,Q5VZI3__fb4f91b1f9cd6038,0,0.4747323423104673,Membrane;Membrane,False
P17947,Nucleus,P17947__297ab89000ff919c,0,0.47432725694444444,Nucleus;Nucleus,False
P51398,Mitochondrion,P51398__52e37428d9af8b8d,0,0.47396918402777777,Mitochondrion;Mitochondrion,False
Q9NYS0,Cytoplasm,Q9NYS0__5b26344d9b9f8465,0,0.4739498376168737,Cytoplasm;Cytoplasm,False
Q9NVS2,Mitochondrion,Q9NVS2__8b6aef72425c6fde,0,0.4696184783098845,Mitochondrion;Mitochondrion,False
Q6ZRS2,Nucleus,Q6ZRS2__3d1d6375d1e66da4,0,0.4693348101551227,Nucleus;Nucleus,False
O60894,Membrane,O60894__9d33c57ebb30dfe8,0,0.46927661097582973,Membrane;Membrane,False
O14717,Cytoplasm,O14717__29a0408ae03026a8,0,0.4690323241396279,Cytoplasm;Cytoplasm,False
P34130,Secreted,P34130__038eb4a04f0b8d92,0,0.46824621775793646,Secreted;Secreted,False
Q92908,Nucleus,Q92908__036fca82f5301acb,0,0.46807032229010015,Nucleus;Nucleus,False
Q9H2U2,Mitochondrion,Q9H2U2__6302ad0aa4a7b354,0,0.4678890879086191,Mitochondrion;Mitochondrion,False
P58004,Cytoplasm,P58004__581332e2a42b24c1,0,0.467337805423743,Cytoplasm;Cytoplasm,False
O75394,Mitochondrion,O75394__737a0619dd33f016,0,0.4669511102432731,Mitochondrion;Mitochondrion,False
P27918,Secreted,P27918__6ca24511123cda9f,0,0.4663533840291654,Secreted;Secreted,False
Q5VSL9,Cytoplasm,Q5VSL9__eac86d1dabd226fe,0,0.46612737306096674,Cytoplasm;Cytoplasm,True
Q96LT9,Nucleus,Q96LT9__4c4c35b26aebb77c,0,0.4656963045634921,Nucleus;Nucleus,False
P22466,Secreted,P22466__711ad45389af41d4,0,0.46424639813311697,Secreted;Secreted,False
O14561,Mitochondrion,O14561__43aa1cdb7bb3efd8,0,0.46380349251443,Mitochondrion;Mitochondrion,False
Q9BVG3,Cytoplasm,Q9BVG3__40647b2197bdaf46,0,0.46333860367063495,Cytoplasm;Cytoplasm,False
Q9BXV9,Nucleus,Q9BXV9__9335b79a633c1e15,0,0.4629000665133478,Nucleus;Nucleus,False
Q9NX02,Cytoplasm,P59046__bce6651626bc9258,0,0.46265190972222225,Cytoplasm;Cytoplasm,False
P28827,Membrane,P28827__df563f7892d7a8dd,0,0.46255735367063494,Membrane;Membrane,True
Q05481,Nucleus,Q05481__8a535449fe611d30,0,0.46155026296165985,Nucleus;Nucleus,False
Q5TB30,Nucleus,Q5TB30__f267d3a9e03b0ed7,0,0.46124174219877345,Nucleus;Nucleus,True
P32119,Cytoplasm,P32119__6dcb8680c8a9362b,0,0.46110855117793537,Cytoplasm;Cytoplasm,False
P62891,Cytoplasm,P62891__ee67430588c9d87b,0,0.4610331725566101,Cytoplasm;Cytoplasm,False
Q14213,Secreted,Q14213__72a8a64abe37eef8,0,0.45986140595515596,Secreted;Secreted,False
Q9ULR0,Nucleus,Q9ULR0__00169eaf649dfc91,0,0.4597527472527472,Nucleus;Nucleus,False
O43156,Cytoplasm,O43156__02b2e855e36a9df3,0,0.45918968769904844,Cytoplasm;Cytoplasm,False
P23434,Mitochondrion,P23434__947efca06e4e36fa,0,0.4575609611742424,Mitochondrion;Mitochondrion,False
Q9Y4X0,Nucleus,Q9Y4X0__7c16fe30b704fa31,0,0.45645747481684973,Nucleus;Nucleus,False
Q9NRR1,Secreted,Q9NRR1__aaed36cd04b353b2,0,0.45602402155136523,Secreted;Secreted,False
Q5XPI4,Cytoplasm,Q5XPI4__c80b782eaa730a03,0,0.4554140737734488,Cytoplasm;Cytoplasm,False
Q9Y4C2,Membrane,Q9Y4C2__97704802fe6eeda1,0,0.45498976934523816,Membrane;Membrane,True
P0DMU9,Nucleus,P0DMU8__65b80a349fee31d5,0,0.45477373104326224,Nucleus;Nucleus,False
O00478,Membrane,O00478__15475cf4e0aca2b7,0,0.454616195436508,Membrane;Membrane,False
P56373,Membrane,P51575__47a7ae3585219f3b,0,0.4542150015782829,Membrane;Membrane,True
Q9HCU8,Nucleus,Q9HCU8__702b70eea77165fa,0,0.454149713951405,Nucleus;Nucleus,True
P62917,Cytoplasm,P62917__b8adfcfd66147b8c,0,0.45391090029761905,Cytoplasm;Cytoplasm,False
Q8IU81,Nucleus,Q8IU81__0b5f3e244e32fbc2,0,0.45273451591810965,Nucleus;Nucleus,False
P20023,Membrane,P20023__8b918d84682153ef,0,0.4516617063492063,Membrane;Membrane,False
Q96B02,Nucleus,Q96B02__47e2ed149f28fb0d,0,0.4513712836292909,Nucleus;Nucleus,True
P16220,Nucleus,P16220__990558cfd6a93c01,0,0.44967865251068373,Nucleus;Nucleus,False
Q8IYL3,Nucleus,Q8IYL3__98b932a21eea28ce,0,0.44936460024350655,Nucleus;Nucleus,False
Q8N2E6,Secreted,Q8N2E6__5a39523224a7228e,0,0.4489271130273019,Secreted;Secreted,False
Q96LR4,Secreted,Q7Z5A9__d9463d93487ed57e,0,0.44867430746337,Secreted;Secreted,False
Q15428,Nucleus,Q15428__d1fce4fbd291337f,0,0.44858001156829286,Nucleus;Nucleus,False
Q8N608,Membrane,P42658__ff334f5d70cd4390,0,0.447377829931279,Membrane;Membrane,False
Q8N423,Membrane,P59901__6c29d8da608bde3f,0,0.44736948164682533,Membrane;Membrane,False
Q99988,Secreted,Q99988__e7cc12a1753279a2,0,0.4468370496690809,Secreted;Secreted,True
P83881,Cytoplasm,P83881__79f38bfbc7f5435e,0,0.4468273696789322,Cytoplasm;Cytoplasm,False
Q9UKL0,Nucleus,Q9UKL0__c439463f0f8ad68e,0,0.4462146577380952,Nucleus;Nucleus,True
B2CW77,Nucleus,B2CW77__cb62044b7a49dab1,0,0.44605263443154075,Nucleus;Nucleus,False
Q9Y2I2,Membrane,Q96CW9__da208c5ab31eae8b,0,0.4454815984838689,Membrane;Membrane,False
P41182,Nucleus,P41182__9c418558debe0111,0,0.444699365304834,Nucleus;Nucleus,False
Q96GM5,Nucleus,Q6STE5__7b49ceef71c89aef,0,0.44426709900342704,Nucleus;Nucleus,False
Q6V1X1,Cytoplasm,Q6V1X1__e77cf62a15aae70b,0,0.44414104775432905,Cytoplasm;Cytoplasm,False
Q9NPF0,Membrane,Q9NPF0__3cb21f73f020b0f1,0,0.4434677301864802,Membrane;Membrane,False
Q6P2P2,Cytoplasm,Q6P2P2__dc360328575b9e20,0,0.44296052255036633,Cytoplasm;Cytoplasm,False
P05113,Secreted,P05113__b536d3a02bc7e2f2,0,0.442138249120671,Secreted;Secreted,False
P14784,Membrane,P14784__7b744774df6ab963,0,0.4419906374007937,Membrane;Membrane,False
P09914,Cytoplasm,P09914__89e22718ae2cd55e,0,0.44011484392343764,Cytoplasm;Cytoplasm,False
Q07075,Membrane,P15144__99ba03877f7508cb,0,0.43993675595238096,Membrane;Membrane,False
Q9ULA0,Cytoplasm,Q9ULA0__5828f460e2f36cc5,0,0.4394469246031747,Cytoplasm;Cytoplasm,False
Q9NZI7,Nucleus,Q12800__d7520ea932afc672,0,0.4393694196428572,Nucleus;Nucleus,False
B4DJY2,Membrane,B4DJY2__913b0e2aa0911f1e,0,0.4392876871392496,Membrane;Membrane,False
Q9NQ31,Nucleus,Q9NQ31__36c12fc89fdac11a,0,0.439022167476076,Nucleus;Nucleus,True
Q9BRA2,Cytoplasm,Q9BRA2__84e24da1b0033317,0,0.4387866528003246,Cytoplasm;Cytoplasm,False
Q969D9,Secreted,Q969D9__5e9c457073a540c0,0,0.4380380253427128,Secreted;Secreted,False
Q7Z5W3,Cytoplasm,Q7Z5W3__770f82bab4e2c7fc,0,0.4374549062049062,Cytoplasm;Cytoplasm,False
A6NLJ0,Nucleus,A6NLJ0__5cb0f0e07b9a47a5,0,0.43671564550953224,Nucleus;Nucleus,False
Q9C037,Cytoplasm,Q9C037__b8468b0c290980a7,0,0.43602317821067826,Cytoplasm;Cytoplasm,False
Q9BT43,Nucleus,Q9BT43__7254a0e93197e082,0,0.4358161153083028,Nucleus;Nucleus,False
Q9ULJ3,Nucleus,Q9ULJ3__fea82979480a8292,0,0.43576494577471137,Nucleus;Nucleus,True
Q9HAD4,Cytoplasm,Q9HAD4__22ef89ef63909567,0,0.43547489228033187,Cytoplasm;Cytoplasm,False
P08579,Nucleus,P08579__1122100e71d6fd77,0,0.43470398576097097,Nucleus;Nucleus,False
Q96CB9,Mitochondrion,Q96CB9__3fe2a0ba70d46d6a,0,0.434642701048951,Mitochondrion;Mitochondrion,False
P13984,Nucleus,P13984__5cb40b142ee2c619,0,0.43463710768398256,Nucleus;Nucleus,False
Q99250,Membrane,P35498__df512f038af3c758,0,0.43314504132366377,Membrane;Membrane,False
Q67FW5,Cytoplasm,Q67FW5__52f8d0d6179e55f8,0,0.4330977182539682,Cytoplasm;Cytoplasm,False
P50135,Cytoplasm,P50135__3a30db52eac79e9b,0,0.4328237734487735,Cytoplasm;Cytoplasm,False
Q14202,Nucleus,Q14202__2d8e92b90ea07255,0,0.4327862783917472,Nucleus;Nucleus,False
Q8IWT3,Cytoplasm,Q8IWT3__d6925cf18d76f136,0,0.43266599936521816,Cytoplasm;Cytoplasm,False
Q8NF64,Nucleus,Q8NF64__6debccd1f24706ae,0,0.43251178075396823,Nucleus;Nucleus,True
Q9BUE6,Mitochondrion,Q9BUE6__f47e3663beeeeb6e,0,0.4313562305749805,Mitochondrion;Mitochondrion,False
Q02548,Nucleus,Q02548__237ae80f4adcbce8,0,0.4306102317821069,Nucleus;Nucleus,False
P18065,Secreted,P18065__cb090c520014e453,0,0.4303336095328282,Secreted;Secreted,False
Q13084,Mitochondrion,Q13084__ffe9c9753231efeb,0,0.43025272253787883,Mitochondrion;Mitochondrion,False
Q14406,Secreted,P01241__8fb62f9161f42d75,0,0.42914774028055264,Secreted;Secreted,False
P82930,Mitochondrion,P82930__72ba5b40369af0c9,0,0.42902294103465977,Mitochondrion;Mitochondrion,False
Q9P1Z3,Membrane,Q9P1Z3__3e0e83c7902bf8cb,0,0.42876389808410253,Membrane;Membrane,False
Q14562,Nucleus,Q14562__1e8a0bd7316396f9,0,0.42743031707875456,Nucleus;Nucleus,False
Q9H9S0,Nucleus,Q6NSW7__59096b2907462acd,0,0.42741523884102034,Nucleus;Nucleus,False
P51857,Cytoplasm,P42330__7a787644dd8d6e14,0,0.4265858053568059,Cytoplasm;Cytoplasm,False
P00746,Secreted,P00746__89b6935d8d5a9980,0,0.4265369090713286,Secreted;Secreted,False
P35237,Cytoplasm,P05121__85dcfe09ecc84ccb,0,0.4264446382610445,Cytoplasm;Cytoplasm,False
Q9UII2,Mitochondrion,Q9UII2__e8372755142cb1e1,0,0.4262624528249529,Mitochondrion;Mitochondrion,False
Q9NZC9,Nucleus,Q9NZC9__5804ae73e49d5384,0,0.42611766488719616,Nucleus;Nucleus,True
Q9NX20,Mitochondrion,Q9NX20__01da783fc2b770c7,0,0.425521509230149,Mitochondrion;Mitochondrion,False
Q15848,Secreted,Q15848__0cd6bacadafe4991,0,0.4252697172619047,Secreted;Secreted,False
Q8IWG1,Cytoplasm,Q8IWG1__660ea855b987c963,0,0.4250906808035714,Cytoplasm;Cytoplasm,False
Q6NSW7,Nucleus,Q6NSW7__59096b2907462acd,0,0.4249663205717895,Nucleus;Nucleus,False
Q8N5C7,Nucleus,Q8N5C7__b94f154ff317c48b,0,0.42459866522366524,Nucleus;Nucleus,False
O43257,Nucleus,O43257__601ebe79f911827d,0,0.4223007136093073,Nucleus;Nucleus,False
P84090,Nucleus,P84090__a152f86cd23fb3bc,0,0.42183445894383387,Nucleus;Nucleus,False
P51965,Nucleus,P51965__1e8abf77bbf48b6c,0,0.42173549107142855,Nucleus;Nucleus,False
P39905,Secreted,P39905__6b142a7d02bfea43,0,0.42147328040882726,Secreted;Secreted,False
Q9H3T3,Membrane,Q9H3T3__0d9a14b1281286e4,0,0.4209085131448412,Membrane;Membrane,False
Q5TD97,Nucleus,Q5TD97__d77fce720ca076e5,0,0.42042775556702194,Nucleus;Nucleus,True
G2XKQ0,Nucleus,G2XKQ0__badc20fa89b7cf54,0,0.4200131899350651,Nucleus;Nucleus,True
P32243,Nucleus,P32243__cda81068cf320969,0,0.4198169343677157,Nucleus;Nucleus,False
Q5JTZ9,Mitochondrion,Q5JTZ9__f3fd470ed532f287,0,0.4196068092064186,Mitochondrion;Mitochondrion,False
O95073,Nucleus,O95073__81065f814f1b2337,0,0.41948164682539685,Nucleus;Nucleus,False
Q14469,Nucleus,Q14469__7a179922344f7ecb,0,0.4193593299062049,Nucleus;Nucleus,False
Q13007,Secreted,Q13007__3af25cde2f87b830,0,0.41899082904942275,Secreted;Secreted,False
Q9ULL4,Membrane,O15031__fb1ede6db30917e4,0,0.4186633353625542,Membrane;Membrane,True
P14151,Membrane,P14151__28ea52e4a2c9c8a4,0,0.41849085159632027,Membrane;Membrane,False
O95256,Membrane,O95256__58467bc49eeba19f,0,0.41731264612123986,Membrane;Membrane,False
P16109,Membrane,P16109__def353dc153b1f5f,0,0.416622548458486,Membrane;Membrane,False
O00308,Nucleus,O00308__b1941a50e3e5679e,0,0.4157668340773809,Nucleus;Nucleus,False
Q6PJ21,Nucleus,Q6PJ21__709648a339e524b5,0,0.41469663149350655,Nucleus;Nucleus,True
P29508,Cytoplasm,P05121__85dcfe09ecc84ccb,0,0.41412520855880225,Cytoplasm;Cytoplasm,True
Q8WVN8,Cytoplasm,Q8WVN8__21b74b7fd12be77a,0,0.4136967995989296,Cytoplasm;Cytoplasm,False
Q16534,Nucleus,Q16534__4f090f1df73edb9a,0,0.4124816806457432,Nucleus;Nucleus,False
Q7Z5A9,Secreted,Q7Z5A9__d9463d93487ed57e,0,0.41245941558441557,Secreted;Secreted,False
Q03923,Nucleus,O60765__7991d51d11a01c75,0,0.4123148915548631,Nucleus;Nucleus,False
P40227,Cytoplasm,P40227__84f93c810a987631,0,0.4115094866071428,Cytoplasm;Cytoplasm,False
Q9H765,Cytoplasm,Q9H765__7f4164d7aabc012e,0,0.41133192978896094,Cytoplasm;Cytoplasm,False
Q8IXH8,Membrane,Q8IXH8__b46e7812a794e32a,0,0.41108659136002884,Membrane;Membrane,False
Q8N328,Nucleus,Q8N328__c19011851c66d1a2,0,0.4108847966269842,Nucleus;Nucleus,False
Q8N1G2,Nucleus,Q8N1G2__26826a16d738919c,0,0.41084167568542573,Nucleus;Nucleus,False
P40225,Secreted,P40225__0f8a0b0300371e22,0,0.41080259800962926,Secreted;Secreted,False
Q9GZM7,Secreted,Q9GZM7__ad196d8410e203de,0,0.40971659633769,Secreted;Secreted,False
Q7Z7F7,Mitochondrion,Q7Z7F7__20add78316e86e23,0,0.408728343054515,Mitochondrion;Mitochondrion,False
Q60I27,Cytoplasm,Q60I27__06aa492b78ab9534,0,0.4083689856150794,Cytoplasm;Cytoplasm,True
P21709,Membrane,P21709__6aa120b03b6831f0,0,0.4080744667658731,Membrane;Membrane,False
P13232,Secreted,P13232__ca5f3ebc3a796a53,0,0.40736057562229433,Secreted;Secreted,False
P29762,Cytoplasm,P29762__a64c0d195d0992a4,0,0.406448230137495,Cytoplasm;Cytoplasm,False
Q14119,Nucleus,Q14119__d0d8c9453e49c836,0,0.40595337111359686,Nucleus;Nucleus,False
O43313,Nucleus,O43313__b13374e7d87928a3,0,0.4051449201839828,Nucleus;Nucleus,True
P0CG12,Nucleus,P0CG12__88be69c5a9b64278,0,0.40405195932539684,Nucleus;Nucleus,False
P17174,Cytoplasm,P17174__be94aa68fdcbc976,0,0.40338672828907207,Cytoplasm;Cytoplasm,False
Q16650,Nucleus,Q16650__f921596972a91b55,0,0.4033607559974748,Nucleus;Nucleus,False
Q8N729,Secreted,Q8N729__15e26d34454c3127,0,0.40309197096306465,Secreted;Secreted,False
P15976,Nucleus,P15976__4d3e8af1c4da25a4,0,0.4023965942911255,Nucleus;Nucleus,False
P33681,Membrane,P33681__a0a87cc578bb7670,0,0.4021268770292209,Membrane;Membrane,False
Q9UBX0,Nucleus,Q9UBX0__ee750875c2715763,0,0.40021778893849214,Nucleus;Nucleus,False
P42772,Cytoplasm,P42772__5ed6a8a4bcd54823,0,0.39966221929112555,Cytoplasm;Cytoplasm,True
P0DTU3,Membrane,P0DSE1__714768df614d4210,0,0.3990220283189033,Membrane;Membrane,False
Q9NWU5,Mitochondrion,Q9NWU5__5d31839b9991c293,0,0.3985968783820345,Mitochondrion;Mitochondrion,False
Q68D85,Membrane,Q68D85__06d6e219931af909,0,0.39828404017857144,Membrane;Membrane,False
Q96I13,Cytoplasm,Q96I13__bc7d79dd5a55a605,0,0.3979882530663781,Cytoplasm;Cytoplasm,False
P42892,Membrane,P08473__1a916537b7b55589,0,0.3976300392316017,Membrane;Membrane,False
A8MZ59,Nucleus,A8MZ59__08f4d7a9a89870ba,0,0.39660730654672255,Nucleus;Nucleus,False
P84098,Cytoplasm,P84098__240407bea5b0c964,0,0.39587518601190474,Cytoplasm;Cytoplasm,False
P48594,Cytoplasm,P05121__85dcfe09ecc84ccb,0,0.3955767214556276,Cytoplasm;Cytoplasm,True
Q9NTZ6,Nucleus,Q9NTZ6__9d753b4d0a2e9fa0,0,0.3942801339285713,Nucleus;Nucleus,False
Q96PH6,Secreted,Q96PH6__2c25e6ff28b503e6,0,0.39330033031204914,Secreted;Secreted,False
P16581,Membrane,P16581__f882612846d661bd,0,0.3918216765873016,Membrane;Membrane,False
P0DSE2,Membrane,P0DSE2__53aa93e9702f6c89,0,0.39173797123015874,Membrane;Membrane,False
Q92484,Secreted,Q92484__05307707daa67145,0,0.3915639373647186,Secreted;Secreted,False
Q86X83,Cytoplasm,Q86X83__9e8a81f980fe5a2d,0,0.3907306885822512,Cytoplasm;Cytoplasm,False
P67870,Nucleus,P67870__feabc8446b38eaba,0,0.39056764632936514,Nucleus;Nucleus,False
Q9BV44,Cytoplasm,Q9BV44__1fb73430dd0eb582,0,0.38826983563311684,Cytoplasm;Cytoplasm,False
Q8TC90,Nucleus,Q8TC90__0fad498bab283d13,0,0.3879322392017705,Nucleus;Nucleus,True
Q9C0J8,Nucleus,Q9C0J8__3cf8129cb620c63b,0,0.3864076028138529,Nucleus;Nucleus,False
P01241,Secreted,P01241__8fb62f9161f42d75,0,0.3861768765089077,Secreted;Secreted,False
Q9UK05,Secreted,Q6KF10__73f870c569d62821,0,0.38562748015873016,Secreted;Secreted,False
Q9BYD1,Mitochondrion,Q9BYD1__b9ffb49aada0184d,0,0.38413688091422454,Mitochondrion;Mitochondrion,False
O60783,Mitochondrion,O60783__3578c580d5e6da79,0,0.3832942556575367,Mitochondrion;Mitochondrion,False
Q99929,Nucleus,Q99929__3bc2265ae990245f,0,0.3831576951694139,Nucleus;Nucleus,False
Q6UWS5,Mitochondrion,Q6UWS5__8492f904ab6a23ca,0,0.38237860344151464,Mitochondrion;Mitochondrion,False
Q16822,Mitochondrion,Q16822__94d435f6b78e6062,0,0.38227743393759017,Mitochondrion;Mitochondrion,False
Q07108,Membrane,Q07108__34f933c02be90129,0,0.3816530257936508,Membrane;Membrane,False
P60985,Secreted,P60985__532dce47469498d1,0,0.38129420492701743,Secreted;Secreted,False
Q9BUP3,Cytoplasm,Q9BUP3__f0cc374b40a3df77,0,0.38065397826183567,Cytoplasm;Cytoplasm,False
Q9Y5A7,Nucleus,Q9Y5A7__7b35712ee1ef490e,0,0.3778470986478799,Nucleus;Nucleus,True
Q6PL18,Nucleus,Q6PL18__7db2f33ffda54052,0,0.3767347019300144,Nucleus;Nucleus,False
Q156A1,Nucleus,Q156A1__3cc1e6e2c08d2549,0,0.37632422373633306,Nucleus;Nucleus,True
Q9H5Y7,Membrane,Q9H5Y7__d151d9158d254f1a,0,0.37619868162694287,Membrane;Membrane,False
Q63HM9,Cytoplasm,Q0VAA5__cb4d0563bfde4d28,0,0.3760203880321068,Cytoplasm;Cytoplasm,False
Q9H9D4,Nucleus,Q9H9D4__a86c2ed55bd8906f,0,0.37548292636183267,Nucleus;Nucleus,False
A0A455ZAR2,Nucleus,A0A455ZAR2__43fa6fb09e945e8c,0,0.3753202960234211,Nucleus;Nucleus,False
Q13461,Nucleus,Q13461__ae4997e4c96df650,0,0.374964293518981,Nucleus;Nucleus,False
P18621,Cytoplasm,P18621__f05152d5b98d6118,0,0.3747447850517434,Cytoplasm;Cytoplasm,False
Q7Z5A7,Secreted,Q7Z5A7__79972210f3b53fed,0,0.37451998955905197,Secreted;Secreted,False
Q9NRW4,Cytoplasm,Q9NRW4__0980495a2ae93c86,0,0.3740948829816017,Cytoplasm;Cytoplasm,False
Q9BRV8,Cytoplasm,Q9BRV8__3eaab5dc2027836a,0,0.37406684027777765,Cytoplasm;Cytoplasm,False
Q92988,Nucleus,P56177__5cea5ceeb5354239,0,0.372698682610792,Nucleus;Nucleus,False
P54760,Membrane,P21709__6aa120b03b6831f0,0,0.3726343534937284,Membrane;Membrane,False
Q99572,Membrane,Q99572__155a223fdcfff03d,0,0.37227637813575315,Membrane;Membrane,False
Q9BVC5,Nucleus,Q9BVC5__909ebc754600b480,0,0.36862517907439785,Nucleus;Nucleus,False
P62906,Cytoplasm,P62906__c05929923cf94434,0,0.3676332998598624,Cytoplasm;Cytoplasm,False
Q6UXZ4,Membrane,Q6UXZ4__f727ae45e74548de,0,0.3673868991251803,Membrane;Membrane,False
Q06520,Cytoplasm,O43704__0a257f68bc492a36,0,0.3661907862103174,Cytoplasm;Cytoplasm,False
Q5VWG9,Nucleus,Q5VWG9__fc46caa75551b658,0,0.3661672528860028,Nucleus;Nucleus,False
Q8IU80,Membrane,Q8IU80__2e8dbcaee122b217,0,0.36612329727564097,Membrane;Membrane,True
Q96G04,Cytoplasm,Q96G04__8d0fd3efab56e5b4,0,0.3657366071428571,Cytoplasm;Cytoplasm,False
O60232,Cytoplasm,O60232__af02534b341728c2,0,0.3650573113952019,Cytoplasm;Cytoplasm,False
P02675,Secreted,P02675__099d334605bfb4ed,0,0.3639494836760462,Secreted;Secreted,False
P42081,Membrane,P42081__c77548b43927c4f8,0,0.3632658899260462,Membrane;Membrane,False
P20823,Nucleus,P20823__32a0474d11528054,0,0.3608912788600289,Nucleus;Nucleus,False
Q9H6A0,Cytoplasm,Q9H6A0__658f81926c0e6feb,0,0.3591891073336385,Cytoplasm;Cytoplasm,False
Q6GMV2,Cytoplasm,Q6GMV2__bbf08f9ed14ecd84,0,0.3570234995039683,Cytoplasm;Cytoplasm,False
Q4G0N4,Mitochondrion,Q4G0N4__8cad00734c2ca8d6,0,0.3560238662947325,Mitochondrion;Mitochondrion,False
P0DTU4,Membrane,P0DSE2__53aa93e9702f6c89,0,0.35597873263888885,Membrane;Membrane,False
O75648,Mitochondrion,O75648__d4965f1d9df617bd,0,0.3552976419960514,Mitochondrion;Mitochondrion,False
Q9Y576,Cytoplasm,Q96DX5__ee08ee5b7b6cd3f8,0,0.3550434157856034,Cytoplasm;Cytoplasm,False
Q8NCU7,Nucleus,A6NLJ0__5cb0f0e07b9a47a5,0,0.3544873208397955,Nucleus;Nucleus,False
P02679,Secreted,P02675__099d334605bfb4ed,0,0.35385742187499997,Secreted;Secreted,False
P05362,Membrane,P05362__c13e370f975e57b5,0,0.35293977557879214,Membrane;Membrane,False
Q96PJ5,Membrane,Q96PJ5__eb7c7287fd045589,0,0.35094485592532465,Membrane;Membrane,False
Q7Z7J5,Nucleus,Q7Z7J5__98214478fb4edc6d,0,0.3458893065166043,Nucleus;Nucleus,False
Q9NX70,Nucleus,Q9NX70__1a307d772d6cb3ff,0,0.3454926096039377,Nucleus;Nucleus,False
Q9Y675,Nucleus,Q9Y675__282b769c00264f66,0,0.34441394810765225,Nucleus;Nucleus,False
Q9P2M1,Cytoplasm,Q9P2M1__eee91528648cb31d,0,0.34230805002289366,Cytoplasm;Cytoplasm,True
Q6UVW9,Membrane,Q6UVW9__5031898492e06f80,0,0.34219440498737375,Membrane;Membrane,False
Q9P2A4,Cytoplasm,Q9P2A4__6a83d605096eb2b4,0,0.34039403521825395,Cytoplasm;Cytoplasm,True
Q9BSM1,Nucleus,Q9BSM1__b404c21ce090fbbb,0,0.33986432404401157,Nucleus;Nucleus,False
Q7Z6M3,Membrane,Q7Z6M3__3565239b82271fca,0,0.3392368861607141,Membrane;Membrane,False
Q12962,Nucleus,Q12962__f7793c02114b18dd,0,0.33906405009920637,Nucleus;Nucleus,False
O15016,Nucleus,O15016__0a0afeaaa7ab0c60,0,0.33544921875,Nucleus;Nucleus,True
Q5MJ70,Nucleus,Q5MJ70__09e992928e7eb75c,0,0.33380146329365085,Nucleus;Nucleus,False
P08069,Membrane,P08069__e11a8ca0d0d551f3,0,0.32959735576923077,Membrane;Membrane,False
Q9UGR2,Nucleus,Q9UGR2__0b3876acee6e8459,0,0.3294508984938672,Nucleus;Nucleus,True
P41223,Nucleus,P41223__f49de9ace7f3886f,0,0.32707617902930397,Nucleus;Nucleus,True
Q8NHJ6,Membrane,Q8NHJ6__10162695b38f8fa4,0,0.32596796649531024,Membrane;Membrane,True
Q9C030,Cytoplasm,Q9C030__6db31839bf4ff6ad,0,0.32589299806096683,Cytoplasm;Cytoplasm,False
Q9H2W2,Nucleus,Q9H2W2__e429e374f46bfdc2,0,0.3252810069704601,Nucleus;Nucleus,False
P26012,Membrane,P26012__3e4b96a0111a6270,0,0.3250930059523809,Membrane;Membrane,False
Q14831,Membrane,P41180__6c2adc8809792b84,0,0.32503734329906186,Membrane;Membrane,False
Q8TEC5,Nucleus,Q8TEC5__5f54af299cbe09f0,0,0.3209429134233821,Nucleus;Nucleus,False
Q12800,Nucleus,Q12800__d7520ea932afc672,0,0.32086644908910533,Nucleus;Nucleus,False
O75509,Membrane,O75509__d9be56848c77e345,0,0.3206416847041847,Membrane;Membrane,True
P26718,Membrane,P26718__8dce35f112f6e87b,0,0.320573198502886,Membrane;Membrane,True
Q8NAC3,Membrane,Q8NAC3__06ed51773a347aca,0,0.31978188911782657,Membrane;Membrane,True
O60381,Nucleus,O60381__823f4c425d8a41fe,0,0.3192134796626984,Nucleus;Nucleus,False
Q9HB65,Nucleus,Q9HB65__c86ffbd06333abdd,0,0.3102709573412698,Nucleus;Nucleus,False
Q5QGZ9,Membrane,Q2HXU8__39ab1f6df19d4e4f,0,0.3019290280032467,Membrane;Membrane,True
Q9H0U6,Mitochondrion,Q9H0U6__408805841ef75b6a,0,0.3002173716040903,Mitochondrion;Mitochondrion,False
P22004,Secreted,P22004__a2a0367dc57ea9e6,0,0.29779505433802306,Secreted;Secreted,False
O60477,Cytoplasm,O60477__d0ec85c4004efa9d,0,0.2904808407738094,Cytoplasm;Cytoplasm,False
Q9Y676,Mitochondrion,Q9Y676__35eef5040a994d4f,0,0.28758849657287155,Mitochondrion;Mitochondrion,False
O43827,Secreted,O43827__dd9273956c080a6c,0,0.2799332720231157,Secreted;Secreted,False
Q7Z4G4,Cytoplasm,Q7Z4G4__5b25580a94fe0c7c,0,0.2756764069264068,Cytoplasm;Cytoplasm,False
P13798,Cytoplasm,P13798__81346efbaf5f03e2,0,0.27371341765873014,Cytoplasm;Cytoplasm,False
