accession,label,group,has_location_note,incorrect_repeats,mean_confidence,predicted_labels
P30414,Membrane,P30414__351f2608deae1493,False,2,0.9863699154402497,Nucleus;Nucleus
P10451,Secreted,P10451__7b95e3678367f3bf,False,2,0.9841016993440834,Nucleus;Nucleus
Q9BW04,Cytoplasm,Q9BW04__51f00edeb6ef4bf7,False,2,0.9825696227983999,Nucleus;Nucleus
Q9NYJ1,Mitochondrion,Q9NYJ1__cc57e53103c8c3f7,False,2,0.9810198419654119,Nucleus;Nucleus
Q6XE24,Cytoplasm,Q6XE24__47b49c4892fd20f0,False,2,0.9790718699868843,Nucleus;Nucleus
Q9Y4H4,Cytoplasm,Q9Y4H4__d4f18a468317e1fc,False,2,0.9781357278061001,Nucleus;Nucleus
P04196,Secreted,P04196__b7d948bfc73b642e,False,2,0.9722520900319275,Nucleus;Nucleus
P0DPB3,Cytoplasm,P0DPB3__6f8b145425aa8901,False,2,0.9650964014910448,Nucleus;Nucleus
P08217,Secreted,P00746__89b6935d8d5a9980,False,2,0.9543434518672951,Membrane;Membrane
P28290,Cytoplasm,P28290__ea1249ea9fc122f8,True,2,0.9542322777824327,Nucleus;Nucleus
O75363,Cytoplasm,O75363__438ab62c92bda7df,False,2,0.9438334066090955,Nucleus;Nucleus
Q9GZN4,Secreted,P00746__89b6935d8d5a9980,False,2,0.9403852033283844,Membrane;Membrane
Q9Y2T1,Cytoplasm,Q9Y2T1__650fec5af4f34003,False,2,0.9355671477864866,Nucleus;Nucleus
Q02817,Secreted,P98088__4c1e3207815a013e,True,2,0.935523265021889,Membrane;Membrane
Q5H9J7,Cytoplasm,Q5H9J7__1f60d803b082dbbd,False,2,0.9345707872639417,Nucleus;Nucleus
Q9BYP7,Cytoplasm,Q9BYP7__82466a06c4e3e255,True,2,0.9231454821721179,Nucleus;Nucleus
Q86VQ3,Cytoplasm,Q86VQ3__27717d69ca5ed358,True,2,0.921649436715157,Nucleus;Nucleus
Q9H4M3,Nucleus,Q9H4M3__a4baedd67a28a81d,False,2,0.9207637543375167,Secreted;Secreted
Q9BZ11,Membrane,Q9BZ11__0e1e32ed7db92cc4,False,2,0.9172786837872733,Secreted;Secreted
P04180,Secreted,P04180__977372402da89ea6,True,2,0.9160912832343857,Membrane;Membrane
P98088,Secreted,P98088__4c1e3207815a013e,False,2,0.9123725679158439,Membrane;Membrane
P05060,Secreted,P05060__56dced04f2fb041f,True,2,0.9103374110901644,Nucleus;Nucleus
Q9Y2K2,Cytoplasm,Q9Y2K2__5bd55de79e0d4729,True,2,0.903180504527612,Nucleus;Nucleus
Q08188,Cytoplasm,O43548__c352a992508efb61,False,2,0.8975804173934597,Membrane;Membrane
Q13191,Cytoplasm,Q13191__f3dc4d33671931ee,True,2,0.8970255238942373,Nucleus;Nucleus
Q5K131,Cytoplasm,Q5K131__5d20e72db5256018,True,2,0.8931853110771176,Membrane;Membrane
P54284,Cytoplasm,P54284__b07e66ce76fa109a,False,2,0.8924986938024548,Nucleus;Nucleus
Q9H992,Cytoplasm,Q9H992__13ede07b938652cb,False,2,0.892015968301902,Nucleus;Nucleus
Q7L7X3,Cytoplasm,Q7L7X3__3d64f6b2108bdd70,False,2,0.8894158700712775,Nucleus;Nucleus
Q9UEW3,Membrane,Q9UEW3__bcf51406980c5262,False,2,0.8807274335230817,Nucleus;Nucleus
Q6UXH8,Secreted,Q6UXH8__c738c4f6263e3025,False,2,0.8738817544719693,Nucleus;Nucleus
P26373,Cytoplasm,P26373__b9355759f0965942,False,2,0.873870774031053,Mitochondrion;Mitochondrion
P01023,Secreted,A8K2U0__e302d6ce0e1ee9a5,False,2,0.8709310794024369,Membrane;Membrane
L0R819,Cytoplasm,L0R819__f4b69ce365944e09,False,2,0.8688497963196096,Nucleus;Nucleus
Q96A72,Nucleus,Q96A72__32d4fce015474411,False,2,0.8677913202222778,Cytoplasm;Cytoplasm
Q9C0B0,Cytoplasm,Q9C0B0__f06d0cd8d61e3f90,False,2,0.8663242048528225,Nucleus;Nucleus
Q9UBP9,Cytoplasm,Q9UBP9__b1f42c3b928fde6a,True,2,0.8653294267797802,Nucleus;Nucleus
Q9P2A4,Cytoplasm,Q9P2A4__6a83d605096eb2b4,True,2,0.8646939515709227,Nucleus;Nucleus
A8K2U0,Secreted,A8K2U0__e302d6ce0e1ee9a5,False,2,0.8639269163157199,Membrane;Membrane
P80108,Secreted,P80108__dec71ab33eb3c59f,True,2,0.858959315201818,Membrane;Membrane
Q8N7J2,Membrane,Q8N7J2__e3fa3076e765a705,True,2,0.8580785137424609,Nucleus;Nucleus
P42695,Nucleus,P42695__b23ebd84353f8046,False,2,0.8556630458594117,Membrane;Membrane
Q8TAX7,Secreted,Q8TAX7__7215fa0efe73e3c3,False,2,0.8548981747589348,Nucleus;Nucleus
D3DTV9,Nucleus,D3DTV9__70f2af4926e90995,False,2,0.854152929305464,Mitochondrion;Mitochondrion
P13637,Membrane,P13637__28886d316e014e26,False,2,0.840731827540729,Cytoplasm;Cytoplasm
Q7L3V2,Mitochondrion,Q7L3V2__c764aa32c46a1ccf,False,2,0.8394141906022481,Nucleus;Nucleus
Q9BPZ3,Cytoplasm,Q9BPZ3__e5d64384095284f2,False,2,0.838056245193793,Nucleus;Nucleus
Q9Y2X0,Nucleus,Q9Y2X0__ea815bf7030a3a79,False,2,0.8371415453964042,Membrane;Membrane
Q9BSF0,Membrane,Q9BSF0__a348d2de4e595ce9,True,2,0.8364737077477608,Nucleus;Nucleus
Q8N8W4,Cytoplasm,Q8N8W4__62abe066c649b619,False,2,0.8330955137977253,Nucleus;Nucleus
Q8N5N4,Cytoplasm,Q8N5N4__c32daba1fc56a8b6,False,2,0.8283778182144328,Nucleus;Nucleus
Q8WXI8,Membrane,Q6EIG7__4332a5c8f8f77e85,False,2,0.8263052195915869,Secreted;Secreted
Q96E14,Nucleus,Q96E14__4fdcf8922d12a997,True,2,0.8257633551598567,Mitochondrion;Mitochondrion
Q16612,Cytoplasm,Q16612__52519716508b76bb,False,2,0.8240633640286052,Nucleus;Nucleus
O60609,Membrane,O60609__e39d40e7f64b1485,False,2,0.8234402730712066,Secreted;Secreted
Q9H788,Cytoplasm,Q9H788__522b884b7829c895,True,2,0.8193388644443914,Nucleus;Nucleus
Q9HBE4,Secreted,Q9HBE4__6207e57b8d77aca4,False,2,0.8152264710492936,Nucleus;Nucleus
Q8NFH8,Cytoplasm,Q8NFH8__d00e168508f52532,False,2,0.8151921043421078,Nucleus;Nucleus
Q9Y3D2,Mitochondrion,Q9Y3D2__6ec5f2922bc88e1b,False,2,0.8149878670281208,Secreted;Secreted
Q2L4Q9,Secreted,Q2L4Q9__1f9d424a9c45b643,False,2,0.8130842306667199,Membrane;Membrane
Q3SXM5,Mitochondrion,Q3SXM5__d39d7107fff5fe6a,False,2,0.8116917275927654,Membrane;Membrane
Q96CG3,Cytoplasm,Q96CG3__4830480ed5a5cf71,True,2,0.8110740189562355,Nucleus;Nucleus
Q9UKY0,Membrane,Q9UKY0__dd7bbce295edbc80,False,2,0.8103866787307983,Mitochondrion;Mitochondrion
O96013,Cytoplasm,O96013__261a58d7e60edfc0,True,2,0.810304086845576,Nucleus;Nucleus
Q96PC2,Cytoplasm,Q96PC2__1e701f49d8ee0a98,False,2,0.8073541709734982,Nucleus;Nucleus
Q14213,Secreted,Q14213__72a8a64abe37eef8,False,2,0.8067850542541475,Membrane;Membrane
P01266,Secreted,P01266__2af88bd53041f189,True,2,0.80617265966894,Membrane;Membrane
Q9BY66,Nucleus,P41229__2e18349d95d39c5d,False,2,0.8060563035787419,Cytoplasm;Cytoplasm
P0C7Q2,Cytoplasm,P0C7Q2__5d32508ddcf4602f,False,2,0.8058677494988064,Nucleus;Nucleus
P46776,Cytoplasm,P46776__fe8514c4123a0b58,False,2,0.7992868259249001,Mitochondrion;Mitochondrion
Q5TCY1,Cytoplasm,Q5TCY1__f4bd15ec11ba6693,False,2,0.7943377945938517,Nucleus;Nucleus
P33764,Cytoplasm,P33764__5b3f212a4523c4ec,False,2,0.7921219163471027,Secreted;Secreted
Q8IYR6,Membrane,Q8IYR6__c1422774c02bfbfb,False,2,0.7895618833005706,Secreted;Secreted
P26842,Membrane,P26842__7faacb066fc2b75d,False,2,0.7887002813792616,Secreted;Secreted
Q5TGI4,Cytoplasm,Q5TGI4__f39a81e32e044370,False,2,0.7878376653066773,Nucleus;Nucleus
Q96LB8,Secreted,Q96LB8__524cae95ca152ae1,False,2,0.7784079282655445,Membrane;Membrane
Q7Z6J8,Cytoplasm,Q7Z6J8__d86f31376041e9bd,False,2,0.7779352854274774,Membrane;Membrane
Q9UPX6,Membrane,Q9UPX6__8523aad1db5821ca,False,2,0.7737230028055533,Nucleus;Nucleus
Q9H1D9,Nucleus,Q9H1D9__fb08d1daace8f376,False,2,0.7719852231614237,Cytoplasm;Cytoplasm
Q9H425,Cytoplasm,Q9H425__d7ef281fa57d44ac,False,2,0.7693354349663397,Nucleus;Nucleus
P35573,Cytoplasm,P35573__21919ba4357d4650,True,2,0.7669324036469976,Membrane;Membrane
Q04323,Cytoplasm,Q04323__649a229eae921d74,False,2,0.7666012714013508,Nucleus;Nucleus
Q8N699,Nucleus,Q8N699__64c244fc6486f6d6,True,2,0.7665099482884316,Membrane;Membrane
Q6ZMJ4,Secreted,Q6ZMJ4__bc5417cc3c559a07,False,2,0.7649088411306385,Membrane;Membrane
Q96LB9,Secreted,Q96LB8__524cae95ca152ae1,False,2,0.7625722875047212,Membrane;Membrane
Q8IZP1,Membrane,Q8IZP1__61cc78e7b3950926,True,2,0.7591542744706077,Nucleus;Nucleus
P0DMR3,Cytoplasm,P0DMR3__2cde99d75b11b85e,False,2,0.7581779225881506,Nucleus;Nucleus
Q13310,Cytoplasm,Q13310__dcf99d01c44d827e,True,2,0.7573010045501545,Nucleus;Nucleus
P41229,Nucleus,P41229__2e18349d95d39c5d,False,2,0.755876673641046,Cytoplasm;Cytoplasm
Q14152,Cytoplasm,Q14152__797b6fb89ea94e5f,False,2,0.755413902202954,Nucleus;Nucleus
P11150,Secreted,P11150__70ef1ae8ca11b378,False,2,0.75358308054148,Membrane;Membrane
Q7Z6M4,Mitochondrion,Q7Z6M4__b7407fcfcc95b0e6,False,2,0.7523144381011959,Nucleus;Nucleus
P01040,Cytoplasm,P01040__9decfdfa3d49a084,False,2,0.7522970968862109,Nucleus;Nucleus
Q8N9W6,Cytoplasm,Q8N9W6__a74c98440a4762c4,False,2,0.7509057745585742,Nucleus;Nucleus
P60827,Secreted,P60827__8e232b1e5680f055,False,2,0.7494644417053737,Mitochondrion;Mitochondrion
B2RNN3,Secreted,B2RNN3__97a6998765fde318,True,2,0.7491917817593877,Nucleus;Nucleus
Q06141,Secreted,Q06141__77f442919756f70f,True,2,0.7487049023799416,Membrane;Membrane
P30273,Membrane,P30273__ea929f5e5df52078,False,2,0.7482738603412896,Secreted;Secreted
Q8TE67,Cytoplasm,Q8TE67__22e70882407d6762,False,2,0.748231372978295,Nucleus;Nucleus
Q9H8Y5,Cytoplasm,Q9H8Y5__05880331e5f61667,True,2,0.7463848318931621,Nucleus;Nucleus
O43182,Cytoplasm,O43182__586b46531b09a913,False,2,0.7405444132716997,Nucleus;Nucleus
Q15843,Nucleus,Q15843__1048fa6680328ac4,True,2,0.7393331444874175,Cytoplasm;Cytoplasm
Q9Y2I9,Membrane,Q9Y2I9__34486dd14429d088,False,2,0.7367561827020865,Nucleus;Nucleus
Q9UBG3,Cytoplasm,Q9UBG3__479f1aecb40c2336,True,2,0.7365833859751881,Nucleus;Nucleus
P54826,Membrane,P54826__0ba36c3a46153403,False,2,0.7342655780333971,Secreted;Secreted
Q969U6,Cytoplasm,Q969U6__186ba4a1e791f110,False,2,0.7332434389149187,Membrane;Membrane
Q9HB96,Nucleus,Q9HB96__c280cf7895b9da57,False,2,0.7323359542575927,Cytoplasm;Cytoplasm
Q9Y6H5,Cytoplasm,Q9Y6H5__e56da16b8752e259,True,2,0.7321050512774243,Nucleus;Nucleus
Q6UVW9,Membrane,Q6UVW9__5031898492e06f80,False,2,0.7307513226255988,Secreted;Secreted
Q8TDY4,Cytoplasm,Q8TDY4__3168be8d61d65bbb,False,2,0.7286310875722295,Nucleus;Nucleus
Q16543,Cytoplasm,Q16543__e0a1e3bbc5ec7fb1,False,2,0.7272985136370649,Nucleus;Nucleus
O43525,Membrane,O43525__8af289bc930940c4,False,2,0.7261756741170757,Nucleus;Nucleus
Q7Z7K0,Mitochondrion,Q7Z7K0__c6d74afd291f0b6e,True,2,0.7258131633144558,Nucleus;Nucleus
Q14680,Membrane,Q14680__aad72692f5e6e292,False,2,0.7223308918239499,Nucleus;Nucleus
O43290,Nucleus,O43290__1176aed00c6c3022,True,2,0.7222140410353115,Cytoplasm;Cytoplasm
P52435,Nucleus,P52435__7186201b62e96b64,False,2,0.7193795313926437,Cytoplasm;Cytoplasm
Q9Y2M0,Nucleus,Q9Y2M0__8dff2f4b2c93d988,True,2,0.7192095955672024,Cytoplasm;Cytoplasm
Q9BV86,Nucleus,Q9BV86__f54299310ebc450d,True,2,0.7179280830641346,Cytoplasm;Cytoplasm
Q4VXU2,Cytoplasm,Q13310__dcf99d01c44d827e,False,2,0.7164598144127508,Nucleus;Nucleus
O14654,Membrane,O14654__d2d6aca1f8ca4ced,False,2,0.7154013182626544,Nucleus;Nucleus
Q9Y471,Cytoplasm,Q9Y471__d0c0a32ba2f58b1e,True,2,0.7126107479885881,Membrane;Membrane
Q8NEX9,Cytoplasm,Q8NEX9__778f19f03c72a93d,True,2,0.712498961995863,Membrane;Membrane
P48061,Secreted,P48061__97c345aa7c221c00,False,2,0.7107219513392382,Mitochondrion;Mitochondrion
P55000,Secreted,P55000__1ed5dbcca3376bd8,False,2,0.7073087853208505,Membrane;Membrane
Q9NUD5,Cytoplasm,Q9NUD5__8124c27df3a80cb5,False,2,0.7064967930420618,Nucleus;Nucleus
P52565,Cytoplasm,P52565__fff4642ce787c71b,False,2,0.7057248714160169,Nucleus;Nucleus
Q15173,Cytoplasm,Q15173__43867d2f4672d155,False,2,0.705636304924229,Mitochondrion;Mitochondrion
P11597,Secreted,P11597__bd8e45b1aef9315c,True,2,0.7051020878191334,Membrane;Membrane
Q9BQ69,Nucleus,Q9BQ69__090cb87ee8a74cb5,True,2,0.7041708029904592,Mitochondrion;Mitochondrion
Q9UH17,Nucleus,Q9UH17__8ab445022825f739,False,2,0.7034843795911454,Membrane;Membrane
Q8WUY3,Cytoplasm,Q8WUY3__87e33c55065a2899,False,2,0.7025979818638303,Nucleus;Nucleus
P42574,Cytoplasm,P42574__81962b47787bfaba,False,2,0.7020220200638974,Nucleus;Nucleus
P16233,Secreted,P11150__70ef1ae8ca11b378,False,2,0.6997265652447875,Membrane;Membrane
Q5T653,Mitochondrion,Q5T653__bc87ed01f43457fe,False,2,0.6994634812323091,Secreted;Secreted
Q8NEG4,Membrane,Q8NEG4__81d9ad1f1ccf1365,False,2,0.6994243675079985,Nucleus;Nucleus
O00161,Membrane,O00161__13489fea8e3f7bbb,False,2,0.6986345203172126,Nucleus;Nucleus
Q96K76,Cytoplasm,Q96K76__bf37e091c497bfce,False,2,0.6981196816749634,Nucleus;Nucleus
Q9BQN1,Cytoplasm,Q9BQN1__b8fc88486b12f43f,True,2,0.6934154810209288,Nucleus;Nucleus
Q5T7N3,Cytoplasm,Q5T7N3__0739b6966d803dce,False,2,0.6933816832460376,Nucleus;Nucleus
Q5MJ68,Cytoplasm,Q5MJ68__b3e6fe9ba7fa2c0d,True,2,0.6922870856349673,Nucleus;Nucleus
Q15327,Nucleus,Q15327__dea24673aa78e2ac,False,2,0.6912320026242473,Cytoplasm;Cytoplasm
Q6GTX8,Membrane,Q6GTX8__71f0bb8e2e876e82,False,2,0.690653697361022,Nucleus;Nucleus
Q9NPI8,Nucleus,Q9NPI8__0b82b1e9c0971a1c,False,2,0.6906342017239531,Mitochondrion;Mitochondrion
Q5VZE5,Cytoplasm,Q5VZE5__6f3a2b5ecb18f4c7,False,2,0.6902940078497137,Nucleus;Nucleus
Q6ZMR3,Cytoplasm,Q6ZMR3__f514e0ff3450dba1,False,2,0.6900388714588123,Membrane;Membrane
Q8TE68,Cytoplasm,Q8TE67__22e70882407d6762,False,2,0.6895118526244058,Nucleus;Nucleus
O95867,Membrane,O95867__338f0a8d67b499dd,False,2,0.6893428369132293,Secreted;Secreted
Q86XT9,Membrane,Q86XT9__ab5104865c330bee,False,2,0.6891052527146118,Secreted;Secreted
P50914,Cytoplasm,P50914__2f26259a08c5abee,False,2,0.6868533890839468,Mitochondrion;Mitochondrion
Q7L3B6,Cytoplasm,Q7L3B6__f21153d61901c525,False,2,0.6862148375179093,Nucleus;Nucleus
O95777,Nucleus,O95777__7da3a9cc9349e850,False,2,0.6803617699747,Cytoplasm;Cytoplasm
Q504U0,Cytoplasm,Q504U0__10356d17dabcad81,False,2,0.6776139264143377,Nucleus;Nucleus
Q9Y3Q4,Membrane,Q9Y3Q4__9c3188b073b9e98d,False,2,0.6772284176364595,Nucleus;Nucleus
Q86V24,Membrane,Q86V24__4e83b8de9debe8a2,True,2,0.6756697141277034,Cytoplasm;Cytoplasm
Q8N1E6,Cytoplasm,Q8N1E6__13950f2cf7969683,False,2,0.6735608539109272,Membrane;Membrane
O94804,Membrane,O94804__9283e9c3163756a2,False,2,0.6735010122458057,Nucleus;Nucleus
Q5VYS8,Cytoplasm,Q5VYS8__c86266cbe482b3e1,True,2,0.6711836079496891,Nucleus;Nucleus
Q8IWV1,Membrane,Q8IWV1__4275d83ccd347db9,False,2,0.6677592722158823,Nucleus;Nucleus
Q9Y3P8,Membrane,Q9Y3P8__dbb309718d4f4db4,False,2,0.6615044339418181,Secreted;Secreted
Q8N183,Mitochondrion,Q8N183__11c727dec3b99dd0,False,2,0.6593622709392526,Nucleus;Nucleus
Q6KF10,Secreted,Q6KF10__73f870c569d62821,False,2,0.6587596215001268,Nucleus;Nucleus
Q9H4Q4,Nucleus,Q9H4Q4__61349407c2abe016,False,2,0.6573990558823226,Membrane;Membrane
P02724,Membrane,P02724__a38ca934dffb4f58,True,2,0.6571003696046321,Nucleus;Nucleus
P57723,Cytoplasm,P57723__d351538c74d855b7,False,2,0.6561060386772242,Membrane;Membrane
Q9Y5X9,Secreted,P11150__70ef1ae8ca11b378,False,2,0.6559791391634278,Membrane;Membrane
O00481,Membrane,O00478__15475cf4e0aca2b7,False,2,0.6557304290994814,Secreted;Secreted
Q9NPY3,Membrane,Q9NPY3__fac2de51fa92d97a,False,2,0.6545314219499424,Secreted;Secreted
Q02543,Cytoplasm,Q02543__fa89343d8267f41b,False,2,0.654510955642548,Mitochondrion;Mitochondrion
P35998,Cytoplasm,P35998__9049600747f3ac2f,True,2,0.6545059250802338,Nucleus;Nucleus
A9QM74,Nucleus,A9QM74__d1485d3f5c1e4a54,False,2,0.6542217855885191,Cytoplasm;Cytoplasm
Q9Y2L9,Cytoplasm,Q9Y2L9__88dc96c8f9e11e6e,False,2,0.6529750861860142,Nucleus;Nucleus
Q9BQ83,Nucleus,Q9BQ83__9a8b8d185d4bd22e,False,2,0.6529121823373163,Mitochondrion;Mitochondrion
Q9BRQ5,Membrane,Q96SN7__37972edaf1f9ac21,True,2,0.647925418406758,Cytoplasm;Cytoplasm
Q9UHJ3,Nucleus,Q5VUG0__5da9b83525bc40d1,False,2,0.6478429933133828,Cytoplasm;Cytoplasm
Q3Y452,Cytoplasm,Q3Y452__f8dbb9434f744dac,False,2,0.6469675329224125,Nucleus;Nucleus
Q8IWT3,Cytoplasm,Q8IWT3__d6925cf18d76f136,False,2,0.6467952521312308,Nucleus;Nucleus
P51813,Cytoplasm,P51813__20a66d0cd8a39ed5,True,2,0.6464053825112828,Nucleus;Nucleus
Q9Y4K4,Cytoplasm,Q9Y4K4__a7eb891318c7b005,False,2,0.6435459234798433,Nucleus;Nucleus
A0A455ZAR2,Nucleus,A0A455ZAR2__43fa6fb09e945e8c,False,2,0.6429885383632356,Secreted;Secreted
Q96L08,Membrane,Q96L08__e19d141c0ec24c88,True,2,0.6429877974289429,Mitochondrion;Mitochondrion
Q9ULR0,Nucleus,Q9ULR0__00169eaf649dfc91,False,2,0.6426809925587116,Cytoplasm;Cytoplasm
Q9GZP4,Cytoplasm,Q9GZP4__6b46783b9d0999f3,False,2,0.6414391941023442,Nucleus;Nucleus
O75150,Nucleus,O75150__d7822af1f78a01cd,False,2,0.6413462675559694,Cytoplasm;Cytoplasm
Q9NRD1,Cytoplasm,Q9H4M3__a4baedd67a28a81d,False,2,0.64053541840757,Secreted;Secreted
Q8IUW5,Membrane,Q8IUW5__b95c6c90b61d7776,False,2,0.6378963756386555,Nucleus;Nucleus
Q9Y2E5,Secreted,Q9Y2E5__f3f5f49fa4a5255c,False,2,0.6369868849025898,Membrane;Membrane
Q2M3C7,Cytoplasm,Q2M3C7__131159d5d05c7d66,True,2,0.636744900162366,Nucleus;Nucleus
Q8IUH2,Secreted,Q8IUH2__35926dfd4de99257,False,2,0.6365528341936909,Mitochondrion;Mitochondrion
Q6NUP7,Cytoplasm,Q6NUP7__95f220a7d22f19d4,False,2,0.6364780211178427,Nucleus;Nucleus
P58557,Nucleus,P58557__8390de8f74c676ed,False,2,0.6359971035460472,Cytoplasm;Cytoplasm
Q9HBL7,Membrane,Q9HBL7__2b6b548714e39d77,True,2,0.6349017762502348,Nucleus;Nucleus
Q96DB2,Nucleus,Q96DB2__65581bd1ddc53f13,False,2,0.6342029955965687,Cytoplasm;Cytoplasm
O75563,Cytoplasm,O75563__6c7995a9ca23c11b,False,2,0.631949543052217,Nucleus;Nucleus
Q6GPH6,Membrane,Q6GPH6__c783fd9deb5ffeeb,False,2,0.6318726775990415,Cytoplasm;Cytoplasm
Q96LA8,Nucleus,Q96LA8__94749bfca734a91a,False,2,0.6318664086019233,Cytoplasm;Cytoplasm
P10644,Membrane,P10644__9e2103c22e85013c,False,2,0.6312748480100774,Cytoplasm;Cytoplasm
O96020,Nucleus,O96020__06a577daa4cba0a3,False,2,0.630578418214475,Cytoplasm;Cytoplasm
Q8N8R7,Cytoplasm,Q8N8R7__25dce8b7e4935f22,False,2,0.6301821664304645,Nucleus;Nucleus
Q8NC24,Membrane,Q8NC24__e267f3d07488f16e,False,2,0.6294386369837794,Nucleus;Nucleus
Q5K651,Cytoplasm,Q5K651__a4322e5b82d1677b,False,2,0.6275688149271733,Nucleus;Nucleus
Q3SXM0,Cytoplasm,Q3SXM0__b0f44a0e884149f9,False,2,0.6268482886853552,Membrane;Membrane
A8MUP2,Mitochondrion,A8MUP2__d1a2b9b28414f694,False,2,0.6261180139193643,Secreted;Secreted
Q13285,Nucleus,Q13285__22862e50ee7a8ac6,False,2,0.6260563960297868,Cytoplasm;Cytoplasm
Q9H2E6,Membrane,Q9H2E6__73456a93d9c91b01,False,2,0.6249116837550507,Nucleus;Nucleus
A2A3N6,Cytoplasm,A2A3N6__437f95c276f56f7c,False,2,0.6248126926669483,Nucleus;Nucleus
P13693,Cytoplasm,P13693__9b5443243bb94144,False,2,0.6231860866292974,Nucleus;Nucleus
P35218,Mitochondrion,P22748__62f5e1881b0efc28,False,2,0.6225960734208006,Membrane;Membrane
O15266,Nucleus,O15266__9141af5415a88422,False,2,0.6221508758443206,Cytoplasm;Cytoplasm
Q96GA3,Cytoplasm,Q96GA3__77f6d045203ba0af,True,2,0.6208671091529231,Nucleus;Nucleus
Q96NN9,Mitochondrion,Q96NN9__811dd8e56a71a816,True,2,0.6192844422702155,Cytoplasm;Cytoplasm
P83110,Secreted,P83110__ee7938fcf38aa4bc,True,2,0.6186191161507713,Membrane;Membrane
Q96DX5,Mitochondrion,Q96DX5__ee08ee5b7b6cd3f8,False,2,0.6155665158202848,Cytoplasm;Cytoplasm
Q15147,Membrane,Q15147__c153ead9ae509100,False,2,0.6144083729617471,Nucleus;Nucleus
Q6IB77,Mitochondrion,Q6IB77__28c763fb9ad66207,False,2,0.6129331927768848,Secreted;Secreted
Q9Y535,Nucleus,Q9Y535__2238aede09bf48a6,False,2,0.6117255329770315,Cytoplasm;Membrane
Q13007,Secreted,Q13007__3af25cde2f87b830,False,2,0.6104698875648578,Mitochondrion;Mitochondrion
Q8IU80,Membrane,Q8IU80__2e8dbcaee122b217,True,2,0.6101914292087793,Cytoplasm;Cytoplasm
Q6PEY1,Membrane,Q6PEY1__6635ce524d515b30,False,2,0.6093905370194883,Secreted;Secreted
Q8WU08,Membrane,Q8WU08__583697c38823cc92,False,2,0.6073076725538262,Nucleus;Cytoplasm
P43626,Membrane,P43626__ee148c74eb46d498,False,2,0.6041039661326115,Secreted;Secreted
Q96GM5,Nucleus,Q6STE5__7b49ceef71c89aef,False,2,0.6036582655888885,Mitochondrion;Mitochondrion
P62910,Cytoplasm,P62910__9dee3c52cc2816b3,False,2,0.6034131248145101,Mitochondrion;Mitochondrion
Q96JB8,Cytoplasm,Q96JB8__53c83c59d152cb66,True,2,0.6018605240937404,Nucleus;Nucleus
Q9H6S1,Cytoplasm,Q9H6S1__eb386a1ca1d9bd02,False,2,0.6017881960786322,Nucleus;Nucleus
Q9Y5R4,Mitochondrion,Q9Y5R4__0007113a4f2cc16f,False,2,0.6006135192732737,Membrane;Membrane
Q9BW66,Nucleus,Q9BW66__33fdabf6577e0153,True,2,0.5984074455325035,Cytoplasm;Cytoplasm
Q13185,Nucleus,P83916__5cf91f43af5d1678,True,2,0.5978656408568301,Cytoplasm;Cytoplasm
Q13536,Nucleus,Q13536__3a16e5ad805ff7a3,True,2,0.597375211975226,Secreted;Secreted
Q8WUN7,Cytoplasm,Q8WUN7__7cc304f0824a1ea0,False,2,0.5961518677238806,Nucleus;Nucleus
Q969J5,Secreted,Q969J5__32941c68f8149bc9,False,2,0.5944218264397555,Membrane;Membrane
Q96IJ6,Cytoplasm,Q96IJ6__0519dfa64eaa9452,True,2,0.5942357584481267,Membrane;Membrane
Q8TC90,Nucleus,Q8TC90__0fad498bab283d13,True,2,0.5938125525884498,Mitochondrion;Mitochondrion
P54315,Secreted,P11150__70ef1ae8ca11b378,False,2,0.592323187527751,Membrane;Membrane
Q13733,Membrane,P13637__28886d316e014e26,True,2,0.592155679277848,Cytoplasm;Cytoplasm
Q8IYJ3,Membrane,Q8IYJ3__ba4e1cf80bce4ff0,True,2,0.5918224604472495,Nucleus;Nucleus
C9JR72,Cytoplasm,C9JR72__662b07f6b347a61f,False,2,0.5912490611944246,Membrane;Membrane
Q8NHJ6,Membrane,Q8NHJ6__10162695b38f8fa4,True,2,0.5900168313914926,Nucleus;Nucleus
Q9NRL2,Nucleus,Q9NRL2__8bfb026cca112636,True,2,0.589917598638099,Cytoplasm;Cytoplasm
Q9UPQ3,Cytoplasm,Q96P47__730ecd6fed3c96b7,True,2,0.5888032665124283,Nucleus;Nucleus
P63092,Membrane,A8MTJ3__69d69c3bddc7e9c1,True,2,0.587947598333381,Cytoplasm;Cytoplasm
P02671,Secreted,P02671__362bf6ebe743cfe8,False,2,0.5872543174504263,Nucleus;Nucleus
P19835,Secreted,P19835__25b1dff52f51dbb2,False,2,0.5863769567685939,Membrane;Membrane
Q8NEL9,Cytoplasm,Q8NEL9__cb2b4600f53f48a1,False,2,0.5853540474799219,Nucleus;Nucleus
Q9BYK8,Cytoplasm,Q9BYK8__b85ba91739e1a383,False,2,0.5807895456523454,Membrane;Membrane
Q9P0J1,Mitochondrion,Q9P0J1__46a9ad82147836d7,False,2,0.5795323250018984,Cytoplasm;Cytoplasm
Q9BV44,Cytoplasm,Q9BV44__1fb73430dd0eb582,False,2,0.5789535933309768,Nucleus;Nucleus
O43692,Secreted,O43692__26d730260aaa4440,False,2,0.5788957340352671,Membrane;Membrane
Q9NNW5,Cytoplasm,Q9NNW5__90cdc247f6dc66e5,True,2,0.5787815817466724,Membrane;Membrane
Q9BRJ6,Secreted,Q9BRJ6__8a2a686d99736f16,True,2,0.578663427225949,Cytoplasm;Nucleus
Q8N729,Secreted,Q8N729__15e26d34454c3127,False,2,0.5777777645677431,Mitochondrion;Mitochondrion
Q9GZU7,Nucleus,Q9GZU7__9c84f2f97b5216c6,True,2,0.577209126005598,Cytoplasm;Cytoplasm
Q14129,Nucleus,Q14129__fd48aa1f72b2710e,True,2,0.5769180948411619,Cytoplasm;Cytoplasm
P00540,Cytoplasm,P00540__8d82492dd06934c3,False,2,0.5766376522674679,Membrane;Membrane
O43653,Membrane,O43653__252effdba5d5a0e6,False,2,0.5761853718097582,Secreted;Secreted
Q8N4X5,Cytoplasm,Q8N4X5__aa68e3b2f06b2397,False,2,0.5754124156271474,Nucleus;Nucleus
Q8TCE9,Nucleus,Q8TCE9__adf8d4d5461a308c,False,2,0.5746262356253311,Membrane;Membrane
Q14953,Membrane,P43626__ee148c74eb46d498,False,2,0.5731926434997175,Secreted;Secreted
Q15291,Nucleus,Q15291__3d9ebba1b618d6db,False,2,0.5712644748506583,Cytoplasm;Cytoplasm
Q9BQP7,Mitochondrion,Q9BQP7__8ad1a914e3a6eb2a,False,2,0.5710560630560759,Nucleus;Nucleus
Q86YR6,Membrane,Q86YR6__bc4ccce134d4fdb1,False,2,0.5699433098617981,Nucleus;Nucleus
Q3SY69,Mitochondrion,Q3SY69__676050a352eff143,False,2,0.5698786355042839,Cytoplasm;Cytoplasm
P06307,Secreted,P06307__f984341b39601606,False,2,0.5695222897348386,Nucleus;Nucleus
Q68CK6,Mitochondrion,Q68CK6__c0d92f3bb9f559c1,False,2,0.5687623844575782,Membrane;Membrane
Q76LX8,Secreted,Q76LX8__20d8937a8f2450b6,True,2,0.5676861539269996,Membrane;Membrane
P82921,Mitochondrion,P82921__d6b3113066be9f4f,False,2,0.566008372596458,Nucleus;Nucleus
P00450,Secreted,P00450__6d5f4d2b81edca18,True,2,0.5654369821090595,Nucleus;Nucleus
P61927,Cytoplasm,P61927__4c3fcaec6e47af78,False,2,0.5654289012579299,Nucleus;Nucleus
Q6V1X1,Cytoplasm,Q6V1X1__e77cf62a15aae70b,False,2,0.5642280235557489,Nucleus;Nucleus
Q9NT62,Cytoplasm,Q9NT62__b2e2c4c580ffea95,False,2,0.5639536083344465,Nucleus;Nucleus
Q9UDW3,Nucleus,Q9UDW3__27502a8673a1aecc,False,2,0.5639160345835125,Cytoplasm;Cytoplasm
P20936,Cytoplasm,P20936__e9c5e47db9bac98b,False,2,0.5624884366180785,Membrane;Membrane
Q9NZI6,Nucleus,Q12800__d7520ea932afc672,False,2,0.5611962889255667,Cytoplasm;Cytoplasm
O95445,Secreted,O95445__8b98146cbd1807b4,True,2,0.5610860972378058,Membrane;Membrane
O60503,Membrane,O60503__c25c43fdac8076cc,False,2,0.5610795640761643,Cytoplasm;Cytoplasm
Q9BRV8,Cytoplasm,Q9BRV8__3eaab5dc2027836a,False,2,0.5606590347770505,Nucleus;Nucleus
P24864,Nucleus,O96020__06a577daa4cba0a3,False,2,0.5606176686024924,Cytoplasm;Cytoplasm
P31321,Membrane,P10644__9e2103c22e85013c,False,2,0.5586758716970732,Cytoplasm;Cytoplasm
P41279,Cytoplasm,P41279__85be618bbf0bc60f,False,2,0.5562704816825735,Nucleus;Nucleus
O60232,Cytoplasm,O60232__af02534b341728c2,False,2,0.5560003942717231,Nucleus;Nucleus
P10997,Secreted,P10997__a76b82f55d65ddfa,False,2,0.5555249191124055,Membrane;Membrane
Q9NZJ4,Cytoplasm,Q9NZJ4__5b976fe4afbf54bd,True,2,0.55392312199244,Membrane;Membrane
Q9BY27,Nucleus,Q14129__fd48aa1f72b2710e,True,2,0.5529968559946292,Cytoplasm;Cytoplasm
O95379,Cytoplasm,O95379__0fabe86e19ac2eaa,False,2,0.5527937232176914,Nucleus;Nucleus
Q9NQG5,Nucleus,Q96P16__75e03199b46ecb7b,False,2,0.5521780219235618,Cytoplasm;Cytoplasm
Q9UDY6,Cytoplasm,Q9C037__b8468b0c290980a7,False,2,0.5517493244349971,Nucleus;Nucleus
Q8N392,Cytoplasm,Q8N392__25ce4f81f61dd3a2,False,2,0.5496771835604307,Nucleus;Nucleus
Q9NRP2,Mitochondrion,Q9NRP2__cf82f081e958f3b0,False,2,0.5490919951622417,Nucleus;Nucleus
Q5VUB5,Membrane,Q5VUB5__0b5afb182fc810d2,False,2,0.5489482915033072,Nucleus;Nucleus
Q9Y333,Nucleus,Q9Y333__37f7c8aca7aa33ee,False,2,0.5476155769178116,Cytoplasm;Cytoplasm
Q8WX92,Nucleus,Q8WX92__a96153b3c472d3f2,False,2,0.5473386842749063,Cytoplasm;Cytoplasm
Q9BQ87,Nucleus,Q9BQ87__9d08a5812ce326f7,False,2,0.5458033670375702,Cytoplasm;Cytoplasm
O43526,Membrane,O43525__8af289bc930940c4,False,2,0.545022168645856,Nucleus;Nucleus
Q9H0C8,Cytoplasm,Q9H0C8__9c82a0828a1f762f,False,2,0.5415383731633072,Nucleus;Nucleus
O75509,Membrane,O75509__d9be56848c77e345,True,2,0.5413070276797022,Nucleus;Nucleus
Q8N5N7,Mitochondrion,Q8N5N7__a59c422617a2f8a5,False,2,0.5385336927159303,Nucleus;Nucleus
Q14D04,Membrane,Q14D04__290755727766d061,False,2,0.5376319681402073,Nucleus;Cytoplasm
Q92995,Cytoplasm,Q92995__99778274bbe62d07,False,2,0.5361985000911302,Nucleus;Nucleus
P13647,Cytoplasm,P13647__d36394100dfde016,False,2,0.5361922706000535,Nucleus;Nucleus
Q8N1F8,Cytoplasm,Q8N1F8__581f95c5e885f736,True,2,0.5352658425370987,Membrane;Membrane
P61254,Cytoplasm,P61254__78491c9705795368,False,2,0.5347872264480932,Mitochondrion;Mitochondrion
Q9NTJ4,Cytoplasm,Q9NTJ4__9b2d3d5d3b7da133,False,2,0.5340034856957954,Membrane;Membrane
Q5T1B0,Cytoplasm,Q5T1B0__ce731f0054d166a6,False,2,0.5330858906432308,Nucleus;Nucleus
O15235,Mitochondrion,O15235__b41639f3703a7d41,False,2,0.5330543985688889,Secreted;Secreted
Q6P1Q9,Cytoplasm,Q6P1Q9__676b6da9a5ce4929,False,2,0.5326944578583775,Nucleus;Nucleus
Q99988,Secreted,Q99988__e7cc12a1753279a2,True,2,0.532558896788723,Nucleus;Nucleus
P42330,Cytoplasm,P42330__7a787644dd8d6e14,False,2,0.5323498756404854,Nucleus;Nucleus
Q96IZ6,Cytoplasm,Q6P1Q9__676b6da9a5ce4929,False,2,0.5311014611106816,Nucleus;Nucleus
P12318,Membrane,P12318__0d955e69e959b340,False,2,0.5304805595597628,Secreted;Secreted
Q9H2S5,Cytoplasm,Q9H2S5__1bd740ef2d67c8dc,False,2,0.5290756725757335,Nucleus;Nucleus
Q9Y291,Mitochondrion,Q9Y291__47aa15fbb41f7ce0,False,2,0.5284872829130501,Nucleus;Nucleus
Q9BTP7,Nucleus,Q9BTP7__1a8c0e84406d0caf,False,2,0.5276594284309832,Cytoplasm;Cytoplasm
P20273,Membrane,P20273__02a7fa9f4745cdff,False,2,0.5269951867395906,Secreted;Secreted
O95751,Nucleus,O95751__6477d4308db58115,False,2,0.5269901462902349,Mitochondrion;Secreted
Q9HD40,Cytoplasm,Q9HD40__4dbcac31dd52fe4f,False,2,0.526816527671288,Nucleus;Nucleus
Q9UK99,Nucleus,Q9UK99__510a392030fa3d86,True,2,0.5259163778326151,Membrane;Membrane
P35900,Cytoplasm,P14136__4e5ae3c3a064a42e,False,2,0.5248968196794235,Mitochondrion;Mitochondrion
Q9H400,Membrane,Q9H400__3f6d302c860952f5,True,2,0.5230407394311692,Secreted;Mitochondrion
Q9H4B0,Mitochondrion,Q9H4B0__dc7fb59d0b761342,False,2,0.5225526088267609,Cytoplasm;Cytoplasm
Q16540,Mitochondrion,Q16540__d1f4570deb1782c5,False,2,0.5214692976809632,Nucleus;Nucleus
Q13156,Nucleus,Q13156__443375626bc2671b,True,2,0.5212338751981251,Cytoplasm;Cytoplasm
Q5VUG0,Nucleus,Q5VUG0__5da9b83525bc40d1,False,2,0.5191595889198574,Cytoplasm;Cytoplasm
P51668,Cytoplasm,P51668__fcf427cbe5ff0485,False,2,0.5165431786489095,Nucleus;Nucleus
Q8HWS3,Nucleus,Q8HWS3__e8dab115c34640c7,False,2,0.5157711607746316,Membrane;Membrane
P05113,Secreted,P05113__b536d3a02bc7e2f2,False,2,0.5152559923490693,Mitochondrion;Mitochondrion
Q9UI42,Secreted,Q9UI42__08da799bbf699e9a,False,2,0.5134219587640404,Membrane;Membrane
O95998,Secreted,O95998__39e0c716d319a9d3,False,2,0.5115000515092514,Membrane;Membrane
Q8TEA1,Cytoplasm,Q8TEA1__c956bbaf62ab4759,False,2,0.5112752220559016,Nucleus;Nucleus
P21757,Membrane,P21757__741fb60beb7caacc,False,2,0.5105961188016817,Cytoplasm;Nucleus
Q9BTF0,Nucleus,Q9BTF0__a8ba08dce1c6e831,False,2,0.5094511646480115,Cytoplasm;Cytoplasm
Q8WZ60,Cytoplasm,Q8WZ60__11ab955957f0c834,False,2,0.5091702345090932,Membrane;Membrane
P49638,Cytoplasm,P49638__37125289988fe878,False,2,0.5073228572932305,Mitochondrion;Mitochondrion
Q9NWZ3,Cytoplasm,Q9NWZ3__d1e98792da352b2d,False,2,0.5048810515647535,Nucleus;Nucleus
P59046,Cytoplasm,P59046__bce6651626bc9258,False,2,0.5045183669020117,Membrane;Membrane
P35318,Secreted,P35318__56b3521e74feff9a,False,2,0.504324659797581,Nucleus;Nucleus
Q0VG06,Nucleus,Q0VG06__6776735c2d7ea2eb,False,2,0.5035878070765921,Membrane;Cytoplasm
Q9UGK3,Cytoplasm,Q9UGK3__0bb872b412529eff,False,2,0.503559838296256,Nucleus;Nucleus
Q9Y4A5,Nucleus,Q9Y4A5__9f4b98ccded6c4a7,False,2,0.5035178007615392,Membrane;Membrane
Q13115,Nucleus,Q13115__865d65f56fd4b795,False,2,0.5020005273620374,Membrane;Membrane
Q30201,Membrane,Q30201__bfda3e8888808838,False,2,0.5018761063528125,Secreted;Secreted
Q6WQI6,Cytoplasm,Q6WQI6__b3be78b71a385430,False,2,0.5016476586186507,Membrane;Membrane
Q8TBK2,Nucleus,Q8TBK2__94942cd343d798ad,False,2,0.49967942129568443,Cytoplasm;Cytoplasm
Q9Y3C6,Nucleus,Q9Y3C6__a17b0a5086d174ff,False,2,0.4995095138593999,Secreted;Secreted
P61366,Secreted,P61366__0311397f747a24b1,False,2,0.49805583358480043,Nucleus;Nucleus
Q8N4T4,Membrane,Q8N4T4__f5d01eb5df1de038,False,2,0.4978702542554063,Nucleus;Nucleus
O60477,Cytoplasm,O60477__d0ec85c4004efa9d,False,2,0.49769768796635677,Membrane;Membrane
Q9BUU2,Nucleus,Q9BUU2__f1a3f7cf0e5a852d,False,2,0.49752039024018174,Cytoplasm;Cytoplasm
P05155,Secreted,P05155__c91d27d3352cd861,False,2,0.49543337619051364,Nucleus;Nucleus
Q8N165,Nucleus,Q8N165__e87a7144d65c2b24,False,2,0.4946882201262185,Cytoplasm;Cytoplasm
Q7Z2X4,Cytoplasm,Q7Z2X4__cf5043bc881bd42b,False,2,0.4944329971228408,Secreted;Secreted
Q9NUJ7,Cytoplasm,Q0VAA5__cb4d0563bfde4d28,False,2,0.49357217630895855,Membrane;Membrane
O60895,Membrane,O60895__60f885dae3248015,False,2,0.49321356337773126,Secreted;Secreted
Q9Y5A7,Nucleus,Q9Y5A7__7b35712ee1ef490e,True,2,0.4931109642846305,Cytoplasm;Cytoplasm
Q93034,Nucleus,Q93034__8895f982b2239887,True,2,0.4931005362127394,Cytoplasm;Cytoplasm
Q9H0A9,Cytoplasm,Q9H0A9__2b83ec097322852e,False,2,0.4930343616403261,Nucleus;Nucleus
P57721,Cytoplasm,P57721__196e5383a7418752,False,2,0.48996315489660813,Nucleus;Membrane
P05362,Membrane,P05362__c13e370f975e57b5,False,2,0.48948860210868084,Secreted;Secreted
Q9UKF6,Nucleus,Q9UKF6__0a59d788503e05b0,False,2,0.4891363991301282,Membrane;Membrane
Q86U86,Nucleus,Q86U86__74456b553ff5ddac,False,2,0.4886119095842839,Cytoplasm;Cytoplasm
Q9NVS2,Mitochondrion,Q9NVS2__8b6aef72425c6fde,False,2,0.48854237986792487,Secreted;Secreted
O43548,Cytoplasm,O43548__c352a992508efb61,True,2,0.48846503812739583,Membrane;Membrane
Q2M3G0,Membrane,Q2M3G0__9207a16959a43653,False,2,0.48794925312227566,Cytoplasm;Cytoplasm
Q9H4E5,Membrane,Q9H4E5__de729efa2d9969dd,True,2,0.4877173601452529,Cytoplasm;Cytoplasm
Q69YI7,Nucleus,Q69YI7__959eaad410fb21ba,False,2,0.4860130066648789,Cytoplasm;Cytoplasm
Q96RP3,Secreted,Q96RP3__ecf327b776d9d149,False,2,0.4855653362687512,Membrane;Membrane
Q0VD83,Membrane,Q0VD83__7512f52a3840cf4b,True,2,0.485403439389002,Nucleus;Cytoplasm
Q8TB73,Secreted,Q8TB73__c104d47b5f3b6894,False,2,0.48511367838933644,Nucleus;Nucleus
Q9Y5P6,Cytoplasm,Q96IJ6__0519dfa64eaa9452,False,2,0.4839203782608872,Membrane;Membrane
P61313,Cytoplasm,P61313__d09b86592c128c04,False,2,0.48354519797980255,Mitochondrion;Mitochondrion
Q9Y238,Cytoplasm,Q9Y238__e3bf0c8ab82522de,False,2,0.48341343009042603,Nucleus;Nucleus
Q05048,Nucleus,Q05048__41a1a69c5826aa17,False,2,0.48211923678089796,Membrane;Membrane
Q9HCN2,Mitochondrion,Q9HCN2__2219a62485fc0c88,False,2,0.48020497511164684,Nucleus;Nucleus
Q86XI2,Nucleus,Q86XI2__687d8999bdd3fb4d,False,2,0.47960331119678534,Cytoplasm;Cytoplasm
Q8NHR9,Cytoplasm,Q8NHR9__07a8177c6ade48e7,True,2,0.47954171029467374,Secreted;Secreted
O75170,Cytoplasm,O75170__2a228c8e7200e493,False,2,0.4792097065821845,Nucleus;Nucleus
P26715,Membrane,P26715__314831cbc6e4498d,False,2,0.4790863307493922,Nucleus;Nucleus
Q9Y676,Mitochondrion,Q9Y676__35eef5040a994d4f,False,2,0.47823873840942394,Nucleus;Nucleus
Q14520,Secreted,Q14520__bb40432da7775c11,True,2,0.4779757979430862,Nucleus;Nucleus
Q9H8M7,Nucleus,Q9H8M7__ac1c44979511ceb4,False,2,0.4778002838668815,Membrane;Membrane
P43652,Secreted,P43652__fcfa797bf58849cc,False,2,0.47765742344730167,Cytoplasm;Nucleus
Q96KN2,Secreted,Q96KN2__aba23f105472539e,False,2,0.47691953428584993,Membrane;Cytoplasm
P01270,Secreted,P01270__deceb06a7ae3d8be,False,2,0.47609813754102737,Nucleus;Cytoplasm
Q6UXB8,Secreted,Q6UXB8__31e4e2960ffccd32,False,2,0.474693440997364,Membrane;Membrane
Q9BTE3,Nucleus,Q9BTE3__c3a8e8da61289200,True,2,0.47400750070656666,Cytoplasm;Membrane
Q9GZY6,Membrane,Q9GZY6__49dfa6f8a3e9e14b,True,2,0.47232233799809775,Nucleus;Nucleus
Q9BRJ7,Nucleus,Q9BRJ7__79e1b323bf894c47,False,2,0.47170305156573156,Mitochondrion;Mitochondrion
Q6IPR1,Mitochondrion,Q6IPR1__b884d7f67f420157,False,2,0.46888622803837976,Cytoplasm;Cytoplasm
P14136,Cytoplasm,P14136__4e5ae3c3a064a42e,True,2,0.467536367289632,Mitochondrion;Nucleus
P60985,Secreted,P60985__532dce47469498d1,False,2,0.4647740082360613,Cytoplasm;Cytoplasm
O00255,Nucleus,O00255__7810003b5817178c,True,2,0.46381603039034514,Cytoplasm;Cytoplasm
P26717,Membrane,P26715__314831cbc6e4498d,False,2,0.4635952324213587,Nucleus;Cytoplasm
P05160,Secreted,P05160__dfdf0f2b8afd27e2,False,2,0.4610947672241527,Membrane;Nucleus
Q9Y4Z0,Nucleus,Q9Y4Z0__8939b0ee6c2f17af,False,2,0.4601772786059482,Secreted;Secreted
Q13507,Membrane,P48995__0b3c67de268a6557,False,2,0.459997654820463,Cytoplasm;Cytoplasm
Q9H8S5,Nucleus,Q9H8S5__b6dff0638e9913f5,False,2,0.4597512307526548,Cytoplasm;Cytoplasm
Q9NZK5,Secreted,Q9NZK5__8444c71551b3c402,False,2,0.45832438765235284,Mitochondrion;Membrane
Q86WQ0,Nucleus,Q86WQ0__73d87ed821e8e386,False,2,0.45712049918306863,Cytoplasm;Cytoplasm
P16298,Cytoplasm,P16298__bd6d21436948c6b7,False,2,0.4569055803466871,Membrane;Membrane
P27707,Nucleus,P27707__c32b38afb23c7581,False,2,0.4564329288793066,Cytoplasm;Cytoplasm
P62841,Cytoplasm,P62841__d1eb8ca9961aeeac,False,2,0.4563372038054939,Mitochondrion;Mitochondrion
Q8TAS1,Nucleus,Q8TAS1__8089b8fa12a31fa1,False,2,0.4558477397044995,Mitochondrion;Cytoplasm
Q96SN7,Membrane,Q96SN7__37972edaf1f9ac21,True,2,0.45390786265639094,Cytoplasm;Mitochondrion
Q14954,Membrane,P43626__ee148c74eb46d498,False,2,0.45136599086172047,Secreted;Secreted
Q15393,Nucleus,Q15393__212bb58911e1cdef,False,2,0.448958311541906,Membrane;Membrane
Q9GZP0,Secreted,Q9GZP0__3da6686436593306,True,2,0.4483305243486542,Nucleus;Nucleus
P42658,Membrane,P42658__ff334f5d70cd4390,False,2,0.4480550648004155,Nucleus;Nucleus
P39905,Secreted,P39905__6b142a7d02bfea43,False,2,0.4461213997310486,Nucleus;Nucleus
O96019,Nucleus,O96019__a6dbc50f8caac2c8,False,2,0.4449878218439597,Cytoplasm;Cytoplasm
Q16822,Mitochondrion,Q16822__94d435f6b78e6062,False,2,0.4449064367848574,Membrane;Membrane
O43716,Mitochondrion,O43716__391dfaaf8cbe8119,False,2,0.4442247250612851,Cytoplasm;Cytoplasm
Q9Y2U9,Nucleus,Q9Y2U9__b88510cec6dd93d1,False,2,0.4418517886056229,Membrane;Membrane
Q16828,Cytoplasm,Q13115__865d65f56fd4b795,False,2,0.44104906919305253,Membrane;Membrane
P00740,Secreted,P00740__32f5d032de97ea22,False,2,0.44093593146133736,Membrane;Membrane
Q8NEV9,Secreted,Q8NEV9__3246b16cd858d1e3,True,2,0.44006403844894393,Cytoplasm;Cytoplasm
P09693,Membrane,P09693__7a2ce8dd0310ad50,False,2,0.4396776646910854,Secreted;Secreted
Q8N983,Mitochondrion,Q8N983__fedbfb38b75c36ab,False,2,0.4373027059792376,Nucleus;Nucleus
Q12809,Membrane,Q12809__287332153da38b59,False,2,0.4366300316928614,Nucleus;Nucleus
A1L188,Mitochondrion,A1L188__8de241dc6f38cd90,False,2,0.43444578576578907,Secreted;Secreted
Q5SW96,Cytoplasm,Q5SW96__c12aef9dc735168a,False,2,0.43268789044901673,Secreted;Nucleus
Q9UDR5,Mitochondrion,Q9UDR5__b9843f3647b5d9d1,False,2,0.4311724682956345,Membrane;Cytoplasm
Q9C030,Cytoplasm,Q9C030__6db31839bf4ff6ad,False,2,0.43107047098718887,Nucleus;Nucleus
Q13158,Cytoplasm,Q13158__dfe42fa21201563f,False,2,0.43079201052283256,Secreted;Secreted
Q8NHU6,Cytoplasm,Q8NHU6__f935623e082f1e70,True,2,0.4266752623365024,Nucleus;Nucleus
Q7Z4R8,Secreted,Q7Z4R8__02aaca23823b37e8,True,2,0.42558668680740275,Membrane;Membrane
P12004,Nucleus,P12004__9dec884956b52202,True,2,0.42488671020191493,Membrane;Membrane
P53602,Cytoplasm,P53602__0e1a261b305236cb,False,2,0.4244989403021314,Membrane;Membrane
P0DMM9,Cytoplasm,O43704__0a257f68bc492a36,False,2,0.4243170766070368,Nucleus;Nucleus
Q9NSB4,Cytoplasm,P13647__d36394100dfde016,False,2,0.423446785306779,Nucleus;Membrane
Q16829,Cytoplasm,Q13115__865d65f56fd4b795,False,2,0.4229623466097915,Membrane;Membrane
P24001,Secreted,P24001__85d48af7855e2460,False,2,0.422680463499271,Cytoplasm;Cytoplasm
O75828,Cytoplasm,O75828__2764a837703abb2f,False,2,0.4226153130891802,Mitochondrion;Mitochondrion
Q8WXB4,Nucleus,O60765__7991d51d11a01c75,False,2,0.42151974100886525,Membrane;Membrane
Q8N335,Cytoplasm,P21695__f2064963afa2628e,True,2,0.4198370205793206,Membrane;Membrane
P78540,Mitochondrion,P78540__bce83a023087ff01,False,2,0.4197918952080224,Cytoplasm;Cytoplasm
P30043,Cytoplasm,P30043__eb0bcc4cc33b3b39,False,2,0.4197187264846727,Mitochondrion;Nucleus
P62487,Nucleus,P62487__b34ccf4be38dfe0e,False,2,0.41821818706662767,Cytoplasm;Cytoplasm
Q15048,Cytoplasm,Q15048__2effb394691e2311,False,2,0.4181736994152746,Membrane;Membrane
Q16698,Mitochondrion,Q16698__a9f684af97574f8f,False,2,0.41807040767421516,Membrane;Membrane
P35908,Cytoplasm,P13647__d36394100dfde016,False,2,0.4158436225848594,Nucleus;Nucleus
Q86WI3,Cytoplasm,Q86WI3__1d4702dd18bebe3b,False,2,0.4156811733352695,Membrane;Membrane
Q7Z4G4,Cytoplasm,Q7Z4G4__5b25580a94fe0c7c,False,2,0.41322498936709806,Membrane;Secreted
P78536,Membrane,P78536__df665a32b583fcff,False,2,0.41121784813882883,Nucleus;Nucleus
O75676,Nucleus,O75676__a2963df65dc7cefa,False,2,0.40981351628402607,Cytoplasm;Cytoplasm
P09228,Secreted,P01034__ae318b9c984ac982,False,2,0.40769626855896113,Membrane;Membrane
Q9BQ90,Cytoplasm,Q9BQ90__f3ba906e9eae860c,False,2,0.4074776939508168,Membrane;Membrane
P46779,Cytoplasm,P46779__db54e0cc67d45431,False,2,0.40693295815385955,Nucleus;Mitochondrion
O95619,Nucleus,O95619__927acc1a37ca13d7,False,2,0.4067647956032362,Cytoplasm;Cytoplasm
Q13889,Nucleus,Q13889__d9f03a028282161c,False,2,0.40602214604506504,Cytoplasm;Membrane
Q96M94,Nucleus,Q96M94__442f5fc40b899ac0,False,2,0.40509423155430513,Membrane;Membrane
O75596,Secreted,O75596__78caab47a2989904,False,2,0.4047123614483361,Cytoplasm;Cytoplasm
P09960,Cytoplasm,P09960__419e4dc8adbe6e5c,False,2,0.4046359495227048,Membrane;Membrane
P21246,Secreted,P21246__7200edb0047d9705,False,2,0.40433627375387204,Nucleus;Nucleus
Q0VAA5,Nucleus,Q0VAA5__cb4d0563bfde4d28,False,2,0.4035395843817009,Membrane;Membrane
Q502W6,Cytoplasm,Q502W6__c0735888e8d17da9,False,2,0.4030251436435852,Nucleus;Nucleus
Q6PIZ9,Membrane,Q6PIZ9__299e6a80baba1001,False,2,0.40300623747077546,Nucleus;Secreted
O43704,Cytoplasm,O43704__0a257f68bc492a36,False,2,0.4013612575886505,Nucleus;Nucleus
P13232,Secreted,P13232__ca5f3ebc3a796a53,False,2,0.40078998344150923,Cytoplasm;Nucleus
Q8NBC4,Cytoplasm,Q8NBC4__deb234d0f50478c2,False,2,0.3983708941352626,Mitochondrion;Mitochondrion
Q86U28,Mitochondrion,Q86U28__0e2ace971cd77cfa,False,2,0.39767364202646804,Nucleus;Membrane
Q9NVR2,Nucleus,Q9NVR2__98ff513316f894ee,False,2,0.3966514200302021,Cytoplasm;Cytoplasm
Q96LR2,Cytoplasm,Q96LR2__70ca8aa92b6f7ea4,False,2,0.39633744260917614,Nucleus;Nucleus
Q9HCE9,Membrane,Q9HCE9__18545f7c50cad011,True,2,0.39632376725092877,Nucleus;Cytoplasm
Q7Z569,Cytoplasm,Q7Z569__6732e187f06abeec,False,2,0.3955781596202926,Nucleus;Nucleus
Q9NWQ9,Mitochondrion,Q9NWQ9__d718ce90a14a2a27,False,2,0.3953610845884799,Secreted;Secreted
Q9BWW7,Nucleus,Q9BWW7__73319b912f757ea6,False,2,0.3945829725594544,Secreted;Secreted
Q9NZD2,Cytoplasm,Q9NZD2__7ade6ae29c3be56c,False,2,0.39374879551580294,Membrane;Secreted
Q9Y4C4,Cytoplasm,Q9Y4C4__4252866ebdd70b62,False,2,0.39364571189488895,Membrane;Membrane
Q96IV0,Cytoplasm,Q96IV0__2d08f57524e313b9,False,2,0.3911237721415498,Membrane;Membrane
A8MQ27,Cytoplasm,A8MQ27__8bbbb80f970bdd93,False,2,0.38878224202186723,Nucleus;Nucleus
Q6NSW7,Nucleus,Q6NSW7__59096b2907462acd,False,2,0.3887351201126146,Membrane;Membrane
Q8NEC7,Cytoplasm,Q8NEC7__887bdc3fd2250d7d,False,2,0.38656311772831475,Nucleus;Membrane
Q13794,Mitochondrion,Q13794__d43898cd564c36c3,False,2,0.38574901815844875,Secreted;Nucleus
P83876,Nucleus,P83876__281ef8f8dbce779f,False,2,0.3856320150197679,Membrane;Cytoplasm
Q9H7M9,Membrane,Q9H7M9__43533c1b1899c9ee,False,2,0.3844088403833875,Secreted;Secreted
Q9H9S0,Nucleus,Q6NSW7__59096b2907462acd,False,2,0.384294754495616,Membrane;Membrane
P98066,Secreted,P98066__7f534c0fa6dff084,False,2,0.38236283230887497,Membrane;Membrane
Q96HY7,Mitochondrion,Q96HY7__7b4d6f55b9377116,False,2,0.37768863922236445,Cytoplasm;Nucleus
Q96G04,Cytoplasm,Q96G04__8d0fd3efab56e5b4,False,2,0.375405664179971,Membrane;Membrane
P62888,Cytoplasm,P62888__73ede4df4cd38c13,False,2,0.3723143316273583,Secreted;Mitochondrion
Q7RTR2,Cytoplasm,Q7RTR2__09ec150847376204,False,2,0.3674495456393292,Membrane;Membrane
Q9NQR4,Cytoplasm,Q9NQR4__693ea6e2e77a9130,False,2,0.36640179958597585,Membrane;Membrane
P24387,Secreted,P24387__8fc385be2df9b754,False,2,0.36362611852887317,Cytoplasm;Membrane
B2CW77,Nucleus,B2CW77__cb62044b7a49dab1,False,2,0.3619750921831224,Mitochondrion;Mitochondrion
P05091,Mitochondrion,P05091__c6dc987207be9323,False,2,0.3615508128964941,Cytoplasm;Cytoplasm
P0CG13,Nucleus,P0CG13__e3744eb30ac4f859,True,2,0.3606362102409,Cytoplasm;Mitochondrion
Q9UEE5,Nucleus,Q9UEE5__50a1e4437af3eac9,False,2,0.3590688226859333,Cytoplasm;Mitochondrion
P42765,Mitochondrion,P24752__1216a9416365af9e,False,2,0.35245247206275043,Cytoplasm;Cytoplasm
P50225,Cytoplasm,O43704__0a257f68bc492a36,False,2,0.3491581067815045,Nucleus;Nucleus
Q9H6A0,Cytoplasm,Q9H6A0__658f81926c0e6feb,False,2,0.3472331521590085,Nucleus;Nucleus
P0DTU4,Membrane,P0DSE2__53aa93e9702f6c89,False,2,0.3469348331754496,Nucleus;Cytoplasm
Q16769,Secreted,Q16769__422f5a848c7a8657,False,2,0.3421080215478798,Mitochondrion;Mitochondrion
Q8WVY7,Nucleus,Q8WVY7__8de8547bfeb2f4fe,True,2,0.3403110188016084,Cytoplasm;Secreted
Q9Y3E2,Mitochondrion,Q9Y3E2__8b7101fe820b909a,False,2,0.33684402127773605,Membrane;Membrane
O95932,Cytoplasm,O43548__c352a992508efb61,False,2,0.33459762551584615,Membrane;Membrane
P05231,Secreted,P05231__ce9be1b6049442db,False,2,0.3334545661411612,Cytoplasm;Cytoplasm
A6NK58,Mitochondrion,A6NK58__bb7f0c494425db78,False,2,0.3310583385523982,Secreted;Secreted
Q7Z6M3,Membrane,Q7Z6M3__3565239b82271fca,False,2,0.3266944781095098,Nucleus;Nucleus
Q49AH0,Secreted,Q49AH0__113bbcf1996773d1,False,2,0.3242079110378534,Mitochondrion;Cytoplasm
Q96L50,Nucleus,Q96L50__fb29de6475c62029,False,2,0.32119861097818975,Cytoplasm;Cytoplasm
P22748,Membrane,P22748__62f5e1881b0efc28,False,2,0.31668028245286806,Mitochondrion;Cytoplasm
P05121,Secreted,P05121__85dcfe09ecc84ccb,False,2,0.31547811074164345,Mitochondrion;Membrane
Q13641,Membrane,Q13641__51681f2cee5b5729,False,2,0.3134438900042997,Mitochondrion;Cytoplasm
P32322,Mitochondrion,P32322__79ab6363b181f29c,False,2,0.3093973143978751,Cytoplasm;Cytoplasm
P02652,Secreted,P02652__ca2ca9fe5ffa4a19,False,2,0.29043996874006905,Mitochondrion;Cytoplasm
Q0P651,Mitochondrion,Q0P651__3a585f24d3283152,False,2,0.2878136842534165,Membrane;Membrane
Q9NPH0,Mitochondrion,Q9NPH0__014204e9b8ed7d62,False,2,0.28675449480735327,Secreted;Membrane
Q9NYK5,Mitochondrion,Q9NYK5__a1f61d18653e8a21,False,2,0.28213700104946027,Nucleus;Membrane
Q12933,Cytoplasm,Q12933__c7292916fa6aa68b,False,2,0.2797718503766956,Membrane;Nucleus
Q86XT4,Cytoplasm,Q86XT4__21215e3814577aa9,True,2,0.2762100077190332,Membrane;Membrane
Q156A1,Nucleus,Q156A1__3cc1e6e2c08d2549,True,1,0.7988159640350294,Mitochondrion;Nucleus
Q92954,Secreted,Q92954__a767a82e7ab1f42b,False,1,0.7087782688825319,Secreted;Nucleus
Q8TDN1,Membrane,P17658__eda1448fb4187cfe,True,1,0.670937772335056,Cytoplasm;Membrane
Q9HCU8,Nucleus,Q9HCU8__702b70eea77165fa,True,1,0.6535928327207099,Cytoplasm;Nucleus
P18124,Cytoplasm,P18124__92301e7942af8946,False,1,0.6464164029552384,Cytoplasm;Mitochondrion
P01308,Secreted,P01308__99603f8fb1e9872e,False,1,0.6456557501648186,Secreted;Membrane
O15525,Nucleus,O15525__848926de4fea3f65,False,1,0.6317202222613214,Cytoplasm;Nucleus
Q9NS37,Nucleus,Q9NS37__7e5ce83cf8bbb7ea,True,1,0.6308219501981853,Cytoplasm;Nucleus
P41223,Nucleus,P41223__f49de9ace7f3886f,True,1,0.628272226071767,Cytoplasm;Nucleus
Q9NZD4,Cytoplasm,Q9NZD4__e77ce5215807da00,False,1,0.6209551387388796,Cytoplasm;Nucleus
Q96LR4,Secreted,Q7Z5A9__d9463d93487ed57e,False,1,0.6120327567849579,Mitochondrion;Secreted
Q92564,Nucleus,Q92564__07f40a8b41ff608a,False,1,0.6103859849923676,Cytoplasm;Nucleus
Q9Y675,Nucleus,Q9Y675__282b769c00264f66,False,1,0.6079381621245425,Nucleus;Mitochondrion
M5A8F1,Secreted,M5A8F1__8cac09a03aced00a,True,1,0.607288191158056,Membrane;Secreted
Q9HCE6,Cytoplasm,Q9HCE6__37f43577c2a13928,False,1,0.6032823866828172,Cytoplasm;Nucleus
P09683,Secreted,P09683__94524a71b8b3947e,False,1,0.6020666217864457,Mitochondrion;Secreted
Q96CW9,Membrane,Q96CW9__da208c5ab31eae8b,False,1,0.5987257521808943,Membrane;Secreted
O43583,Cytoplasm,O43583__04cd419d229d9fc0,False,1,0.5975017916269654,Cytoplasm;Nucleus
O75394,Mitochondrion,O75394__737a0619dd33f016,False,1,0.5931283963270423,Cytoplasm;Mitochondrion
P26951,Membrane,P26951__242c33a169bf9930,False,1,0.5922518868366887,Membrane;Secreted
Q13241,Membrane,Q13241__5a167a0609732e75,False,1,0.5906088305279268,Secreted;Membrane
Q5KSL6,Membrane,Q5KSL6__405d91ca6c9ef904,False,1,0.5903254853355467,Membrane;Nucleus
Q92731,Nucleus,Q92731__7f3d679eff5a0b39,False,1,0.5902943047251162,Nucleus;Cytoplasm
P09001,Mitochondrion,P09001__1fd140a49abc44f5,False,1,0.5871198202433399,Secreted;Mitochondrion
Q6ZVX7,Cytoplasm,Q6ZVX7__d646d0064c8a45d9,False,1,0.5862297638200971,Cytoplasm;Nucleus
O14727,Cytoplasm,O14727__29b2db740200c028,False,1,0.5823843802983699,Nucleus;Cytoplasm
P35268,Cytoplasm,P35268__20ec3c6d5b01df63,False,1,0.5821297341589449,Nucleus;Cytoplasm
Q9H4W6,Nucleus,Q9H4W6__10d62483e617be53,False,1,0.5811717769948823,Nucleus;Membrane
P59666,Secreted,P59666__c815a40ea9a37b86,False,1,0.5798667675325884,Secreted;Membrane
Q14393,Secreted,Q14393__7df33ec92371bd7a,False,1,0.579510134751446,Membrane;Secreted
Q8WVB6,Nucleus,Q8WVB6__c031e81332674116,True,1,0.5789631751900435,Cytoplasm;Nucleus
Q96I23,Mitochondrion,Q96I23__ce5782a2f6929c46,False,1,0.5789217769586665,Nucleus;Mitochondrion
P62495,Cytoplasm,P62495__6ad4be1c91938c97,False,1,0.5788004562739202,Cytoplasm;Nucleus
Q5TD97,Nucleus,Q5TD97__d77fce720ca076e5,True,1,0.5758293278403226,Secreted;Nucleus
O75461,Nucleus,O75461__7ff3e1fd2e49f873,False,1,0.5718417012559684,Nucleus;Cytoplasm
Q6PL18,Nucleus,Q6PL18__7db2f33ffda54052,False,1,0.5702499632107461,Nucleus;Cytoplasm
Q4U2R6,Mitochondrion,Q4U2R6__847bee87afb35c66,False,1,0.5697103424166161,Secreted;Mitochondrion
O75528,Nucleus,O75528__4cdc691f5f90430b,False,1,0.5683596542438409,Cytoplasm;Nucleus
O00221,Cytoplasm,O00221__8a574d1cc16d54b5,False,1,0.567947084089655,Cytoplasm;Nucleus
P23434,Mitochondrion,P23434__947efca06e4e36fa,False,1,0.5677859478479542,Membrane;Mitochondrion
Q15814,Cytoplasm,Q15814__bcba9c3f815dccc9,True,1,0.5668074842436577,Cytoplasm;Nucleus
Q9HCY8,Cytoplasm,Q9HCY8__3cdbf86b13d42774,False,1,0.5630820832610128,Nucleus;Cytoplasm
O75643,Nucleus,O75643__5385e2c408dee1ef,False,1,0.5611148490734372,Cytoplasm;Nucleus
P35237,Cytoplasm,P05121__85dcfe09ecc84ccb,False,1,0.5607083473856314,Membrane;Cytoplasm
Q9P015,Mitochondrion,Q9P015__12e32496f4ef6fb8,False,1,0.5606421007129956,Mitochondrion;Nucleus
P27986,Cytoplasm,P27986__7a7861a2f4b76659,False,1,0.5602681448555973,Nucleus;Cytoplasm
O94776,Nucleus,O94776__e806eb990c234069,False,1,0.5591898534720227,Cytoplasm;Nucleus
Q96P16,Nucleus,Q96P16__75e03199b46ecb7b,False,1,0.5575243539750658,Cytoplasm;Nucleus
Q15847,Nucleus,Q15847__141d117214debbd4,False,1,0.5572510874346102,Cytoplasm;Nucleus
Q86Y13,Cytoplasm,Q86Y13__3d6df33ad3f68ac0,False,1,0.5556082031918714,Nucleus;Cytoplasm
Q9H9P8,Mitochondrion,Q9H9P8__a62fe8db5f74c6c0,False,1,0.553309860207646,Mitochondrion;Membrane
Q5VTR2,Nucleus,O75150__d7822af1f78a01cd,False,1,0.5531145002044908,Nucleus;Cytoplasm
Q9UBC1,Nucleus,Q9UBC1__7fbe824c759644cf,True,1,0.5511413676682559,Nucleus;Cytoplasm
P10155,Cytoplasm,P10155__9c52d7f528d3178e,True,1,0.5501451216976767,Nucleus;Cytoplasm
P58004,Cytoplasm,P58004__581332e2a42b24c1,False,1,0.5494026638925964,Nucleus;Cytoplasm
Q15022,Nucleus,Q15022__39744fd3411045a1,True,1,0.5486088046996123,Membrane;Nucleus
Q9UNG2,Membrane,Q9UNG2__53c469c225a5f473,False,1,0.5483300630381371,Secreted;Membrane
Q9Y5Y7,Membrane,Q9Y5Y7__595c55357fe40f50,True,1,0.5426108150640584,Membrane;Secreted
P40429,Cytoplasm,P40429__a914452f1bb32aec,False,1,0.5424363718544011,Cytoplasm;Mitochondrion
Q8WWL7,Nucleus,Q8WWL7__0fcd719a524c4fb2,False,1,0.5423155231449723,Nucleus;Cytoplasm
P04053,Nucleus,P04053__8e23a70b73243601,False,1,0.5400777112530577,Nucleus;Cytoplasm
Q6E0U4,Secreted,Q6E0U4__f210a81817253ed7,False,1,0.5395964446599624,Secreted;Membrane
P82675,Mitochondrion,P82675__57b9e98833a45eab,False,1,0.5380564287654764,Secreted;Mitochondrion
Q8IWG1,Cytoplasm,Q8IWG1__660ea855b987c963,False,1,0.5368214400913218,Cytoplasm;Nucleus
Q96JS3,Nucleus,Q96JS3__b64f124bac81776b,False,1,0.5341247815045977,Nucleus;Cytoplasm
Q9HAD4,Cytoplasm,Q9HAD4__22ef89ef63909567,False,1,0.5328339059587044,Membrane;Cytoplasm
Q9UGR2,Nucleus,Q9UGR2__0b3876acee6e8459,True,1,0.5318300084301366,Cytoplasm;Nucleus
Q9HCS7,Nucleus,Q9HCS7__3fc4262ec9d0b4d6,True,1,0.5306199131410554,Nucleus;Cytoplasm
P48048,Membrane,P48048__177f175612408c3c,True,1,0.5288318109890822,Membrane;Mitochondrion
Q6UX52,Secreted,Q6UX52__8a8ead5c7df718be,False,1,0.5280173381136637,Membrane;Secreted
Q9Y468,Nucleus,Q9Y468__6c2472dd5fb9edaf,True,1,0.5258859029316819,Cytoplasm;Nucleus
Q9H3P2,Nucleus,Q9H3P2__4169b264629ae922,False,1,0.525710223213962,Secreted;Nucleus
Q7Z6K1,Nucleus,Q7Z6K1__6fe0cfc065576fbc,False,1,0.5246484217688523,Nucleus;Cytoplasm
P41214,Cytoplasm,P41214__393e19b3d75f38d7,False,1,0.5244766629498006,Nucleus;Cytoplasm
O94953,Nucleus,O75164__036a41d3c1505220,False,1,0.5223278586517263,Cytoplasm;Nucleus
Q96BN2,Nucleus,Q96BN2__cb386780d60f3cd1,False,1,0.5218623886831258,Cytoplasm;Nucleus
Q04756,Secreted,Q04756__ac31bf5f0ecf82bc,True,1,0.5214226769915672,Membrane;Secreted
Q13219,Secreted,Q13219__d0a4254dee583de4,False,1,0.5197743585178278,Secreted;Membrane
P0DN87,Secreted,P0DN86__70afb5629af6fc2d,False,1,0.5180674157575287,Secreted;Membrane
P17028,Nucleus,P17028__ae803153b1c784e0,False,1,0.5176148720402072,Nucleus;Cytoplasm
Q9Y6K8,Cytoplasm,Q9Y6K8__058cbd32d64a00b1,False,1,0.5159354918500206,Nucleus;Cytoplasm
P32970,Membrane,P32970__8b8ce93f248bec62,False,1,0.5144494188423101,Membrane;Secreted
Q8TEC5,Nucleus,Q8TEC5__5f54af299cbe09f0,False,1,0.5119917302392314,Nucleus;Membrane
P09914,Cytoplasm,P09914__89e22718ae2cd55e,False,1,0.5117071723194668,Nucleus;Cytoplasm
Q96GX2,Cytoplasm,Q96GX2__d0cefcdcb7d03d24,False,1,0.5110598832083999,Cytoplasm;Nucleus
Q9UHH9,Nucleus,Q96PC2__1e701f49d8ee0a98,False,1,0.5102304020263164,Cytoplasm;Nucleus
Q9NPF7,Secreted,Q9NPF7__18441f075ed6b551,True,1,0.5102218389291657,Mitochondrion;Secreted
P05423,Nucleus,P05423__221b4e3c8c8b5fee,False,1,0.5072889616569637,Nucleus;Cytoplasm
P62917,Cytoplasm,P62917__b8adfcfd66147b8c,False,1,0.5059464434209873,Cytoplasm;Mitochondrion
P23025,Nucleus,P23025__1c30005406d38112,False,1,0.5057839721090632,Nucleus;Mitochondrion
P24752,Mitochondrion,P24752__1216a9416365af9e,False,1,0.5040453463856672,Membrane;Mitochondrion
P49005,Nucleus,P49005__bf61fb61c92fa42d,True,1,0.5038283324142654,Cytoplasm;Nucleus
Q96JM7,Nucleus,Q96JM7__f1abca78483b429c,False,1,0.49647993368092946,Cytoplasm;Nucleus
Q9NRW4,Cytoplasm,Q9NRW4__0980495a2ae93c86,False,1,0.4964089732609014,Cytoplasm;Nucleus
Q8IY21,Cytoplasm,Q8IY21__eda1de0399b07142,False,1,0.4935845925056044,Cytoplasm;Nucleus
O95073,Nucleus,O95073__81065f814f1b2337,False,1,0.49309426209420937,Nucleus;Cytoplasm
P02818,Secreted,P02818__26431670c51cde9b,False,1,0.4923136815399612,Secreted;Mitochondrion
P52952,Nucleus,P52952__5c12a1476330e3c0,False,1,0.4920520924698386,Secreted;Nucleus
Q99638,Nucleus,Q99638__2051787eaed18c36,False,1,0.49129035187879777,Cytoplasm;Nucleus
A1L167,Nucleus,A1L167__affff80ed35411e2,False,1,0.49126556961782475,Cytoplasm;Nucleus
Q9BYZ8,Secreted,Q06141__77f442919756f70f,False,1,0.49041402213226915,Membrane;Secreted
P15260,Membrane,P15260__dcb9b4a6becaaea5,False,1,0.4861905761431685,Membrane;Nucleus
Q9NRV9,Cytoplasm,Q9NRV9__d33baeb41d25e933,False,1,0.4861706483977354,Cytoplasm;Nucleus
P02778,Secreted,P02778__9e0216db62967edf,False,1,0.4854691427671278,Secreted;Membrane
P35244,Nucleus,P35244__a166f6f57d82530e,False,1,0.485087106534566,Nucleus;Cytoplasm
O75570,Mitochondrion,O75570__bcae0f83fa940936,False,1,0.48391409006150676,Mitochondrion;Cytoplasm
Q8NF64,Nucleus,Q8NF64__6debccd1f24706ae,True,1,0.4823230598376729,Membrane;Nucleus
Q9HC58,Membrane,Q9HC58__06f2266491a320bf,False,1,0.4789750855280821,Membrane;Mitochondrion
Q8IZH2,Cytoplasm,Q8IZH2__d20326117dcc851a,True,1,0.4780125965624653,Nucleus;Cytoplasm
Q5JY77,Cytoplasm,Q5JY77__52667e062c83e750,False,1,0.4763053218538781,Cytoplasm;Membrane
Q16515,Membrane,Q16515__739a35637921104e,True,1,0.47553026856960595,Membrane;Nucleus
Q6ZRS2,Nucleus,Q6ZRS2__3d1d6375d1e66da4,False,1,0.47190908426067957,Membrane;Nucleus
O75462,Secreted,O75462__17f310c97ed539a3,False,1,0.471615319335488,Membrane;Secreted
P42081,Membrane,P42081__c77548b43927c4f8,False,1,0.47132595323355364,Secreted;Membrane
Q8NCE2,Cytoplasm,Q8NCE2__eb74df83b4453608,True,1,0.4702156900856701,Cytoplasm;Membrane
Q9BWJ5,Nucleus,Q9BWJ5__47ffa56716d1412a,False,1,0.46783676211039976,Nucleus;Secreted
Q9BUP3,Cytoplasm,Q9BUP3__f0cc374b40a3df77,False,1,0.46767324752447026,Nucleus;Cytoplasm
P46063,Nucleus,P46063__14ff940f940d4c29,False,1,0.4674529264034961,Membrane;Nucleus
Q9UHX1,Nucleus,Q9UHX1__f2e377f51a06cf07,True,1,0.4671989508525679,Cytoplasm;Nucleus
Q1W209,Nucleus,Q1W209__3d40f5c9e156c68e,False,1,0.46534275333089337,Nucleus;Membrane
Q969P0,Membrane,Q969P0__7e4bf02a4e6f8949,True,1,0.46495142588799443,Membrane;Secreted
P13984,Nucleus,P13984__5cb40b142ee2c619,False,1,0.46447958502887565,Mitochondrion;Nucleus
Q16851,Cytoplasm,Q16851__5a83d132b4719649,False,1,0.46441817071014446,Cytoplasm;Nucleus
O95361,Cytoplasm,O95361__bafbcc869c53f6ee,False,1,0.4638515539157305,Nucleus;Cytoplasm
Q96PV4,Nucleus,Q96PV4__23b040495d9385ce,False,1,0.4631435834396255,Nucleus;Membrane
Q9NX20,Mitochondrion,Q9NX20__01da783fc2b770c7,False,1,0.46119058378779143,Secreted;Mitochondrion
Q96I13,Cytoplasm,Q96I13__bc7d79dd5a55a605,False,1,0.4607616734573412,Cytoplasm;Membrane
Q96A54,Membrane,Q86V24__4e83b8de9debe8a2,True,1,0.4570652592076082,Membrane;Cytoplasm
Q9UI33,Membrane,P35498__df512f038af3c758,False,1,0.4559116259293442,Cytoplasm;Membrane
Q96PH6,Secreted,Q96PH6__2c25e6ff28b503e6,False,1,0.45541235929022716,Secreted;Nucleus
Q5W186,Secreted,Q5W186__957f2d06d508e337,True,1,0.4524232897503543,Membrane;Secreted
Q7Z2Z1,Nucleus,Q7Z2Z1__0679dcd8bd987c3b,True,1,0.4518245686192705,Mitochondrion;Nucleus
Q9Y4X0,Nucleus,Q9Y4X0__7c16fe30b704fa31,False,1,0.44868719245818833,Membrane;Nucleus
Q5VSL9,Cytoplasm,Q5VSL9__eac86d1dabd226fe,True,1,0.4469407096564599,Nucleus;Cytoplasm
Q86V86,Cytoplasm,Q86V86__35bb7bd3d3011d89,False,1,0.44350740550389367,Cytoplasm;Membrane
Q8NEY3,Nucleus,Q8NEY3__2ce3b23ec9cc5aed,False,1,0.4432588458557112,Nucleus;Cytoplasm
Q9BYC2,Mitochondrion,Q9BYC2__d0512d338ba892b0,False,1,0.44232807763264526,Membrane;Mitochondrion
Q9NRN5,Secreted,Q6UWY5__539a40ad48a9fcda,False,1,0.4418955141392559,Membrane;Secreted
Q96P47,Cytoplasm,Q96P47__730ecd6fed3c96b7,True,1,0.44139349686131657,Nucleus;Cytoplasm
Q96E29,Mitochondrion,Q96E29__c95bd4d401f6c31a,False,1,0.4396137881142729,Nucleus;Mitochondrion
Q6UWY5,Secreted,Q6UWY5__539a40ad48a9fcda,False,1,0.4384122579641416,Membrane;Secreted
O43561,Membrane,O43561__34528ec9a21ae10b,True,1,0.43590958708701033,Secreted;Membrane
O00308,Nucleus,O00308__b1941a50e3e5679e,False,1,0.43575638768481695,Nucleus;Membrane
Q13564,Membrane,Q13564__22a38bb8f4fc2781,True,1,0.43570301572846737,Cytoplasm;Membrane
O75762,Membrane,O75762__a93ba2d243a68358,False,1,0.4349332981021753,Membrane;Nucleus
Q96AH0,Nucleus,Q96AH0__536175e3664d5acd,True,1,0.4339948148760824,Membrane;Nucleus
Q5JTZ9,Mitochondrion,Q5JTZ9__f3fd470ed532f287,False,1,0.4281415540175911,Cytoplasm;Mitochondrion
Q6P1X5,Nucleus,Q6P1X5__69ae25adb4d26730,False,1,0.42505109331507046,Cytoplasm;Nucleus
O75326,Membrane,O75326__51e758315b8fc717,True,1,0.42465036575195325,Membrane;Mitochondrion
Q13790,Secreted,Q13790__061450fadb31e46c,False,1,0.4190750305270809,Cytoplasm;Secreted
Q8TF46,Cytoplasm,Q8TF46__a60e8ab0d983e76d,False,1,0.41835283687828917,Cytoplasm;Membrane
O14931,Membrane,O14931__87b207aee242396f,False,1,0.41760401979273776,Membrane;Secreted
P61513,Cytoplasm,P61513__55f0ce27192e3dce,False,1,0.4175606061253617,Cytoplasm;Mitochondrion
Q07108,Membrane,Q07108__34f933c02be90129,False,1,0.41714686190027905,Cytoplasm;Membrane
Q96KK3,Membrane,P17658__eda1448fb4187cfe,True,1,0.41698458368356095,Cytoplasm;Membrane
Q9UL62,Membrane,Q9UL62__2fabd2592a611157,False,1,0.4169168426701507,Membrane;Nucleus
Q99572,Membrane,Q99572__155a223fdcfff03d,False,1,0.4112683625691964,Membrane;Nucleus
Q9P2M1,Cytoplasm,Q9P2M1__eee91528648cb31d,True,1,0.4074642948421617,Nucleus;Cytoplasm
Q6DT37,Cytoplasm,Q6DT37__8f2c7bcd0d3ebdf0,True,1,0.40684712912233334,Cytoplasm;Nucleus
O95926,Nucleus,O95926__4f35774ac2100734,False,1,0.40610900548670825,Cytoplasm;Nucleus
Q8N7R7,Membrane,Q8N7R7__569712f2d9183095,False,1,0.40557081756044405,Membrane;Cytoplasm
Q9NPB1,Mitochondrion,Q9NPB1__0ffbbed23b94a761,False,1,0.40181411309085346,Secreted;Mitochondrion
Q9C0D3,Cytoplasm,Q9C0D3__9f58d4ffe54002f3,False,1,0.4006955622519593,Membrane;Cytoplasm
Q9UMR7,Membrane,Q9UMR7__4c132500efe04163,False,1,0.4004541531902154,Membrane;Cytoplasm
Q8WV60,Mitochondrion,Q8WV60__71d94b0911adcb8e,False,1,0.3988879894567692,Mitochondrion;Membrane
A8MZ59,Nucleus,A8MZ59__08f4d7a9a89870ba,False,1,0.39802483499100705,Mitochondrion;Nucleus
Q13404,Nucleus,Q13404__cf674d367854d647,True,1,0.39552732620882164,Nucleus;Membrane
Q9H5X1,Cytoplasm,Q9H5X1__41aaf4b857166b95,False,1,0.3947216286786105,Membrane;Cytoplasm
O43156,Cytoplasm,O43156__02b2e855e36a9df3,False,1,0.39417017704203655,Nucleus;Cytoplasm
O00238,Membrane,O00238__ce1def7aae1584f1,False,1,0.3920451805142613,Cytoplasm;Membrane
P08709,Secreted,P00740__32f5d032de97ea22,False,1,0.3913665555023169,Membrane;Secreted
P18621,Cytoplasm,P18621__f05152d5b98d6118,False,1,0.38650473673994507,Mitochondrion;Cytoplasm
Q96NU7,Cytoplasm,Q96NU7__1ab2b406b91c4550,False,1,0.38316411705642783,Mitochondrion;Cytoplasm
Q9P2W1,Nucleus,Q9P2W1__3f1011cf51dd860a,False,1,0.3804957425294542,Mitochondrion;Nucleus
P51398,Mitochondrion,P51398__52e37428d9af8b8d,False,1,0.3783211765099963,Mitochondrion;Cytoplasm
B1AL88,Membrane,B1AL88__910add4cb04f2e69,False,1,0.3783109701376148,Nucleus;Membrane
A8MTJ3,Cytoplasm,A8MTJ3__69d69c3bddc7e9c1,True,1,0.3758596088249462,Cytoplasm;Nucleus
P63272,Nucleus,P63272__e5ae1e7a2037908f,False,1,0.375282330820105,Secreted;Nucleus
Q9NR22,Membrane,Q9NR22__0eed4069e9742f23,False,1,0.3741676657571399,Membrane;Nucleus
Q9NP95,Secreted,Q9NP95__3e412ef1aa99e210,False,1,0.37136916368343165,Secreted;Nucleus
Q8N427,Cytoplasm,Q8N427__bb821c9686eb5b23,True,1,0.37133986872515984,Nucleus;Cytoplasm
Q9NX01,Nucleus,P83876__281ef8f8dbce779f,False,1,0.37048009790882486,Cytoplasm;Nucleus
Q14197,Mitochondrion,Q14197__aac4ef3550b6534e,False,1,0.3679277214355745,Nucleus;Mitochondrion
Q8IZS7,Membrane,Q8IZS7__1bc895f1b4aa696a,False,1,0.36787662783271186,Secreted;Membrane
P02774,Secreted,P02774__a77e64adbe95ab4d,False,1,0.3677525018852279,Cytoplasm;Secreted
O14669,Membrane,O14669__373ac293c90a873d,False,1,0.36338833758419886,Membrane;Nucleus
Q08830,Secreted,Q08830__6e0ada300a5d2b01,True,1,0.3603139317600446,Secreted;Nucleus
O60671,Nucleus,O60671__6d4eaca48a8fdcc4,False,1,0.35995921762215366,Membrane;Nucleus
O60783,Mitochondrion,O60783__3578c580d5e6da79,False,1,0.35970506899012233,Cytoplasm;Mitochondrion
Q969L4,Nucleus,Q969L4__80f05fc35d0a418a,False,1,0.35892932109482584,Cytoplasm;Nucleus
P01344,Secreted,P01344__f207ede2979646b7,False,1,0.3588815755499296,Secreted;Membrane
Q9BUE6,Mitochondrion,Q9BUE6__f47e3663beeeeb6e,False,1,0.35689396585715405,Nucleus;Mitochondrion
Q9BXL8,Nucleus,Q9BXL8__979da27ba05da517,False,1,0.3533216176998572,Cytoplasm;Nucleus
Q9BSH3,Nucleus,Q9BSH3__7c82846ba8c24845,False,1,0.3530163493171543,Nucleus;Cytoplasm
Q9BXJ3,Secreted,Q9BXJ3__20573ff9d694c744,False,1,0.3516730964675032,Nucleus;Secreted
Q8WVM0,Mitochondrion,Q8WVM0__e86c0ba488453416,False,1,0.348085712402213,Secreted;Mitochondrion
Q9HB65,Nucleus,Q9HB65__c86ffbd06333abdd,False,1,0.34712133667055356,Cytoplasm;Nucleus
P41247,Mitochondrion,P41247__0d4d81d846d8c4d9,False,1,0.3424759709387064,Membrane;Mitochondrion
Q6GMV2,Cytoplasm,Q6GMV2__bbf08f9ed14ecd84,False,1,0.3395232048659885,Cytoplasm;Mitochondrion
P51959,Nucleus,P51959__7aebbed46755e8da,True,1,0.3390991934398645,Nucleus;Cytoplasm
P21589,Membrane,P21589__0e3740730dd7a0bb,False,1,0.33242681627480686,Membrane;Secreted
Q9Y6G3,Mitochondrion,Q9Y6G3__e935ff4a9c5611a6,False,1,0.3317089089042225,Mitochondrion;Secreted
O60721,Membrane,O60721__6046c937402d6f9a,False,1,0.3303876899456698,Secreted;Membrane
Q9ULT6,Membrane,Q9ULT6__dddba04cf3f01910,False,1,0.3279619343082726,Membrane;Nucleus
Q96EH8,Cytoplasm,Q96EH8__6339a607cd756404,False,1,0.3190999719120547,Cytoplasm;Membrane
P02753,Secreted,P02753__8400030088daa962,False,1,0.28238975764933016,Secreted;Mitochondrion
Q6PJ69,Cytoplasm,Q6PJ69__dbb3f823bcfef6e0,False,1,0.27532759687081276,Cytoplasm;Secreted
Q13595,Nucleus,P62995__b24af2931a6b0612,False,0,0.9986548958608554,Nucleus;Nucleus
P62995,Nucleus,P62995__b24af2931a6b0612,False,0,0.997960462438082,Nucleus;Nucleus
Q96LA9,Membrane,P04201__f104c7b186d2a003,False,0,0.9951561566988814,Membrane;Membrane
Q9NYV7,Membrane,Q50KZ9__b0e2817e7950f554,False,0,0.9948441804048935,Membrane;Membrane
Q9BRL6,Nucleus,Q9BRL6__229f1f86c5744f08,False,0,0.9943609700945524,Nucleus;Nucleus
P29371,Membrane,P29371__96c20248410c00a2,False,0,0.9938658388378416,Membrane;Membrane
P38159,Nucleus,O75526__9bb27583e445d1ff,True,0,0.9937989326621074,Nucleus;Nucleus
P34998,Membrane,P32241__95ca8f99a19d5f99,True,0,0.9937717480168167,Membrane;Membrane
Q9NZ81,Nucleus,Q9NZ81__ed2100834911dd95,False,0,0.9936769062537472,Nucleus;Nucleus
P48067,Membrane,P48067__c942a402c587890f,False,0,0.9929432960209096,Membrane;Membrane
P34981,Membrane,P34981__42b191ec434758be,False,0,0.9929291208659321,Membrane;Membrane
Q8IZD6,Membrane,Q8IZD6__c33e1fe3c312d03d,False,0,0.9925078794031315,Membrane;Membrane
Q13324,Membrane,P32241__95ca8f99a19d5f99,False,0,0.9906244030810385,Membrane;Membrane
Q9Y345,Membrane,Q9Y345__e41e266f6f5adc35,False,0,0.9899228655614871,Membrane;Membrane
P30988,Membrane,P30988__eef79041ae0d751b,False,0,0.9896827409041724,Membrane;Membrane
Q92847,Membrane,Q92847__73fe68d1fe5d48b8,False,0,0.9895496970873172,Membrane;Membrane
P32241,Membrane,P32241__95ca8f99a19d5f99,False,0,0.9894092750746,Membrane;Membrane
Q969N4,Membrane,O14804__e1509937826bd69d,False,0,0.9892639480402572,Membrane;Membrane
Q9NZD1,Membrane,Q9NZD1__5388eae978da4010,False,0,0.9892090916334599,Membrane;Membrane
Q86SM8,Membrane,P04201__f104c7b186d2a003,False,0,0.9881122214809855,Membrane;Membrane
Q9BUJ2,Nucleus,Q9BUJ2__88d61a0a529c2068,False,0,0.9877804140627386,Nucleus;Nucleus
P52569,Membrane,P52569__de8d1ff283d482cc,False,0,0.9874063140583536,Membrane;Membrane
Q8TDS7,Membrane,P04201__f104c7b186d2a003,True,0,0.9871681678851112,Membrane;Membrane
Q96RI8,Membrane,O14804__e1509937826bd69d,False,0,0.986736118322983,Membrane;Membrane
Q01453,Membrane,Q01453__ee94995b827178fc,False,0,0.9862916215890315,Membrane;Membrane
Q8WVC0,Nucleus,Q8WVC0__1b9f4a6aadee1885,False,0,0.9859730083866359,Nucleus;Nucleus
O95218,Nucleus,O95218__e3d911c06c298fc9,False,0,0.9858357075444573,Nucleus;Nucleus
Q15427,Nucleus,Q15427__8461dea7357d3ed4,False,0,0.9854144805401406,Nucleus;Nucleus
P11168,Membrane,P11168__d863fcef95df00de,False,0,0.9854010938959683,Membrane;Membrane
P34982,Membrane,A6NND4__1ab350c3762ee58b,True,0,0.9851064724333944,Membrane;Membrane
Q7RTY1,Membrane,Q7RTY1__0a5a10290c89482f,False,0,0.9848582314218532,Membrane;Membrane
P35659,Nucleus,P35659__4da9cd1142760751,True,0,0.9848581902833213,Nucleus;Nucleus
Q8TDB8,Membrane,P11168__d863fcef95df00de,False,0,0.9844998067933852,Membrane;Membrane
P43220,Membrane,P32241__95ca8f99a19d5f99,False,0,0.9836385550745612,Membrane;Membrane
Q8IY57,Nucleus,Q8IY57__b3ac379609366555,False,0,0.9834155654240723,Nucleus;Nucleus
Q15696,Nucleus,Q15696__8fba6d0c318a9f90,False,0,0.9831868849097911,Nucleus;Nucleus
P35637,Nucleus,P35637__4a254ab17fd6e25c,True,0,0.9830867673466451,Nucleus;Nucleus
Q8NHC4,Membrane,A6NND4__1ab350c3762ee58b,False,0,0.9828408940354914,Membrane;Membrane
P62079,Membrane,P62079__729dd94688bb1a56,False,0,0.9826689432267199,Membrane;Membrane
Q9NY91,Membrane,Q9NY91__c17bfad80d5324e5,False,0,0.9826327131379023,Membrane;Membrane
Q86VZ1,Membrane,Q86VZ1__f432ba604b9f39e6,False,0,0.9822379353302683,Membrane;Membrane
O15552,Membrane,O15552__4a47759801962a00,False,0,0.9818949012761735,Membrane;Membrane
Q8N5P1,Nucleus,Q8N5P1__e6f585beb240bcc9,True,0,0.9813970406792405,Nucleus;Nucleus
O75526,Nucleus,O75526__9bb27583e445d1ff,False,0,0.9804958540074992,Nucleus;Nucleus
P09234,Nucleus,P09234__7872abfa6342d7b4,False,0,0.9801913683826833,Nucleus;Nucleus
Q9BRD0,Nucleus,Q9BRD0__fe2f58ab5c0d00d2,False,0,0.9800454531042121,Nucleus;Nucleus
P21918,Membrane,P21918__84f03c7918b76c7e,False,0,0.9794947731157689,Membrane;Membrane
Q9UNK4,Secreted,Q9UNK4__6f6cf4d5dac82d09,False,0,0.9792396163314993,Secreted;Secreted
O60779,Membrane,O60779__20d22876a581dc3e,False,0,0.977926044106767,Membrane;Membrane
Q9UKS7,Nucleus,Q9H2S9__36640543b4ad7492,True,0,0.9775584292957868,Nucleus;Nucleus
P48436,Nucleus,P48436__62a4d1c87b62b80d,False,0,0.9772891866308229,Nucleus;Nucleus
P60896,Nucleus,P60896__51a570e05804e76c,False,0,0.9772608798272979,Nucleus;Nucleus
Q86VW1,Membrane,Q86VW1__acd531523d9a2aac,True,0,0.9770700963056176,Membrane;Membrane
Q6DJT9,Nucleus,Q6DJT9__886b146b2d6be78e,True,0,0.9769398623751148,Nucleus;Nucleus
P50406,Membrane,P50406__a9754aa0eed81bf0,False,0,0.9768032712903746,Membrane;Membrane
Q96ST2,Nucleus,Q96ST2__ca65ffda62c7cfd7,False,0,0.9767372739273625,Nucleus;Nucleus
Q9P1Q5,Membrane,A6NND4__1ab350c3762ee58b,False,0,0.9761638976669613,Membrane;Membrane
P81172,Secreted,P81172__a14bae8ad7c75504,False,0,0.9760056792526826,Secreted;Secreted
Q9HBW9,Membrane,Q9HBW9__cc63c92b64f9733d,False,0,0.9756866927327812,Membrane;Membrane
Q96B23,Nucleus,Q96B23__1303e49218a31912,False,0,0.975455857069174,Nucleus;Nucleus
Q15428,Nucleus,Q15428__d1fce4fbd291337f,False,0,0.9754217547130969,Nucleus;Nucleus
Q92536,Membrane,Q92536__46ada3726ae8631a,False,0,0.9753972032608693,Membrane;Membrane
Q9NS93,Membrane,Q9NS93__01670dc46fcf1578,False,0,0.9749938186483874,Membrane;Membrane
Q01718,Membrane,Q01718__50fc802bf9cb11dd,False,0,0.974793016237252,Membrane;Membrane
Q8TAD8,Nucleus,Q8TAD8__b6f22071f0a98852,False,0,0.9745279757995541,Nucleus;Nucleus
O95104,Nucleus,O95104__b4a4c7cbf2849d75,False,0,0.9743895964647757,Nucleus;Nucleus
Q9UK33,Nucleus,Q9UK33__576230e3f9dda786,True,0,0.9742932828115538,Nucleus;Nucleus
P0DJD4,Nucleus,P0DJD3__91074d469cd2403f,False,0,0.974224096777795,Nucleus;Nucleus
Q9H244,Membrane,O14843__2b20e0cb102e3730,False,0,0.9740536635396542,Membrane;Membrane
Q86WB7,Membrane,Q86WB7__d045faf1cd80abc7,False,0,0.973849869233902,Membrane;Membrane
P0DJD3,Nucleus,P0DJD3__91074d469cd2403f,False,0,0.9738286963808174,Nucleus;Nucleus
Q6QNK2,Membrane,Q6QNK2__a339096416efb144,False,0,0.9738127177533764,Membrane;Membrane
Q8TCB6,Membrane,A6NND4__1ab350c3762ee58b,False,0,0.9736228294851337,Membrane;Membrane
Q8NGD0,Membrane,A6NND4__1ab350c3762ee58b,False,0,0.9725808760205206,Membrane;Membrane
Q06455,Nucleus,Q06455__cfd18f20b2e8747b,True,0,0.9725118534367008,Nucleus;Nucleus
Q8NBZ0,Nucleus,Q8NBZ0__fc482b55816a0276,False,0,0.9717927860523026,Nucleus;Nucleus
Q15648,Nucleus,Q15648__61f17c512bac7aef,True,0,0.9716765823856669,Nucleus;Nucleus
Q16602,Membrane,P30988__eef79041ae0d751b,False,0,0.9716190042196862,Membrane;Membrane
Q9BRU2,Nucleus,Q9BRU2__73c8999b58e24b1a,False,0,0.9715290737731399,Nucleus;Nucleus
O14497,Nucleus,O14497__1bd87af767bfd8e1,False,0,0.9710662092965132,Nucleus;Nucleus
A6NND4,Membrane,A6NND4__1ab350c3762ee58b,False,0,0.9710295789777666,Membrane;Membrane
Q9C0J8,Nucleus,Q9C0J8__3cf8129cb620c63b,False,0,0.9707260526104439,Nucleus;Nucleus
Q86TG1,Membrane,Q86TG1__46048cb22a513da3,True,0,0.9700574502407825,Membrane;Membrane
Q8NAV1,Nucleus,Q8NAV1__d71b8ff71e77d288,False,0,0.9692792510183368,Nucleus;Nucleus
Q9P2Y4,Nucleus,Q9P2Y4__4956b15946139c43,False,0,0.9686277651557578,Nucleus;Nucleus
Q9H5V7,Nucleus,Q9H5V7__185ea16a00067bdd,False,0,0.9685641628754702,Nucleus;Nucleus
Q8IXM3,Mitochondrion,Q8IXM3__672c9236d72b7d9b,False,0,0.968003624558434,Mitochondrion;Mitochondrion
Q8N8E2,Nucleus,Q8N8E2__59bfc6531fe1ff86,False,0,0.9678413132701418,Nucleus;Nucleus
Q9BYN7,Nucleus,Q9BYN7__5e724a57b7a8b82a,False,0,0.9667300602282631,Nucleus;Nucleus
Q86UU0,Nucleus,Q86UU0__d18ef2ec12184986,False,0,0.9666282905118033,Nucleus;Nucleus
Q13495,Nucleus,Q13495__afcdf772c72de1a3,True,0,0.9664046770580618,Nucleus;Nucleus
Q8IZF2,Membrane,Q8IZF2__eb81afb142b69922,False,0,0.9661542266229441,Membrane;Membrane
P51825,Nucleus,P51825__04dd2e46d11766ee,True,0,0.9657395930163913,Nucleus;Nucleus
Q9Y585,Membrane,A6NND4__1ab350c3762ee58b,False,0,0.9647513442617005,Membrane;Membrane
P35499,Membrane,P35498__df512f038af3c758,False,0,0.9637717724346493,Membrane;Membrane
Q9GZP8,Nucleus,Q9GZP8__19d234a6cb545e96,False,0,0.9624338038407327,Nucleus;Nucleus
Q16594,Nucleus,Q16594__1eda43eb4bc1a23d,False,0,0.9623862918478243,Nucleus;Nucleus
P08069,Membrane,P08069__e11a8ca0d0d551f3,False,0,0.9612951880910379,Membrane;Membrane
O43614,Membrane,O43613__4fa99a96e770e04d,False,0,0.9607652840352098,Membrane;Membrane
P30559,Membrane,P30518__74850ff3a746768b,False,0,0.9607409140209703,Membrane;Membrane
Q5GH77,Membrane,Q5GH77__fa1607e6a8236eae,False,0,0.9602324558544437,Membrane;Membrane
Q96JN0,Nucleus,Q96JN0__b1cfd592808015db,False,0,0.9597635556651122,Nucleus;Nucleus
Q13242,Nucleus,Q13242__03346d5c8912f23e,True,0,0.9596400028952643,Nucleus;Nucleus
Q14246,Membrane,Q14246__9598b7a1f41d8d0e,False,0,0.9594931107972633,Membrane;Membrane
P04201,Membrane,P04201__f104c7b186d2a003,False,0,0.9587799250089952,Membrane;Membrane
P30542,Membrane,P30542__1287bf4746a29da7,False,0,0.9578103441020513,Membrane;Membrane
P55317,Nucleus,P55317__ae6d66376c9002de,False,0,0.9573976989558163,Nucleus;Nucleus
Q9BTK6,Nucleus,Q9BTK6__0687b8d3c15ff08e,False,0,0.9572056706042602,Nucleus;Nucleus
Q9HCJ1,Membrane,Q9HCJ1__3f3cc17c29ff7258,False,0,0.9570319517852086,Membrane;Membrane
Q9UGU0,Nucleus,Q9UGU0__8635af727b2f5304,False,0,0.9567142715277817,Nucleus;Nucleus
Q50KZ9,Membrane,Q50KZ9__b0e2817e7950f554,False,0,0.956172820392275,Membrane;Membrane
Q7L2J0,Nucleus,Q7L2J0__e5c6a6751ae2750f,False,0,0.956100829338751,Nucleus;Nucleus
Q9Y2Y9,Nucleus,Q13886__63b0e9b53ba251fc,False,0,0.9560088526718049,Nucleus;Nucleus
Q6TCH4,Membrane,Q6TCH4__f6872ed0f80ad686,False,0,0.9546945013512063,Membrane;Membrane
P23760,Nucleus,P23760__2bda27b070243018,False,0,0.9540011818361752,Nucleus;Nucleus
Q15596,Nucleus,Q15596__873e4d8992906f33,False,0,0.9526517691186542,Nucleus;Nucleus
Q96MH2,Nucleus,Q96MH2__7b53e92beb239e61,False,0,0.9525850880550915,Nucleus;Nucleus
Q14973,Membrane,Q14973__53e4ed46e55eff8b,False,0,0.9523440345973615,Membrane;Membrane
Q03431,Membrane,Q03431__db20616a415dae80,False,0,0.9516238903408079,Membrane;Membrane
Q01726,Membrane,Q01718__50fc802bf9cb11dd,False,0,0.9511887362182202,Membrane;Membrane
Q8NEM7,Nucleus,Q8NEM7__f1782e696ac92be9,False,0,0.9505393086780358,Nucleus;Nucleus
P24530,Membrane,P24530__f203a5007cc0cf30,True,0,0.9503775608097548,Membrane;Membrane
Q6IEG0,Nucleus,Q6IEG0__0ad74de4db2e7c0c,False,0,0.9500699548516112,Nucleus;Nucleus
Q9BQC6,Mitochondrion,Q9BQC6__04d07fd70555f1bd,False,0,0.9496474121154672,Mitochondrion;Mitochondrion
P37275,Nucleus,P37275__cd46f549cc2b923b,False,0,0.949072479730904,Nucleus;Nucleus
Q9Y2D9,Nucleus,Q9Y2D9__6990a366ec7950c3,False,0,0.9487643330477304,Nucleus;Nucleus
Q9BYW1,Membrane,P11168__d863fcef95df00de,False,0,0.9479657149680487,Membrane;Membrane
Q9NYB5,Membrane,Q9NYB5__af8d3780bb617c7e,True,0,0.9479298814042441,Membrane;Membrane
P28221,Membrane,O14804__e1509937826bd69d,False,0,0.9477050898650426,Membrane;Membrane
Q9Y618,Nucleus,Q9Y618__8f71dcb971fedac6,False,0,0.9467263592508661,Nucleus;Nucleus
Q02078,Nucleus,Q02078__3449861bcd30cfd2,False,0,0.9466494835398467,Nucleus;Nucleus
Q9NQV6,Nucleus,Q9NQV6__33e6ccddf77f930d,False,0,0.9466162152815351,Nucleus;Nucleus
P25105,Membrane,O14843__2b20e0cb102e3730,False,0,0.9465998464632329,Membrane;Membrane
Q99967,Nucleus,Q99967__dcba6138112bfbef,True,0,0.9464921378863618,Nucleus;Nucleus
Q9Y2X9,Nucleus,Q9Y2X9__a9643d3d9b708be7,False,0,0.9462621863332026,Nucleus;Nucleus
P49862,Secreted,P00746__89b6935d8d5a9980,True,0,0.9460996699999111,Secreted;Secreted
P55316,Nucleus,P55316__552d4af9739b068d,False,0,0.9451682608096506,Nucleus;Nucleus
Q13029,Nucleus,Q13029__6bbe73d92d551f39,False,0,0.9447860252321799,Nucleus;Nucleus
P58012,Nucleus,P58012__89d93154bc2b027b,False,0,0.9447494594612046,Nucleus;Nucleus
Q15743,Membrane,O14843__2b20e0cb102e3730,False,0,0.9439235188923318,Membrane;Membrane
Q13886,Nucleus,Q13886__63b0e9b53ba251fc,False,0,0.9433238799299791,Nucleus;Nucleus
Q9H1E1,Secreted,P34096__bdb5ad9576d2cdc1,True,0,0.9427400019460697,Secreted;Secreted
Q99678,Membrane,Q99678__065dbf2e6ca54186,False,0,0.9427032996821347,Membrane;Membrane
P47871,Membrane,P32241__95ca8f99a19d5f99,True,0,0.9420033948736619,Membrane;Membrane
Q9UPC5,Membrane,O14843__2b20e0cb102e3730,False,0,0.9418430671255156,Membrane;Membrane
Q9ULV1,Membrane,Q9ULV1__c997d9577170e241,False,0,0.941782599227136,Membrane;Membrane
Q14469,Nucleus,Q14469__7a179922344f7ecb,False,0,0.941454459814397,Nucleus;Nucleus
Q96JP5,Nucleus,Q96JP5__3ce02fa04aa52641,False,0,0.9406368704439109,Nucleus;Nucleus
Q96SZ4,Nucleus,O14978__c4f71ba247d1fe9d,False,0,0.9399832301533415,Nucleus;Nucleus
Q10571,Nucleus,Q10571__ed9070dfffbddc30,False,0,0.9398527376054149,Nucleus;Nucleus
Q9UHI7,Membrane,Q9UGH3__9cab313b7f1f3a8c,False,0,0.9398043501499301,Membrane;Membrane
Q96PN7,Nucleus,Q96PN7__0c3f2857c4b269c5,False,0,0.9394340764998295,Nucleus;Nucleus
Q12791,Membrane,Q12791__d4e6b670eb793c48,False,0,0.9390764901073351,Membrane;Membrane
Q9BUV0,Nucleus,Q9BUV0__0b33a760c816a3e2,False,0,0.9390692942946892,Nucleus;Nucleus
Q53S33,Mitochondrion,Q53S33__6167d4e5f21ce017,False,0,0.9386446925358155,Mitochondrion;Mitochondrion
P28335,Membrane,P28335__8bb8e760c142b1a4,False,0,0.9374905039518763,Membrane;Membrane
Q9Y388,Nucleus,Q9Y388__d22100f3eeb8ecc7,False,0,0.9358275358225134,Nucleus;Nucleus
Q96QT6,Nucleus,Q96QT6__f4fb97b3875a8be3,False,0,0.9357509147386271,Nucleus;Nucleus
Q9Y6X8,Nucleus,Q9H4I2__7cbd4f2f341f304d,True,0,0.9353898283392144,Nucleus;Nucleus
Q8NG11,Membrane,P62079__729dd94688bb1a56,False,0,0.9348537157473651,Membrane;Membrane
Q9BTL3,Nucleus,Q9BTL3__5b73efc9c11a09e0,False,0,0.9347074349921504,Nucleus;Nucleus
Q99590,Nucleus,Q99590__a9194abf7f4621c3,False,0,0.9343644835539061,Nucleus;Nucleus
Q9BYC9,Mitochondrion,Q9BYC9__2c1245ca9c5545db,False,0,0.9341088519083107,Mitochondrion;Mitochondrion
Q14833,Membrane,P41180__6c2adc8809792b84,False,0,0.9339247868958698,Membrane;Membrane
P30518,Membrane,P30518__74850ff3a746768b,False,0,0.9339178278173007,Membrane;Membrane
Q5T2R2,Mitochondrion,Q5T2R2__e6193fe4ac74d029,False,0,0.9337641961810974,Mitochondrion;Mitochondrion
O95600,Nucleus,O95600__5f6d911a0d9ad745,False,0,0.9333394497617091,Nucleus;Nucleus
Q9HAB3,Membrane,Q9HAB3__82d9360311478818,False,0,0.9331510257577935,Membrane;Membrane
Q9Y3E1,Nucleus,Q9Y3E1__a1d99c34eb839600,False,0,0.9326233860503539,Nucleus;Nucleus
Q9H4Z2,Nucleus,Q9H4Z2__7466f402c3160eb4,False,0,0.9323857192193139,Nucleus;Nucleus
Q14832,Membrane,P41180__6c2adc8809792b84,False,0,0.9320074728032579,Membrane;Membrane
P0DPK3,Secreted,P0DPK3__e4ebf6e260dae1c7,False,0,0.9319068513742245,Secreted;Secreted
Q9NWF4,Membrane,Q9HAB3__82d9360311478818,False,0,0.9316862070893408,Membrane;Membrane
Q5H9F3,Nucleus,Q5H9F3__48b00b4eae031e36,False,0,0.9312884937803518,Nucleus;Nucleus
Q12866,Membrane,P30530__0e1b606ba4a2733b,False,0,0.9311771855390172,Membrane;Membrane
Q9C0F3,Nucleus,O60765__7991d51d11a01c75,False,0,0.9310437034003615,Nucleus;Nucleus
Q99958,Nucleus,Q12948__61c1fa2212fc2637,False,0,0.9305719356961456,Nucleus;Nucleus
P17020,Nucleus,O60765__7991d51d11a01c75,False,0,0.930331230692649,Nucleus;Nucleus
Q9HAW4,Nucleus,Q9HAW4__d0aea8dcecffc82e,False,0,0.9301406072350048,Nucleus;Nucleus
P82970,Nucleus,P82970__619e180f0c25e83a,True,0,0.9301349071799965,Nucleus;Nucleus
Q6PJP8,Nucleus,Q6PJP8__94dab7050e09cd3c,True,0,0.9296196089228361,Nucleus;Nucleus
O15042,Nucleus,O15042__30cadaca1da71940,False,0,0.9295611880595724,Nucleus;Nucleus
Q8TDR4,Nucleus,Q8TDR4__6eb6155b22bada6a,False,0,0.9292671502232652,Nucleus;Nucleus
Q9UI36,Nucleus,Q9UI36__b7f2685248bb8011,False,0,0.9291864109453389,Nucleus;Nucleus
Q96BU1,Nucleus,Q96BU1__3a7d6c5ee6ecdc67,True,0,0.9285605280821208,Nucleus;Nucleus
Q06945,Nucleus,P35716__990389c3f8355698,False,0,0.9279148894669254,Nucleus;Nucleus
Q99743,Nucleus,Q99743__574191211169b4d8,False,0,0.9277668058463259,Nucleus;Nucleus
Q9H1D0,Membrane,Q9H1D0__de54b9165094fbbc,False,0,0.9277442213910188,Membrane;Membrane
Q9P0M9,Mitochondrion,Q9P0M9__c2b3072c5cc24ec9,False,0,0.9269294958091909,Mitochondrion;Mitochondrion
P49767,Secreted,P49767__8fd35aadc7b2b246,False,0,0.9267724637963417,Secreted;Secreted
P35716,Nucleus,P35716__990389c3f8355698,False,0,0.9266851068570876,Nucleus;Nucleus
Q8WX77,Secreted,Q8WX77__4e7beedf206459d6,False,0,0.9266849538870578,Secreted;Secreted
Q9BXV9,Nucleus,Q9BXV9__9335b79a633c1e15,False,0,0.926181001604241,Nucleus;Nucleus
O75525,Nucleus,O75525__2a7ac70c10c84be2,True,0,0.925312731844209,Nucleus;Nucleus
Q8NFD5,Nucleus,O14497__1bd87af767bfd8e1,False,0,0.9253094866719795,Nucleus;Nucleus
P04054,Secreted,P04054__f6542b3dd52ac7b3,True,0,0.9245054054308655,Secreted;Secreted
Q7RTX0,Membrane,Q7RTX0__741467c18af0e895,False,0,0.9244606296094636,Membrane;Membrane
Q9NW15,Membrane,Q9NW15__3b40b4bfb9f9a707,True,0,0.9240030773160759,Membrane;Membrane
Q16581,Membrane,Q16581__18970708361ef54e,False,0,0.9231722854410873,Membrane;Membrane
Q7Z7F7,Mitochondrion,Q7Z7F7__20add78316e86e23,False,0,0.9214699442159069,Mitochondrion;Mitochondrion
Q96N77,Nucleus,Q96N77__32ef07a964b9c460,False,0,0.9210182219770333,Nucleus;Nucleus
P51671,Secreted,P13500__3812ea62049d89f0,False,0,0.9209189139523863,Secreted;Secreted
O95136,Membrane,O95136__c3a6a518836c96f9,False,0,0.9206021781033159,Membrane;Membrane
Q9BW71,Nucleus,Q9BW71__c14518b6533d4f50,True,0,0.9205411202453204,Nucleus;Nucleus
P28222,Membrane,O14804__e1509937826bd69d,False,0,0.920298336206713,Membrane;Membrane
P57071,Nucleus,P57071__13616e548041b86e,False,0,0.9201627050469723,Nucleus;Nucleus
Q6UB99,Nucleus,Q6UB99__42fcff59cc8bc2a1,True,0,0.9200712172339248,Nucleus;Nucleus
O75475,Nucleus,O75475__a0d8504fc2ce2887,True,0,0.9199884752102987,Nucleus;Nucleus
Q8TEZ7,Membrane,Q8TEZ7__a1f4ef42b0b8fd31,True,0,0.9195144828411846,Membrane;Membrane
Q9NVW2,Nucleus,Q9NVW2__3b8db07c92d93eef,False,0,0.9192534190283078,Nucleus;Nucleus
Q86SQ4,Membrane,Q86SQ4__c859a288f6bf9cfa,True,0,0.918998779749969,Membrane;Membrane
Q92733,Nucleus,Q92733__c46466894cfb7903,False,0,0.9188028819752935,Nucleus;Nucleus
Q969G3,Nucleus,Q969G3__c1c3d1a8ee0be037,False,0,0.9184996527963674,Nucleus;Nucleus
P28566,Membrane,O14804__e1509937826bd69d,False,0,0.9184119432557731,Membrane;Membrane
Q6UB98,Nucleus,Q6UB98__264459236f546cab,False,0,0.9181301789780965,Nucleus;Nucleus
P46093,Membrane,O14843__2b20e0cb102e3730,False,0,0.9180395034742537,Membrane;Membrane
P04839,Membrane,P04839__cc35fa7eda9edd48,True,0,0.9179475808740181,Membrane;Membrane
Q96QE2,Membrane,Q96QE2__0524d4ba4c0fdd96,False,0,0.9171152410116424,Membrane;Membrane
Q99801,Nucleus,Q99801__dcce223c48fbfcc0,False,0,0.9158391238490233,Nucleus;Nucleus
P41180,Membrane,P41180__6c2adc8809792b84,False,0,0.9149664538817904,Membrane;Membrane
Q12948,Nucleus,Q12948__61c1fa2212fc2637,True,0,0.9148303708944374,Nucleus;Nucleus
Q8WW12,Nucleus,Q8WW12__3d0b4998b21a65a8,False,0,0.9133057603309592,Nucleus;Nucleus
O14804,Membrane,O14804__e1509937826bd69d,False,0,0.9132167125452265,Membrane;Membrane
P78364,Nucleus,P78364__37cb94299e1e9187,False,0,0.9130717612563208,Nucleus;Nucleus
O43194,Membrane,O43194__4103e48a62ade11c,False,0,0.912833097986498,Membrane;Membrane
Q9Y5X5,Membrane,Q9Y5X5__31b7680527e9f98f,False,0,0.9125073766171599,Membrane;Membrane
Q15744,Nucleus,Q15744__75d0af597e53395b,False,0,0.9119657426685452,Nucleus;Nucleus
P43004,Membrane,P43003__9bd2bb21d4f24d3b,False,0,0.9106437805046494,Membrane;Membrane
Q9ULD5,Nucleus,Q9ULD5__7977761a1dd4262d,False,0,0.9096559740372476,Nucleus;Nucleus
Q5VWK5,Membrane,Q5VWK5__3fba3ca006333969,False,0,0.9094449876045516,Membrane;Membrane
Q8WWT9,Membrane,Q86YT5__35aa22d6cddd672e,False,0,0.9073368790338757,Membrane;Membrane
Q13569,Nucleus,Q13569__dab3116205b9e740,False,0,0.9070011792695301,Nucleus;Nucleus
Q8N7H5,Nucleus,Q8N7H5__e0897a8d4de2d5d0,True,0,0.9066865744695317,Nucleus;Nucleus
Q8N895,Nucleus,Q8N895__10aca9a2d5ea0395,False,0,0.9061455218866127,Nucleus;Nucleus
O14561,Mitochondrion,O14561__43aa1cdb7bb3efd8,False,0,0.9058047362966406,Mitochondrion;Mitochondrion
Q9H0F5,Nucleus,Q9H0F5__84133503cf3d70b9,False,0,0.9049040795198241,Nucleus;Nucleus
O14843,Membrane,O14843__2b20e0cb102e3730,False,0,0.9046553042343288,Membrane;Membrane
Q02548,Nucleus,Q02548__237ae80f4adcbce8,False,0,0.9044976515326966,Nucleus;Nucleus
Q9Y5J3,Nucleus,Q14469__7a179922344f7ecb,False,0,0.904314632071868,Nucleus;Nucleus
Q8TE23,Membrane,Q7RTX0__741467c18af0e895,False,0,0.9036328980193402,Membrane;Membrane
Q8NDX5,Nucleus,P78364__37cb94299e1e9187,False,0,0.9035962890778522,Nucleus;Nucleus
Q64ET8,Nucleus,Q64ET8__6aeeef785d244441,False,0,0.902572636947729,Nucleus;Nucleus
P59923,Nucleus,P59923__a786d2be1a7ff412,True,0,0.901940634471875,Nucleus;Nucleus
Q9HC52,Nucleus,Q9HC52__8f3101e514560e9d,False,0,0.9017919196947057,Nucleus;Nucleus
Q15424,Nucleus,Q15424__f92129181f754a71,False,0,0.9017244534367105,Nucleus;Nucleus
O60284,Nucleus,O60284__748f8bc154907278,False,0,0.9014969036446059,Nucleus;Nucleus
Q8IZF0,Membrane,Q8IZF0__56bf6f93330f8039,False,0,0.9012644795042145,Membrane;Membrane
Q9H9D4,Nucleus,Q9H9D4__a86c2ed55bd8906f,False,0,0.9010304620175646,Nucleus;Nucleus
Q5T4T1,Membrane,Q5T4T1__b1c6bb96c7d3e70a,False,0,0.9008418137958394,Membrane;Membrane
Q9UII2,Mitochondrion,Q9UII2__e8372755142cb1e1,False,0,0.9003057516536315,Mitochondrion;Mitochondrion
Q99684,Nucleus,Q99684__1a8c0c96260c3425,True,0,0.9002962815938642,Nucleus;Nucleus
Q9H334,Nucleus,Q9H334__5248da002fbcd3f3,True,0,0.8989448878745891,Nucleus;Nucleus
P47898,Membrane,O14804__e1509937826bd69d,False,0,0.8987902384890757,Membrane;Membrane
Q8WW38,Nucleus,Q8WW38__e23789bd50696d49,False,0,0.8985366925043505,Nucleus;Nucleus
Q96JM2,Nucleus,Q96JM2__226f7c86826cbc55,False,0,0.8978348774515696,Nucleus;Nucleus
Q14814,Nucleus,Q02078__3449861bcd30cfd2,True,0,0.8977400060760139,Nucleus;Nucleus
P15884,Nucleus,P15884__6e26e4440fbb8877,False,0,0.8974522637015059,Nucleus;Nucleus
O14686,Nucleus,O14686__3f7e3798caefae2c,False,0,0.897175062227508,Nucleus;Nucleus
Q8TDU6,Membrane,Q8TDU6__b5df8718f493236d,False,0,0.8970031880300258,Membrane;Membrane
P42127,Secreted,P42127__888bc916e4d799e8,False,0,0.8967990992875667,Secreted;Secreted
A6NFX1,Membrane,A6NFX1__b8ebd264dc345458,True,0,0.895924517764371,Membrane;Membrane
Q6UW32,Secreted,Q6UW32__f4c28ab57ec0723c,False,0,0.8942951070902159,Secreted;Secreted
A0AVK6,Nucleus,A0AVK6__c6a34461eaf193f0,False,0,0.8942841311347678,Nucleus;Nucleus
Q12947,Nucleus,Q12947__33187347e002cc51,False,0,0.8939148560308159,Nucleus;Nucleus
Q7Z3E1,Nucleus,Q7Z3E1__0ba14e92345e90b6,False,0,0.8937545940481678,Nucleus;Nucleus
P01034,Secreted,P01034__ae318b9c984ac982,False,0,0.893574296648382,Secreted;Secreted
Q9BS31,Nucleus,O60765__7991d51d11a01c75,False,0,0.893560017155647,Nucleus;Nucleus
P82664,Mitochondrion,P82664__8e65781ed765fbf8,False,0,0.8935378711071993,Mitochondrion;Mitochondrion
Q9NTW7,Nucleus,Q9NTW7__7d4293566a649f9d,False,0,0.8933004984999149,Nucleus;Nucleus
Q8TF66,Membrane,Q8TF66__ce37201f3a38d7fa,False,0,0.8932674169262136,Membrane;Membrane
Q6P4Q7,Membrane,Q6P4Q7__7443acd63c1787cb,False,0,0.8932402327610462,Membrane;Membrane
P0DXC1,Nucleus,P0DXC1__dfd13ad79fa0856c,False,0,0.8920617414269019,Nucleus;Nucleus
Q9NXE8,Nucleus,Q9NXE8__f64f0f14754d0d74,False,0,0.8919901348994809,Nucleus;Nucleus
Q9NTI7,Nucleus,Q9NTI7__0aa05f5523f18d29,False,0,0.8919342520156541,Nucleus;Nucleus
Q69YH5,Nucleus,Q69YH5__a3029a0d377ef246,True,0,0.891748177751986,Nucleus;Nucleus
Q9H5J8,Nucleus,Q9H5J8__3aa9d09d73438396,False,0,0.89127953763593,Nucleus;Nucleus
Q8IVW6,Nucleus,Q8IVW6__bd3c61bfe958b25d,False,0,0.8904977722679602,Nucleus;Nucleus
P56177,Nucleus,P56177__5cea5ceeb5354239,False,0,0.8897209851306543,Nucleus;Nucleus
Q9H161,Nucleus,Q9H161__701d32cdcc5c9616,False,0,0.8895610430127976,Nucleus;Nucleus
Q96NC0,Nucleus,Q96NC0__b6e99baeacfbcb5e,False,0,0.8888557178284249,Nucleus;Nucleus
Q2TBE0,Nucleus,Q2TBE0__c89391d6b8fd843f,False,0,0.8887556985660149,Nucleus;Nucleus
P62424,Cytoplasm,P62424__2e57bbdae76d3470,False,0,0.8884531453434736,Cytoplasm;Cytoplasm
Q9H8M2,Nucleus,Q9H8M2__26c37f9f101caf7b,False,0,0.88775449288292,Nucleus;Nucleus
Q9BWC9,Nucleus,Q9BWC9__3e23dfae2182d16c,True,0,0.8873134086011795,Nucleus;Nucleus
P0C1S8,Nucleus,P0C1S8__934f5eb3269921d6,False,0,0.8859514636786634,Nucleus;Nucleus
O43613,Membrane,O43613__4fa99a96e770e04d,False,0,0.8845048120483927,Membrane;Membrane
O00267,Nucleus,O00267__764ff75d65f654b2,False,0,0.8843897396114326,Nucleus;Nucleus
Q8IZT9,Nucleus,Q8IZT9__3d654df78ce696de,False,0,0.8835499928868709,Nucleus;Nucleus
Q6VMQ6,Nucleus,Q6VMQ6__4af05150a8949a99,False,0,0.8827616200330397,Nucleus;Nucleus
Q9H3S1,Membrane,Q9H3S1__96c47f6fa4f5ff83,False,0,0.8826465773839227,Membrane;Membrane
Q9UIH9,Nucleus,Q9UIH9__b7b02d35c1aaa364,False,0,0.8825749717070225,Nucleus;Nucleus
P41182,Nucleus,P41182__9c418558debe0111,False,0,0.8825675588548866,Nucleus;Nucleus
Q7Z4V0,Nucleus,Q7Z4V0__a77bcae248ff3eac,False,0,0.8819350604434973,Nucleus;Nucleus
Q9NQS5,Membrane,Q9NQS5__cac11874e46fc669,False,0,0.881893081313498,Membrane;Membrane
Q969F1,Nucleus,Q969F1__19c37478be70a6de,False,0,0.8814062841651689,Nucleus;Nucleus
P16581,Membrane,P16581__f882612846d661bd,False,0,0.881327638121232,Membrane;Membrane
Q14831,Membrane,P41180__6c2adc8809792b84,False,0,0.8809641695578034,Membrane;Membrane
Q9HBX9,Membrane,Q9HBX9__d3060ee7b5361dbe,False,0,0.8806588933788392,Membrane;Membrane
Q9UBZ9,Nucleus,Q9UBZ9__8d2a0cc5fc5e2361,True,0,0.8798077207009607,Nucleus;Nucleus
Q96K80,Nucleus,Q96K80__b390c4aca742ab9a,False,0,0.8794832093327456,Nucleus;Nucleus
A1A519,Nucleus,A1A519__7e63a3711fbbfffb,False,0,0.8790584245772051,Nucleus;Nucleus
Q15072,Nucleus,Q15072__3c9d10a4042acace,False,0,0.8786136935674658,Nucleus;Nucleus
Q9H3D4,Nucleus,Q9H3D4__33a4133f272286d3,False,0,0.8749918488016297,Nucleus;Nucleus
Q3ZCT1,Nucleus,O60765__7991d51d11a01c75,False,0,0.8747680276512753,Nucleus;Nucleus
Q96KN3,Nucleus,Q96KN3__fa078416a3d40d43,False,0,0.8744383369995037,Nucleus;Nucleus
O43257,Nucleus,O43257__601ebe79f911827d,False,0,0.8737008092107971,Nucleus;Nucleus
Q9UL17,Nucleus,Q9UL17__8c452c4b47a38905,False,0,0.8725971060403392,Nucleus;Nucleus
A0PJY2,Nucleus,A0PJY2__8aa0abaf2ac61e71,False,0,0.872578506827371,Nucleus;Nucleus
Q9UPN9,Nucleus,Q9UPN9__aeedad7c223f3aa3,True,0,0.8722924074580698,Nucleus;Nucleus
P13500,Secreted,P13500__3812ea62049d89f0,False,0,0.8722159082422056,Secreted;Secreted
Q96RE9,Nucleus,O60765__7991d51d11a01c75,False,0,0.8721728930143569,Nucleus;Nucleus
Q9HBX8,Membrane,Q9BXB1__8f414dfc5f20967b,False,0,0.8717867484699506,Membrane;Membrane
Q9H0C3,Membrane,Q9H0C3__489a52aaac75aee3,False,0,0.8712954051340347,Membrane;Membrane
Q32MQ0,Nucleus,Q32MQ0__393a4634d262abeb,False,0,0.8708472039245791,Nucleus;Nucleus
Q9UNL4,Nucleus,Q9H160__230f88e6fa570ee7,False,0,0.8697994632080195,Nucleus;Nucleus
Q9H2S9,Nucleus,Q9H2S9__36640543b4ad7492,False,0,0.8697126086731415,Nucleus;Nucleus
P26718,Membrane,P26718__8dce35f112f6e87b,True,0,0.8690474759515887,Membrane;Membrane
Q8N5F7,Nucleus,Q8N5F7__cfebd875c0abb98c,False,0,0.8689618560576386,Nucleus;Nucleus
Q9HBZ2,Nucleus,Q9HBZ2__cb0bdbb047642c88,False,0,0.8689202442401989,Nucleus;Nucleus
Q9BYD1,Mitochondrion,Q9BYD1__b9ffb49aada0184d,False,0,0.8682979704280129,Mitochondrion;Mitochondrion
Q8N328,Nucleus,Q8N328__c19011851c66d1a2,False,0,0.8673683059396975,Nucleus;Nucleus
Q8NEZ4,Nucleus,O14686__3f7e3798caefae2c,False,0,0.8672448453157999,Nucleus;Nucleus
Q9BSH4,Mitochondrion,Q9BSH4__57a176b7d7e4dbc3,False,0,0.8659011527134344,Mitochondrion;Mitochondrion
O14817,Membrane,O14817__2fb9a2c82e52a1b2,False,0,0.8658378812558054,Membrane;Membrane
Q9NYW8,Nucleus,O60765__7991d51d11a01c75,False,0,0.8652493532797354,Nucleus;Nucleus
P32243,Nucleus,P32243__cda81068cf320969,False,0,0.8650240656298439,Nucleus;Nucleus
P51965,Nucleus,P51965__1e8abf77bbf48b6c,False,0,0.8650235215385931,Nucleus;Nucleus
Q9H4I2,Nucleus,Q9H4I2__7cbd4f2f341f304d,False,0,0.8646404668498706,Nucleus;Nucleus
Q7Z5A8,Secreted,Q7Z5A7__79972210f3b53fed,False,0,0.864518780534496,Secreted;Secreted
Q9HCK8,Nucleus,Q9HCK8__20a4b077942b8ef8,True,0,0.8644600783560608,Nucleus;Nucleus
P48552,Nucleus,P48552__fe8f644aa6c86a0b,True,0,0.8643162865591714,Nucleus;Nucleus
Q9BXF3,Nucleus,Q9BXF3__0dc6495e1e886cb7,False,0,0.8635589992754465,Nucleus;Nucleus
Q9NUJ1,Mitochondrion,Q9NUJ1__50b58ba185fd1cb5,False,0,0.8630014103347246,Mitochondrion;Mitochondrion
Q13351,Nucleus,Q13351__d4363505cdd764fa,True,0,0.8624897650646555,Nucleus;Nucleus
Q5VTD9,Nucleus,Q5VTD9__4eaec34183653ae2,False,0,0.8619745659993947,Nucleus;Nucleus
A8MTJ6,Nucleus,A8MTJ6__f0b42ed6b9f6b39e,False,0,0.8619423325938769,Nucleus;Nucleus
Q8IXK0,Nucleus,P78364__37cb94299e1e9187,True,0,0.861721052773526,Nucleus;Nucleus
Q9C0A1,Nucleus,Q9C0A1__d0bd96063979cce8,False,0,0.8612485579414974,Nucleus;Nucleus
P17014,Nucleus,O60765__7991d51d11a01c75,False,0,0.8611869550055625,Nucleus;Nucleus
Q9NY25,Membrane,Q9NY25__080eb688f55b4c0b,False,0,0.8610995089107956,Membrane;Membrane
O75355,Membrane,O75355__bce692cd15f4091a,False,0,0.8610809750131336,Membrane;Membrane
P0DP57,Secreted,P0DP57__ad19290160d76666,False,0,0.8606907079110021,Secreted;Secreted
P15144,Membrane,P15144__99ba03877f7508cb,True,0,0.8606019568734302,Membrane;Membrane
Q9Y258,Secreted,P13500__3812ea62049d89f0,False,0,0.8597860651133001,Secreted;Secreted
Q96K58,Nucleus,Q96K58__736cab592d597c3d,False,0,0.859447057411846,Nucleus;Nucleus
Q9H0E3,Nucleus,Q9H0E3__1b546d10381c8972,False,0,0.8589941057231423,Nucleus;Nucleus
O14842,Membrane,O14842__de3c8c9ee981bcae,False,0,0.8578958065977158,Membrane;Membrane
Q9NU63,Nucleus,O60765__7991d51d11a01c75,True,0,0.8578912085452217,Nucleus;Nucleus
O14649,Membrane,O14649__7960e9cf1aca3a12,False,0,0.8578535591496451,Membrane;Membrane
O14776,Nucleus,O14776__20834b6dfdbb2aa7,False,0,0.8575196286862827,Nucleus;Nucleus
B0L3A2,Membrane,B0L3A2__741e248a9af7f9d1,False,0,0.857513333164281,Membrane;Membrane
Q86YN6,Nucleus,Q86YN6__c74ed27ffc5d5931,False,0,0.8572796820659048,Nucleus;Nucleus
Q9UGH3,Membrane,Q9UGH3__9cab313b7f1f3a8c,False,0,0.8569368693749229,Membrane;Membrane
Q99757,Mitochondrion,Q99757__b1dff3a3522626f0,False,0,0.8566320038174873,Mitochondrion;Mitochondrion
Q9UID6,Nucleus,Q9UID6__c64c393e6bf2f05a,False,0,0.8562615994739903,Nucleus;Nucleus
P30939,Membrane,O14804__e1509937826bd69d,False,0,0.8540754533228243,Membrane;Membrane
Q16853,Membrane,Q16853__7ed9ac5c23544be7,False,0,0.8537493500167028,Membrane;Membrane
O15370,Nucleus,O15370__1fcb2d8307ca4be3,False,0,0.8523349656539027,Nucleus;Nucleus
O14978,Nucleus,O14978__c4f71ba247d1fe9d,False,0,0.8513559270145068,Nucleus;Nucleus
Q99457,Nucleus,Q99457__b32e2ff5c0913aae,False,0,0.8503337220650025,Nucleus;Nucleus
Q9UKY1,Nucleus,Q9H4I2__7cbd4f2f341f304d,True,0,0.850325804030527,Nucleus;Nucleus
Q9BX79,Membrane,Q9BX79__cbf4afd758285857,True,0,0.8498727933667073,Membrane;Membrane
Q9C0H2,Membrane,Q9BSA4__a0c084890237a0a3,False,0,0.8494884701217376,Membrane;Membrane
O95931,Nucleus,O95931__c6c68b0fd0d91ac0,False,0,0.8492231517111681,Nucleus;Nucleus
Q8WYA1,Nucleus,Q8WYA1__672612d5f97ef9cc,False,0,0.8485725743555852,Nucleus;Nucleus
Q68D85,Membrane,Q68D85__06d6e219931af909,False,0,0.8485540320686892,Membrane;Membrane
Q96LT9,Nucleus,Q96LT9__4c4c35b26aebb77c,False,0,0.8483522392630582,Nucleus;Nucleus
Q03989,Nucleus,Q03989__afb11eedc82f1515,False,0,0.8477666312929903,Nucleus;Nucleus
P35462,Membrane,O14804__e1509937826bd69d,True,0,0.8475821499081113,Membrane;Membrane
P98182,Nucleus,P98182__280bc94b3ad2be02,False,0,0.8474211560579363,Nucleus;Nucleus
O15263,Secreted,O15263__03c03ad492af4bd8,False,0,0.8473996853252166,Secreted;Secreted
Q6ZN30,Nucleus,Q6ZN30__a9e0bb327d45024e,False,0,0.8473241056883523,Nucleus;Nucleus
O43829,Nucleus,O43829__d1f39424c9f72e84,True,0,0.8467335312922111,Nucleus;Nucleus
Q5T440,Mitochondrion,Q5T440__553a633c46324476,False,0,0.8459031084510351,Mitochondrion;Mitochondrion
Q9HCF6,Membrane,Q9HCF6__ac0d234a0cfd8758,False,0,0.8453431455910323,Membrane;Membrane
Q6ZVX9,Membrane,Q6TCH4__f6872ed0f80ad686,False,0,0.8453412270970149,Membrane;Membrane
P19075,Membrane,O14817__2fb9a2c82e52a1b2,False,0,0.845047121412732,Membrane;Membrane
Q6STE5,Nucleus,Q6STE5__7b49ceef71c89aef,False,0,0.8450307791724567,Nucleus;Nucleus
P00995,Secreted,P00995__2f17f5ddb7fe12bb,False,0,0.8447169721204638,Secreted;Secreted
Q8NEP9,Nucleus,O60765__7991d51d11a01c75,False,0,0.8444203312379267,Nucleus;Nucleus
Q86TS9,Mitochondrion,Q86TS9__399f2cf89de06ac4,False,0,0.8441317027194896,Mitochondrion;Mitochondrion
Q6EIG7,Membrane,Q6EIG7__4332a5c8f8f77e85,False,0,0.8439935765674937,Membrane;Membrane
Q86VZ6,Nucleus,Q86VZ6__48ef0260d9cca576,False,0,0.8438342125900331,Nucleus;Nucleus
Q8IX15,Nucleus,Q8IX15__2197b74404d017a8,False,0,0.8436490416786657,Nucleus;Nucleus
O15090,Nucleus,O15090__be3ae7be1613717d,False,0,0.8432616846469445,Nucleus;Nucleus
P18846,Nucleus,P18846__085f64e87f122bc4,False,0,0.8414226296581767,Nucleus;Nucleus
Q9UM73,Membrane,Q9UM73__74716bef5c87821e,True,0,0.8412651023061464,Membrane;Membrane
Q9NPD8,Nucleus,Q9NPD8__5adf00d7297fe32c,True,0,0.8400412000143782,Nucleus;Nucleus
P98175,Nucleus,P52756__83fff9e7321f503d,True,0,0.8396248895957248,Nucleus;Nucleus
Q8NHU0,Nucleus,P0DMU8__65b80a349fee31d5,False,0,0.8395301145307391,Nucleus;Nucleus
Q6P3S6,Nucleus,Q6P3S6__7fb38d56bde945ea,False,0,0.839513210493328,Nucleus;Nucleus
O60393,Nucleus,O60393__6a17e447bf507b58,False,0,0.8393056467309394,Nucleus;Nucleus
Q9UM63,Nucleus,Q6DJT9__886b146b2d6be78e,False,0,0.8386431825912509,Nucleus;Nucleus
Q7RTV3,Nucleus,Q7RTV3__d266a08a2875ae94,False,0,0.8382440311937851,Nucleus;Nucleus
P0C1Z6,Nucleus,P0C1Z6__d939dd7e5feb3a72,False,0,0.8369987152774943,Nucleus;Nucleus
P56373,Membrane,P51575__47a7ae3585219f3b,True,0,0.8369303041866984,Membrane;Membrane
Q96HJ9,Mitochondrion,Q96HJ9__8f7982cfa6455481,False,0,0.8368937255359271,Mitochondrion;Mitochondrion
Q9H313,Membrane,Q9H313__87dd3174f408f1a7,False,0,0.8367535835933702,Membrane;Membrane
Q58F21,Nucleus,Q58F21__73222727caca7871,True,0,0.8365037493145892,Nucleus;Nucleus
O75603,Nucleus,O75603__6b9b0f6eb8c91c38,False,0,0.8362152538272287,Nucleus;Nucleus
Q9GZR1,Nucleus,Q9GZR1__8129a8803c969a7f,False,0,0.8357229456902939,Nucleus;Nucleus
P0DMU8,Nucleus,P0DMU8__65b80a349fee31d5,False,0,0.8351681487846587,Nucleus;Nucleus
Q8WTR7,Nucleus,O60765__7991d51d11a01c75,True,0,0.8342061117478757,Nucleus;Nucleus
Q5HYN5,Nucleus,P0DMU8__65b80a349fee31d5,False,0,0.8338779566847346,Nucleus;Nucleus
P30307,Nucleus,P30307__d4b382d296f08244,False,0,0.8335285524934896,Nucleus;Nucleus
P34969,Membrane,P34969__987e15538f0f1ab2,False,0,0.8328238526039613,Membrane;Membrane
Q6UXZ4,Membrane,Q6UXZ4__f727ae45e74548de,False,0,0.8325546618711239,Membrane;Membrane
P29972,Membrane,P29972__8aaa3dd189e99d4f,False,0,0.8324474244609303,Membrane;Membrane
Q96AV8,Nucleus,Q96AV8__ffc7b9a7b77b600c,False,0,0.8321454258133054,Nucleus;Nucleus
A8MW92,Nucleus,A8MW92__aac26fa6b1288fde,True,0,0.8319410460672864,Nucleus;Nucleus
Q01543,Nucleus,Q01543__74912fafaea5266f,False,0,0.8316810262124585,Nucleus;Nucleus
Q9UBW7,Nucleus,Q9UBW7__0ad13e0156d5423c,False,0,0.8308930929659797,Nucleus;Nucleus
Q5VZI3,Membrane,Q5VZI3__fb4f91b1f9cd6038,False,0,0.8308599039920779,Membrane;Membrane
P19440,Membrane,P19440__801f58f9fcded7a2,False,0,0.8308199987010434,Membrane;Membrane
Q6PIU1,Membrane,P17658__eda1448fb4187cfe,True,0,0.8308119014760335,Membrane;Membrane
Q8TBZ0,Nucleus,Q8TBZ0__301280748a4012dc,False,0,0.8307082533386236,Nucleus;Nucleus
Q6UXZ3,Membrane,Q6UXZ3__e274dd37208c771b,True,0,0.8306967971961015,Membrane;Membrane
A0A0J9YXV3,Secreted,A0A0J9YXV3__d597bde492fb1c45,False,0,0.8305870929260383,Secreted;Secreted
Q6YHK3,Membrane,Q6YHK3__26ce27a0e409dc3e,False,0,0.8303868214798762,Membrane;Membrane
Q9UHF7,Nucleus,Q9UHF7__f354d27f400d3924,False,0,0.8302401527797598,Nucleus;Nucleus
P17030,Nucleus,O60765__7991d51d11a01c75,False,0,0.8300200946010028,Nucleus;Nucleus
P43115,Membrane,P43115__eecded17e2f0be53,False,0,0.8293045346959609,Membrane;Membrane
Q8N5C7,Nucleus,Q8N5C7__b94f154ff317c48b,False,0,0.8292876810655385,Nucleus;Nucleus
Q03181,Nucleus,Q03181__f85202b5d75177e1,False,0,0.827591250147349,Nucleus;Nucleus
P41594,Membrane,P41594__d490de2ba2e67deb,False,0,0.8266364761711833,Membrane;Membrane
P18065,Secreted,P18065__cb090c520014e453,False,0,0.8265941322863006,Secreted;Secreted
Q7Z5A7,Secreted,Q7Z5A7__79972210f3b53fed,False,0,0.8262239515527464,Secreted;Secreted
Q8WUM9,Membrane,Q8WUM9__9812589e0b86f617,False,0,0.8261534261766965,Membrane;Membrane
P33240,Nucleus,P33240__9e62ed7fce0b0130,True,0,0.8261319652587371,Nucleus;Nucleus
Q5VUA4,Nucleus,Q5VUA4__7147c139db40348c,False,0,0.82498360493269,Nucleus;Nucleus
Q9BXB1,Membrane,Q9BXB1__8f414dfc5f20967b,False,0,0.8246819322405532,Membrane;Membrane
O75937,Nucleus,O75937__90621a87e8eae11e,False,0,0.8241175743061586,Nucleus;Nucleus
Q9P013,Nucleus,Q9P013__96615dd89a09abb1,False,0,0.8240126054029255,Nucleus;Nucleus
P01225,Secreted,P01225__b5fe577d953dbc11,True,0,0.8232277807662268,Secreted;Secreted
Q8N1G1,Nucleus,Q8N1G1__a0b16eab8b7a0624,False,0,0.8230753837816802,Nucleus;Nucleus
P62851,Cytoplasm,P62851__b8ddf44f27f9042c,False,0,0.8207566890686386,Cytoplasm;Cytoplasm
Q53TQ3,Nucleus,Q53TQ3__c40027ea332393a0,False,0,0.8204037944091073,Nucleus;Nucleus
Q6W2J9,Nucleus,Q6W2J9__fb1596c539433cf0,False,0,0.820127590309029,Nucleus;Nucleus
Q9H2H9,Membrane,Q9H2H9__8b9302b583aae10a,True,0,0.8198613086684806,Membrane;Membrane
Q70Z53,Nucleus,Q70Z53__d63f7b85d457e344,False,0,0.8195400054721947,Nucleus;Nucleus
Q569K4,Nucleus,Q569K4__8b12a0d40df09f40,False,0,0.8191810226306784,Nucleus;Nucleus
P49406,Mitochondrion,P49406__0807e89052573fd6,False,0,0.8181113909687989,Mitochondrion;Mitochondrion
Q13084,Mitochondrion,Q13084__ffe9c9753231efeb,False,0,0.818049276553956,Mitochondrion;Mitochondrion
Q7Z7H8,Mitochondrion,Q7Z7H8__adfda39bd406d785,False,0,0.8179779616152041,Mitochondrion;Mitochondrion
P58418,Membrane,P58418__33c99d40d76f0feb,False,0,0.8178844737422708,Membrane;Membrane
Q9H160,Nucleus,Q9H160__230f88e6fa570ee7,True,0,0.8175731811386926,Nucleus;Nucleus
Q86X83,Cytoplasm,Q86X83__9e8a81f980fe5a2d,False,0,0.8172824565648003,Cytoplasm;Cytoplasm
Q8IYW5,Nucleus,Q8IYW5__e26c503e132670df,True,0,0.8170000881677288,Nucleus;Nucleus
O77932,Nucleus,O77932__7a76ed8d73d41e47,False,0,0.8163861346164085,Nucleus;Nucleus
P52739,Nucleus,P52739__2199b2d7de4b600d,True,0,0.8163107171691566,Nucleus;Nucleus
Q7L0X2,Nucleus,Q7L0X2__be57572441bc7c81,False,0,0.8162906229311798,Nucleus;Nucleus
P55081,Nucleus,P55081__c09e4f810766bef2,False,0,0.8145935636062469,Nucleus;Nucleus
P63173,Cytoplasm,P63173__c34e32f6de40d659,False,0,0.8145259027097904,Cytoplasm;Cytoplasm
Q9NTZ6,Nucleus,Q9NTZ6__9d753b4d0a2e9fa0,False,0,0.8131495924757515,Nucleus;Nucleus
Q96JW4,Membrane,Q96JW4__990ba1979c6b5ef7,False,0,0.8128411627604168,Membrane;Membrane
A1Z1Q3,Nucleus,A1Z1Q3__872c0ec9e3b701db,True,0,0.8127805198278693,Nucleus;Nucleus
P13349,Nucleus,P13349__45791a6373c12899,False,0,0.8127008511105169,Nucleus;Nucleus
Q8NCN2,Nucleus,Q8NCN2__bd14a0b62f038110,False,0,0.8122307463813447,Nucleus;Nucleus
P35227,Nucleus,P35227__87d73e17b326796f,False,0,0.8119669827910068,Nucleus;Nucleus
P10242,Nucleus,P10242__d427fdd452484c79,False,0,0.8111733163070229,Nucleus;Nucleus
P13498,Membrane,P13498__928ccbd7cbbfc119,False,0,0.8104584899138236,Membrane;Membrane
O00142,Mitochondrion,O00142__700aaca4d7c026aa,False,0,0.809840634850209,Mitochondrion;Mitochondrion
Q9BRJ2,Mitochondrion,Q9BRJ2__e8127963f8d3a219,False,0,0.8095901835922509,Mitochondrion;Mitochondrion
Q4G176,Mitochondrion,Q4G176__9b23a9c38ce64f20,False,0,0.8094903296394349,Mitochondrion;Mitochondrion
P43003,Membrane,P43003__9bd2bb21d4f24d3b,False,0,0.8090216895976485,Membrane;Membrane
Q9BVI0,Nucleus,A8MW92__aac26fa6b1288fde,False,0,0.8067849929275317,Nucleus;Nucleus
Q9Y6J9,Nucleus,Q9Y6J9__8e470b48a9f9cc96,False,0,0.8067063901519509,Nucleus;Nucleus
Q9BYE7,Nucleus,Q9BYE7__262e4d5894eb5381,False,0,0.8061235635650783,Nucleus;Nucleus
A0A7P0TBJ1,Nucleus,A0A7P0TBJ1__f59caf3f1c853477,False,0,0.8058644576320604,Nucleus;Nucleus
P78562,Membrane,P08473__1a916537b7b55589,False,0,0.8051385117865142,Membrane;Membrane
Q5SSG8,Membrane,Q5SSG8__436e35edf5f86dbe,False,0,0.8046503059502144,Membrane;Membrane
P29374,Nucleus,P29374__93cfe8189194eba3,False,0,0.8046281238065432,Nucleus;Nucleus
O60765,Nucleus,O60765__7991d51d11a01c75,False,0,0.8045405800571455,Nucleus;Nucleus
Q5T4W7,Secreted,Q5T4W7__3eb322d0bc238b69,False,0,0.8042160731799011,Secreted;Secreted
Q8TF45,Nucleus,O60765__7991d51d11a01c75,False,0,0.8040737183881201,Nucleus;Nucleus
P0DMU9,Nucleus,P0DMU8__65b80a349fee31d5,False,0,0.8039676580367758,Nucleus;Nucleus
P43363,Nucleus,P43363__793a8d14f37fb705,False,0,0.8038120663415951,Nucleus;Nucleus
Q15699,Nucleus,Q15699__fbb8ed909ca2e7ae,False,0,0.803310568170222,Nucleus;Nucleus
Q9NZM4,Nucleus,Q9NZM4__8d6d8ce39d7354c0,False,0,0.8031378744483559,Nucleus;Nucleus
P29084,Nucleus,P29084__ebc3cafb921217a1,False,0,0.8026608728208771,Nucleus;Nucleus
Q6PJ21,Nucleus,Q6PJ21__709648a339e524b5,True,0,0.8022726312644513,Nucleus;Nucleus
P28347,Nucleus,P28347__0510ee24c4318b12,False,0,0.8020910957367149,Nucleus;Nucleus
Q9NQV8,Nucleus,Q9NQV8__d9393400f9fc1421,False,0,0.8014020632399385,Nucleus;Nucleus
Q9UBC3,Nucleus,Q9UBC3__98ed5e5f7c4fc9e0,False,0,0.8012521208950456,Nucleus;Nucleus
O43148,Nucleus,O43148__7fd695051f4714fd,False,0,0.8008684053273313,Nucleus;Nucleus
Q9UIL8,Nucleus,Q9UIL8__1008019fdd8cb89c,False,0,0.8002433574841339,Nucleus;Nucleus
Q8IXF0,Nucleus,Q8IXF0__ce681f5107a60e86,False,0,0.7993398515036182,Nucleus;Nucleus
Q8IUR6,Nucleus,Q8IUR6__c5f7514e88bcda7b,True,0,0.7987120182867409,Nucleus;Nucleus
Q9H9L7,Nucleus,Q9H9L7__992b75e9e94baaec,False,0,0.797496381842542,Nucleus;Nucleus
P12319,Membrane,P12319__7169a4f57038103b,False,0,0.7970807323088358,Membrane;Membrane
Q09428,Membrane,Q09428__c07c3de04b95cf06,False,0,0.7969886072544298,Membrane;Membrane
Q9NXZ1,Nucleus,Q9NXZ1__a71ae1e1c20b9fa5,False,0,0.7963051173737586,Nucleus;Nucleus
Q9UIG0,Nucleus,Q9UIG0__199d496dabf0c813,True,0,0.7954968963416409,Nucleus;Nucleus
Q9UKI8,Nucleus,Q9UKI8__8337c49698178115,False,0,0.7948370997543528,Nucleus;Nucleus
Q9UBD9,Secreted,Q9UBD9__e9021cf04257faa1,True,0,0.794491595195285,Secreted;Secreted
Q02161,Membrane,Q02161__e7857785c4ef5d34,False,0,0.7941354828050265,Membrane;Membrane
Q6ECI4,Nucleus,O60765__7991d51d11a01c75,False,0,0.7938738098874691,Nucleus;Nucleus
P42892,Membrane,P08473__1a916537b7b55589,False,0,0.793447673583908,Membrane;Membrane
Q7Z5A9,Secreted,Q7Z5A9__d9463d93487ed57e,False,0,0.792596315987746,Secreted;Secreted
Q6UWZ7,Nucleus,Q6UWZ7__6fdbbd5735e4ee6f,True,0,0.7923803667808947,Nucleus;Nucleus
P86397,Mitochondrion,P86397__5a9e1b2c2ca4a19f,False,0,0.7918724279800122,Mitochondrion;Mitochondrion
Q8TE85,Nucleus,Q8TE85__7d10818504bb7d32,False,0,0.79121418623577,Nucleus;Nucleus
Q9UBT6,Nucleus,Q9UBT6__a9c2f7f66fe8f1cf,True,0,0.7908487126883401,Nucleus;Nucleus
P17658,Membrane,P17658__eda1448fb4187cfe,False,0,0.7902819820953132,Membrane;Membrane
P40424,Nucleus,P40424__02b63a4f59185406,False,0,0.7898826936106316,Nucleus;Nucleus
Q9UI40,Membrane,Q9HC58__06f2266491a320bf,False,0,0.7897007834590754,Membrane;Membrane
Q99929,Nucleus,Q99929__3bc2265ae990245f,False,0,0.7896599241827382,Nucleus;Nucleus
P36578,Cytoplasm,P36578__7a06894c0bbf3e0a,False,0,0.7890096687330268,Cytoplasm;Cytoplasm
P34130,Secreted,P34130__038eb4a04f0b8d92,False,0,0.7875159723065439,Secreted;Secreted
P55318,Nucleus,P55318__ef5103c2426f62b7,False,0,0.7862758256128797,Nucleus;Nucleus
P0DP91,Nucleus,P0DP91__32b5eef86f6e9135,False,0,0.7861314805223258,Nucleus;Nucleus
Q9NZL3,Nucleus,O60765__7991d51d11a01c75,True,0,0.7856690596846754,Nucleus;Nucleus
Q92833,Nucleus,Q92833__72d8d68f6efa5b8d,True,0,0.7856651350429708,Nucleus;Nucleus
O00175,Secreted,O00175__b7881beb951aec45,False,0,0.7855602770397905,Secreted;Secreted
P54760,Membrane,P21709__6aa120b03b6831f0,False,0,0.7832496195380081,Membrane;Membrane
Q96EL2,Mitochondrion,Q96EL2__7d7ea2526189d91a,False,0,0.7825578966350542,Mitochondrion;Mitochondrion
Q6UVM3,Membrane,Q6UVM3__b651e92a4f3a92f2,False,0,0.7816219523896828,Membrane;Membrane
Q9Y399,Mitochondrion,Q9Y399__150a4be8793028f7,False,0,0.7808618169745858,Mitochondrion;Mitochondrion
Q14153,Nucleus,Q14153__51373cb26621f0d0,False,0,0.7804485045902048,Nucleus;Nucleus
Q92988,Nucleus,P56177__5cea5ceeb5354239,False,0,0.7802570200761059,Nucleus;Nucleus
Q9HB58,Nucleus,Q9HB58__156fa71ba0f03374,True,0,0.780191323012674,Nucleus;Nucleus
P01298,Secreted,P01298__35a162f66dfacc6c,False,0,0.7799742981006819,Secreted;Secreted
Q9BX68,Mitochondrion,Q9BX68__f4517aaf05924d30,False,0,0.7797435297346975,Mitochondrion;Mitochondrion
Q14406,Secreted,P01241__8fb62f9161f42d75,False,0,0.779553286573548,Secreted;Secreted
Q6P4R8,Nucleus,Q6P4R8__749c870dee2f91e5,False,0,0.7793377578669015,Nucleus;Nucleus
Q9BQ15,Nucleus,Q96AH0__536175e3664d5acd,True,0,0.7788873171205236,Nucleus;Nucleus
A6H8Y1,Nucleus,A6H8Y1__234f6c026652bec9,False,0,0.7773828899772115,Nucleus;Nucleus
P17032,Nucleus,O60765__7991d51d11a01c75,False,0,0.775959121830363,Nucleus;Nucleus
P08833,Secreted,P08833__361cc8b012aa6de2,False,0,0.7748217765895984,Secreted;Secreted
Q2TAK8,Nucleus,Q2TAK8__cae3f40bf1fdd386,True,0,0.7747561876969631,Nucleus;Nucleus
Q9NZP8,Secreted,Q9NZP8__e50c99cd74cae31b,False,0,0.7740457539820434,Secreted;Secreted
Q9NRY2,Nucleus,Q9NRY2__8c2d6e51a7ddb99a,True,0,0.7739760257033567,Nucleus;Nucleus
Q16560,Nucleus,Q16560__7a0894975e03e298,False,0,0.7735803189142856,Nucleus;Nucleus
Q9H147,Nucleus,Q9H147__abdf33fb9fc1b6ad,False,0,0.7731723116678448,Nucleus;Nucleus
P48995,Membrane,P48995__0b3c67de268a6557,False,0,0.7730573050292748,Membrane;Membrane
Q9NQ90,Membrane,Q32M45__1509fe9c1f8bc231,False,0,0.7724083052161765,Membrane;Membrane
Q96H86,Nucleus,O60765__7991d51d11a01c75,False,0,0.7718522730506667,Nucleus;Nucleus
P82673,Mitochondrion,P82673__ddbc618da69eeb8f,False,0,0.7718286147952946,Mitochondrion;Mitochondrion
Q9BYD2,Mitochondrion,Q9BYD2__caf343257590d095,False,0,0.7718207716398808,Mitochondrion;Mitochondrion
Q9NZC9,Nucleus,Q9NZC9__5804ae73e49d5384,True,0,0.7715784162524664,Nucleus;Nucleus
Q6PII3,Nucleus,Q6PII3__039588b42955e349,True,0,0.7712326014388886,Nucleus;Nucleus
Q96T23,Nucleus,Q96T23__e98d30e0b538dffe,True,0,0.7710267738515533,Nucleus;Nucleus
Q86XK3,Nucleus,Q86XK3__28eed0bb032dffec,True,0,0.7707152558526379,Nucleus;Nucleus
B4DJY2,Membrane,B4DJY2__913b0e2aa0911f1e,False,0,0.7699455236095414,Membrane;Membrane
P83731,Cytoplasm,P83731__d699a4c699bc72ef,False,0,0.7699304867390777,Cytoplasm;Cytoplasm
Q14CX5,Membrane,Q14CX5__23d5174f66d295d8,False,0,0.766344964165719,Membrane;Membrane
P34096,Secreted,P34096__bdb5ad9576d2cdc1,True,0,0.764292852504502,Secreted;Secreted
P78556,Secreted,P13500__3812ea62049d89f0,False,0,0.7637679686507424,Secreted;Secreted
Q6DKI7,Membrane,Q6DKI7__597d89821992c780,False,0,0.7634121961785518,Membrane;Membrane
O15178,Nucleus,O15178__239bb7ac44e71466,False,0,0.762542756715157,Nucleus;Nucleus
Q96T58,Nucleus,Q96T58__494a51a306634b8f,True,0,0.7616019505657907,Nucleus;Nucleus
Q9Y2R5,Mitochondrion,Q9Y2R5__fb9600b67149fcaa,False,0,0.7611156269082462,Mitochondrion;Mitochondrion
P33681,Membrane,P33681__a0a87cc578bb7670,False,0,0.7607439615883718,Membrane;Membrane
Q92908,Nucleus,Q92908__036fca82f5301acb,False,0,0.7602573455499347,Nucleus;Nucleus
O14867,Nucleus,O14867__fa8e172c1f63495f,False,0,0.75973786294808,Nucleus;Nucleus
O95180,Membrane,O95180__a64a69646209bd70,True,0,0.7595976447330923,Membrane;Membrane
Q07075,Membrane,P15144__99ba03877f7508cb,False,0,0.758964618680555,Membrane;Membrane
Q9ULX3,Nucleus,Q9ULX3__3f7a0df91c69173f,False,0,0.7587405458624332,Nucleus;Nucleus
P48664,Membrane,P43003__9bd2bb21d4f24d3b,False,0,0.7581793611009406,Membrane;Membrane
Q8WXC3,Cytoplasm,Q8WXC3__18cd11be20b7fa7a,True,0,0.7569795407294353,Cytoplasm;Cytoplasm
P17813,Membrane,P17813__9d83bcc4b07c00cd,False,0,0.7557384364805027,Membrane;Membrane
Q8IY92,Nucleus,Q8IY92__44ef1d7772f1f9cd,True,0,0.755246105800857,Nucleus;Nucleus
P83369,Nucleus,P83369__1de29d2a5450b579,False,0,0.7549846170419964,Nucleus;Nucleus
P0DPK4,Secreted,P0DPK3__e4ebf6e260dae1c7,False,0,0.7549681660904806,Secreted;Secreted
Q8N8U9,Secreted,Q8N8U9__a1c65c47cc2e3783,False,0,0.7546253914742646,Secreted;Secreted
Q9NP94,Membrane,Q9NP94__4a91ea2645efecc4,False,0,0.7546171773276873,Membrane;Membrane
Q04724,Nucleus,Q04724__d271a7594c0d7e0c,True,0,0.754174581468126,Nucleus;Nucleus
P51449,Nucleus,P35398__c904032d7c1bef63,False,0,0.7540922971232871,Nucleus;Nucleus
Q12891,Membrane,Q12891__b30ab8009d187573,False,0,0.7539242452735997,Membrane;Membrane
P17342,Membrane,P17342__8323c5642e8f0c51,False,0,0.7534932451483152,Membrane;Membrane
B3EWF7,Nucleus,B3EWF7__c8d1f7a00eed9479,False,0,0.7532586573291797,Nucleus;Nucleus
A6NF83,Nucleus,A6NF83__21a4565ada232cd9,False,0,0.7530625495015596,Nucleus;Nucleus
D3W0D1,Membrane,D3W0D1__ef38993b3657d74f,False,0,0.7529852880318818,Membrane;Membrane
P11049,Membrane,P11049__ff2bb9bfe0b98b88,False,0,0.7529752161233687,Membrane;Membrane
O43679,Nucleus,O43679__62e8bca7cc8c7f35,False,0,0.7525634571729931,Nucleus;Nucleus
Q9BSA4,Membrane,Q9BSA4__a0c084890237a0a3,False,0,0.7524582724541102,Membrane;Membrane
Q08ET2,Membrane,Q08ET2__92b3734c7620266a,False,0,0.7524548536581468,Membrane;Membrane
Q96RL1,Nucleus,Q96RL1__83084b235b4faef8,True,0,0.7502402713688574,Nucleus;Nucleus
Q13573,Nucleus,Q13573__9b024ea8d7b4f9eb,False,0,0.7500845159558656,Nucleus;Nucleus
P54132,Nucleus,P54132__79f713fb31871db6,True,0,0.7498853866657067,Nucleus;Nucleus
Q92698,Nucleus,Q92698__076621fb418cdba7,False,0,0.749329800047934,Nucleus;Nucleus
P43694,Nucleus,P43694__42903e3d362a1f4b,False,0,0.7492559981541349,Nucleus;Nucleus
Q9H665,Membrane,Q9H665__fd2f28895ec61fe5,False,0,0.748634732926469,Membrane;Membrane
P35367,Membrane,P35367__9112bbed27c42f31,False,0,0.7473768088225817,Membrane;Membrane
P35398,Nucleus,P35398__c904032d7c1bef63,False,0,0.7472538514167943,Nucleus;Nucleus
Q5R3K3,Membrane,Q5R3K3__5c6d832224470267,True,0,0.7463218505363072,Membrane;Membrane
P48509,Membrane,O14817__2fb9a2c82e52a1b2,True,0,0.7448051979118809,Membrane;Membrane
Q96BP3,Nucleus,Q96BP3__a0ef30f6b34d96b9,True,0,0.7444502935266701,Nucleus;Nucleus
Q9ULC4,Cytoplasm,Q9ULC4__d5d0497065ded167,True,0,0.744241927183517,Cytoplasm;Cytoplasm
P08579,Nucleus,P08579__1122100e71d6fd77,False,0,0.7435543677289156,Nucleus;Nucleus
Q96G74,Nucleus,Q96G74__6d6b4b5f03173caa,False,0,0.7435076384641051,Nucleus;Nucleus
P15923,Nucleus,P15884__6e26e4440fbb8877,False,0,0.7425015834319115,Nucleus;Nucleus
P84090,Nucleus,P84090__a152f86cd23fb3bc,False,0,0.7423342151970074,Nucleus;Nucleus
Q9HBJ8,Membrane,Q9HBJ8__99389025de2efb3f,True,0,0.7421393361955734,Membrane;Membrane
Q9NQX1,Nucleus,O60765__7991d51d11a01c75,False,0,0.7409949011250663,Nucleus;Nucleus
Q6UWS5,Mitochondrion,Q6UWS5__8492f904ab6a23ca,False,0,0.7400541325502096,Mitochondrion;Mitochondrion
Q9BWP8,Secreted,Q9BWP8__ad5c2382489687aa,False,0,0.7396827109218973,Secreted;Secreted
P11836,Membrane,P11836__598b359b42a9d884,True,0,0.7388103250465965,Membrane;Membrane
P29459,Secreted,P29459__2ce004e921ab5aaa,False,0,0.7367860068529075,Secreted;Secreted
Q7L590,Nucleus,Q7L590__162db325f2725a70,True,0,0.7365313916487212,Nucleus;Nucleus
Q9UJL9,Nucleus,O60765__7991d51d11a01c75,False,0,0.7362995265584138,Nucleus;Nucleus
P78410,Membrane,P78410__fc2b481f27d3f216,False,0,0.7361762723400007,Membrane;Membrane
Q9NXF7,Nucleus,Q9NXF7__989390fb99903d80,False,0,0.7360603753879941,Nucleus;Nucleus
Q4KMQ2,Membrane,Q32M45__1509fe9c1f8bc231,True,0,0.7356524169102329,Membrane;Membrane
P16109,Membrane,P16109__def353dc153b1f5f,False,0,0.7352237142349509,Membrane;Membrane
Q8TCC3,Mitochondrion,Q8TCC3__b8592fc9d49e6908,False,0,0.7345955198516736,Mitochondrion;Mitochondrion
Q9H7L9,Nucleus,Q9H7L9__a0f4a325accd1b35,False,0,0.7335183584306346,Nucleus;Nucleus
O00241,Membrane,O00241__058126c4333fc698,False,0,0.7333928842946541,Membrane;Membrane
P40225,Secreted,P40225__0f8a0b0300371e22,False,0,0.7332440685183084,Secreted;Secreted
O95980,Membrane,O95980__eed1f737e8589620,False,0,0.7327334711008227,Membrane;Membrane
Q7Z2W9,Mitochondrion,Q7Z2W9__822b1a993f856646,False,0,0.73151947479881,Mitochondrion;Mitochondrion
Q13461,Nucleus,Q13461__ae4997e4c96df650,False,0,0.7309114120496887,Nucleus;Nucleus
Q659A1,Nucleus,Q659A1__235a142a9f198288,True,0,0.7295721966998028,Nucleus;Nucleus
Q9NZJ9,Cytoplasm,Q96G61__1e8838c9307a475b,False,0,0.7293223002767286,Cytoplasm;Cytoplasm
Q92484,Secreted,Q92484__05307707daa67145,False,0,0.7278997853842759,Secreted;Secreted
P55197,Nucleus,P55197__5770ec3ff7fe1b5e,False,0,0.7267270189561162,Nucleus;Nucleus
Q9BVC5,Nucleus,Q9BVC5__909ebc754600b480,False,0,0.7259115915904373,Nucleus;Nucleus
P09466,Secreted,P09466__03db67f5ccc79c0e,False,0,0.7254737520161183,Secreted;Secreted
Q9BQA5,Nucleus,Q9BQA5__4ba24d152f79ff6e,True,0,0.7249844714890206,Nucleus;Nucleus
P30291,Nucleus,P30291__5ef1f29ae6c48b18,False,0,0.7248192362882993,Nucleus;Nucleus
Q9H999,Cytoplasm,Q9H999__d211f724098edc87,False,0,0.7243817956278944,Cytoplasm;Cytoplasm
Q9UHQ1,Nucleus,Q9UHQ1__88faf7359c47b5d7,False,0,0.7240258699045427,Nucleus;Nucleus
P20226,Nucleus,P20226__c8e9eda88b795f6a,False,0,0.7239958474780439,Nucleus;Nucleus
Q13356,Nucleus,Q13356__b945db30cfd89d6e,True,0,0.7236909013411308,Nucleus;Nucleus
Q9BYN8,Mitochondrion,Q9BYN8__d189093762109198,False,0,0.723283959054166,Mitochondrion;Mitochondrion
Q86V15,Nucleus,Q86V15__1fe2547d8fb5526d,False,0,0.7225738204313221,Nucleus;Nucleus
Q96QE3,Nucleus,Q96QE3__cc7e891bba9c449b,True,0,0.7213679093531933,Nucleus;Nucleus
P12524,Nucleus,P12524__60ae6c1c2f4bb6d6,False,0,0.7211772976806625,Nucleus;Nucleus
O60602,Membrane,O60602__3955f9ee05c01899,False,0,0.721068307459086,Membrane;Membrane
Q92917,Nucleus,Q92917__4b73d64b0465b0ed,False,0,0.7209448206229108,Nucleus;Nucleus
Q9NY74,Nucleus,Q9NY74__0b7e4108f2c87d48,True,0,0.7200622576003837,Nucleus;Nucleus
Q96HU1,Cytoplasm,Q96HU1__f0a17c175f8534ee,False,0,0.7200473070076612,Cytoplasm;Cytoplasm
Q5MJ70,Nucleus,Q5MJ70__09e992928e7eb75c,False,0,0.7184990923865353,Nucleus;Nucleus
Q8IU81,Nucleus,Q8IU81__0b5f3e244e32fbc2,False,0,0.7173073358437185,Nucleus;Nucleus
Q9Y2P7,Nucleus,O60765__7991d51d11a01c75,False,0,0.7164578053818225,Nucleus;Nucleus
O60242,Membrane,O60242__d6fa31c44d596ecf,False,0,0.7157901713335438,Membrane;Membrane
P28325,Secreted,P01034__ae318b9c984ac982,False,0,0.7156485209750288,Secreted;Secreted
P14151,Membrane,P14151__28ea52e4a2c9c8a4,False,0,0.7154362070065297,Membrane;Membrane
Q12952,Nucleus,Q12952__3a6860c45b5a93e5,False,0,0.7153506208987446,Nucleus;Nucleus
P54278,Nucleus,P54278__152668d47d44ad5b,False,0,0.7108724991452295,Nucleus;Nucleus
P04155,Secreted,P04155__22ce821f234da4df,False,0,0.7107667292311679,Secreted;Secreted
Q8NFJ6,Membrane,Q8NFJ6__0b1aaf1fdaee0ee1,False,0,0.7106728035587238,Membrane;Membrane
Q6P1L8,Mitochondrion,Q6P1L8__0fa981ec8dde3176,False,0,0.7100964547214325,Mitochondrion;Mitochondrion
O00478,Membrane,O00478__15475cf4e0aca2b7,False,0,0.7096037234629877,Membrane;Membrane
Q96PZ0,Nucleus,Q96PZ0__278a51068dea562c,False,0,0.7095839278344025,Nucleus;Nucleus
Q86UQ0,Nucleus,O60765__7991d51d11a01c75,False,0,0.7094813383220989,Nucleus;Nucleus
P20023,Membrane,P20023__8b918d84682153ef,False,0,0.7093084161422323,Membrane;Membrane
P27918,Secreted,P27918__6ca24511123cda9f,False,0,0.7090184797245243,Secreted;Secreted
P31942,Nucleus,P31942__a334502a36448009,False,0,0.7071714912450766,Nucleus;Nucleus
P08473,Membrane,P08473__1a916537b7b55589,False,0,0.7061291392303525,Membrane;Membrane
P27469,Mitochondrion,P27469__c4b27ec2ead6efbc,False,0,0.7052979814159855,Mitochondrion;Mitochondrion
P52756,Nucleus,P52756__83fff9e7321f503d,False,0,0.7041945659054402,Nucleus;Nucleus
Q8N9N8,Nucleus,Q8N9N8__622812cdd3c78680,False,0,0.7036145576958241,Nucleus;Nucleus
Q92583,Secreted,P13500__3812ea62049d89f0,False,0,0.7034654315938343,Secreted;Secreted
P30530,Membrane,P30530__0e1b606ba4a2733b,False,0,0.7034206984904127,Membrane;Membrane
Q96T54,Membrane,Q96T54__0f5369a8ecf84e08,False,0,0.7024986494257636,Membrane;Membrane
P07766,Membrane,P07766__5a043cd319d3f196,False,0,0.7020028736014794,Membrane;Membrane
P01241,Secreted,P01241__8fb62f9161f42d75,False,0,0.7002406281227613,Secreted;Secreted
Q5T0F9,Nucleus,Q5T0F9__8922a4d838637430,False,0,0.6987282510608591,Nucleus;Nucleus
Q8NHW3,Nucleus,Q8NHW3__d3ac52c19747aba3,False,0,0.6984053244519067,Nucleus;Nucleus
P21506,Nucleus,O60765__7991d51d11a01c75,False,0,0.6981825945017716,Nucleus;Nucleus
Q9UL49,Nucleus,Q9UL49__91ec4977e5f1706f,False,0,0.6979503506788289,Nucleus;Nucleus
Q9BWX1,Nucleus,Q9BWX1__c1c0a30f9f02253e,False,0,0.6968684588745062,Nucleus;Nucleus
O94892,Nucleus,O60765__7991d51d11a01c75,True,0,0.6963960618177132,Nucleus;Nucleus
Q05D32,Nucleus,Q05D32__675c976a1c1b4121,False,0,0.6962586560985136,Nucleus;Nucleus
Q13111,Nucleus,Q13111__f44bfabca3e73489,True,0,0.6954543125370336,Nucleus;Nucleus
Q71SY5,Nucleus,Q71SY5__6be46c80ad30e14b,False,0,0.6951824127973205,Nucleus;Nucleus
Q15762,Membrane,Q15762__91ea612f8d44c426,True,0,0.693433393547634,Membrane;Membrane
Q7Z7J5,Nucleus,Q7Z7J5__98214478fb4edc6d,False,0,0.6927951099707541,Nucleus;Nucleus
Q9UBP6,Nucleus,Q9UBP6__eb8dd1cbc59f1355,False,0,0.6927054462040628,Nucleus;Nucleus
Q3YBR2,Nucleus,Q3YBR2__89b90be10d3feea8,False,0,0.6920828009135405,Nucleus;Nucleus
P82912,Mitochondrion,P82912__79e0b9ceb4449790,False,0,0.6917994628446951,Mitochondrion;Mitochondrion
P0DTU3,Membrane,P0DSE1__714768df614d4210,False,0,0.6912881113655708,Membrane;Membrane
B6A8C7,Membrane,B6A8C7__c24b03d9d13d754f,False,0,0.690966207323962,Membrane;Membrane
Q9NX70,Nucleus,Q9NX70__1a307d772d6cb3ff,False,0,0.6901772813956502,Nucleus;Nucleus
Q6ZSS7,Membrane,Q6ZSS7__7ba155b16e0575d2,False,0,0.6898898110937993,Membrane;Membrane
P0CG12,Nucleus,P0CG12__88be69c5a9b64278,False,0,0.6897475614125143,Nucleus;Nucleus
Q96E11,Mitochondrion,Q96E11__6a64a32f8cbedb4f,False,0,0.6890479728767308,Mitochondrion;Mitochondrion
P17947,Nucleus,P17947__297ab89000ff919c,False,0,0.6888926348358504,Nucleus;Nucleus
G2XKQ0,Nucleus,G2XKQ0__badc20fa89b7cf54,True,0,0.6878082843386544,Nucleus;Nucleus
Q86YC2,Nucleus,Q86YC2__848e1c837f05f814,True,0,0.6858144055433415,Nucleus;Nucleus
P23378,Mitochondrion,P23378__1b851de535e522d4,False,0,0.6855137242379243,Mitochondrion;Mitochondrion
Q6PP77,Membrane,Q5GH77__fa1607e6a8236eae,False,0,0.6841028756453041,Membrane;Membrane
Q7Z5Q5,Nucleus,Q7Z5Q5__b7628c21eae270b0,False,0,0.6829180222022244,Nucleus;Nucleus
P82650,Mitochondrion,P82650__cb34554f21906984,False,0,0.6822463146174604,Mitochondrion;Mitochondrion
Q6PI98,Nucleus,Q6PI98__a57ffed66c853b6d,False,0,0.6810286943990327,Nucleus;Nucleus
Q8NFU5,Nucleus,Q8NFU5__7ec1dc2b8d34ae79,False,0,0.6802576308495578,Nucleus;Nucleus
P02675,Secreted,P02675__099d334605bfb4ed,False,0,0.680257171007964,Secreted;Secreted
Q86YT5,Membrane,Q86YT5__35aa22d6cddd672e,False,0,0.6799969473461639,Membrane;Membrane
Q9H0E9,Nucleus,Q9H0E9__6e98aa7bc4184b08,False,0,0.6796505859517454,Nucleus;Nucleus
O60741,Membrane,O60741__83227a96b390256f,False,0,0.6791899623961322,Membrane;Membrane
Q6UWT2,Secreted,Q6UWT2__bc988cc3f338d6e1,False,0,0.6784639828658052,Secreted;Secreted
P35498,Membrane,P35498__df512f038af3c758,False,0,0.6783296235252859,Membrane;Membrane
Q16534,Nucleus,Q16534__4f090f1df73edb9a,False,0,0.6773004291939215,Nucleus;Nucleus
Q8IYD8,Nucleus,Q8IYD8__719b0768a65b1a17,False,0,0.6766634020277893,Nucleus;Nucleus
P78371,Cytoplasm,P78371__a3b781856b0a8144,False,0,0.6757246014786062,Cytoplasm;Cytoplasm
Q9NVU0,Nucleus,Q9NVU0__56877a4d15fd926a,False,0,0.6745589706670765,Nucleus;Nucleus
Q86T26,Membrane,Q86T26__f9e95c6de6042583,False,0,0.6744247900792593,Membrane;Membrane
Q14202,Nucleus,Q14202__2d8e92b90ea07255,False,0,0.674346841306629,Nucleus;Nucleus
Q9Y6X5,Membrane,Q6UWR7__cefbb77774f62820,False,0,0.6733782284901728,Membrane;Membrane
Q13207,Nucleus,Q13207__adfc8e2e90887e70,False,0,0.6723563257268904,Nucleus;Nucleus
Q495A1,Membrane,Q495A1__22dc14d09647814c,True,0,0.670217040994137,Membrane;Membrane
Q9NR46,Cytoplasm,Q9NR46__8d3d5bc323dd4053,False,0,0.669428424650585,Cytoplasm;Cytoplasm
Q9Y2I2,Membrane,Q96CW9__da208c5ab31eae8b,False,0,0.6685976719130031,Membrane;Membrane
Q9Y4C2,Membrane,Q9Y4C2__97704802fe6eeda1,True,0,0.6685851233043218,Membrane;Membrane
Q9Y253,Nucleus,Q9Y253__bd58c0aff528af69,True,0,0.6684848983092344,Nucleus;Nucleus
Q8NAC3,Membrane,Q8NAC3__06ed51773a347aca,True,0,0.6680448726337493,Membrane;Membrane
P50135,Cytoplasm,P50135__3a30db52eac79e9b,False,0,0.667789879693754,Cytoplasm;Cytoplasm
O94864,Nucleus,O94864__f6b09aa6a4f5b67c,False,0,0.6677371383234946,Nucleus;Nucleus
Q9UGT4,Membrane,Q9UGT4__9d136142edc3006c,True,0,0.6664244294940498,Membrane;Membrane
Q96A35,Mitochondrion,Q96A35__719892d7179bc419,False,0,0.666374426244076,Mitochondrion;Mitochondrion
P39880,Nucleus,P39880__4a192b91f7ea673e,False,0,0.6657738358558831,Nucleus;Nucleus
Q14562,Nucleus,Q14562__1e8a0bd7316396f9,False,0,0.6656576548932684,Nucleus;Nucleus
Q6P4F7,Nucleus,Q6P4F7__5ed0ca7dee82fd42,False,0,0.6653879587645128,Nucleus;Nucleus
Q8N1G2,Nucleus,Q8N1G2__26826a16d738919c,False,0,0.6651221257753144,Nucleus;Nucleus
P01215,Secreted,P01215__3b00b149fb9cf76d,False,0,0.664813754869522,Secreted;Secreted
O75879,Mitochondrion,O75879__fbc57757d126479d,False,0,0.6648100542262585,Mitochondrion;Mitochondrion
Q9Y3B7,Mitochondrion,Q9Y3B7__19e32019f4b0e896,False,0,0.6644219345832418,Mitochondrion;Mitochondrion
O15514,Nucleus,O15514__b93a8364e2c5dd30,False,0,0.6643297405528458,Nucleus;Nucleus
Q9GZU8,Nucleus,Q9GZU8__951f2a8cac5a9ccf,False,0,0.6620939610879184,Nucleus;Nucleus
Q9Y2Y4,Nucleus,Q9Y2Y4__685ba56686cd9c9f,True,0,0.6615656438828783,Nucleus;Nucleus
Q9Y6E2,Cytoplasm,Q9Y6E2__3c8bbda540f760b4,False,0,0.660938630343446,Cytoplasm;Cytoplasm
P32418,Membrane,P32418__db3ee956b37e2f9f,False,0,0.6591224049880873,Membrane;Membrane
P09661,Nucleus,P09661__5c7a9717121a9109,False,0,0.6583715410490607,Nucleus;Nucleus
P20264,Nucleus,P20264__8467c6741f2857ca,False,0,0.6568737763913632,Nucleus;Nucleus
Q9H765,Cytoplasm,Q9H765__7f4164d7aabc012e,False,0,0.6560556501679061,Cytoplasm;Cytoplasm
P08514,Membrane,P08514__e85172b63418bae3,False,0,0.6559912245817966,Membrane;Membrane
Q6B0I6,Nucleus,Q6B0I6__5a63358615cb51a7,False,0,0.6556713247269486,Nucleus;Nucleus
Q8WV37,Nucleus,O60765__7991d51d11a01c75,False,0,0.6554173677971453,Nucleus;Nucleus
Q96KN4,Cytoplasm,Q96KN4__17229c832105841a,False,0,0.654915253193889,Cytoplasm;Cytoplasm
P20702,Membrane,P20702__ff28f3995e32b234,False,0,0.6525452619068205,Membrane;Membrane
O75486,Nucleus,O75486__575705e754a8553c,False,0,0.6513743744699858,Nucleus;Nucleus
Q9NP92,Mitochondrion,Q9NP92__fec04043948fe942,False,0,0.6507395595664552,Mitochondrion;Mitochondrion
Q8IXH8,Membrane,Q8IXH8__b46e7812a794e32a,False,0,0.650540518194681,Membrane;Membrane
Q13405,Mitochondrion,Q13405__96b6b14d746a301d,False,0,0.6504878985101865,Mitochondrion;Mitochondrion
Q969P6,Mitochondrion,Q969P6__870711ec3c49f0f0,False,0,0.6502846865937026,Mitochondrion;Mitochondrion
Q401N2,Membrane,Q401N2__e5364fe133458416,False,0,0.650265404833122,Membrane;Membrane
Q7Z410,Membrane,Q7Z410__daeef2c6081d449e,False,0,0.6500739750979176,Membrane;Membrane
Q9BYC8,Mitochondrion,Q9BYC8__56cddf47c1ee4458,False,0,0.6500652745750637,Mitochondrion;Mitochondrion
P28827,Membrane,P28827__df563f7892d7a8dd,True,0,0.649936459183841,Membrane;Membrane
Q9UNP9,Nucleus,Q9UNP9__89a8318ba55ab9ba,False,0,0.6496318529453562,Nucleus;Nucleus
Q9NZI5,Nucleus,Q8TE85__7d10818504bb7d32,False,0,0.6469251404228029,Nucleus;Nucleus
Q16576,Nucleus,Q16576__7754e9cd54f21012,False,0,0.6457807872041286,Nucleus;Nucleus
Q8WTT0,Membrane,Q6EIG7__4332a5c8f8f77e85,False,0,0.6454147523186844,Membrane;Membrane
P83111,Mitochondrion,P83111__bea3f92726a3dc44,False,0,0.6442845032619186,Mitochondrion;Mitochondrion
Q8N9M5,Membrane,Q8N9M5__c005eec0e2a5a33c,True,0,0.643722290355273,Membrane;Membrane
Q9NPF0,Membrane,Q9NPF0__3cb21f73f020b0f1,False,0,0.6424436532378572,Membrane;Membrane
Q8WXE1,Nucleus,Q8WXE1__650351c2cd5cf77e,True,0,0.6421500342205215,Nucleus;Nucleus
Q5XKR4,Nucleus,Q5XKR4__0abf048da7d74e19,False,0,0.6418394118234086,Nucleus;Nucleus
Q9Y210,Membrane,P48995__0b3c67de268a6557,False,0,0.6418265884814986,Membrane;Membrane
Q92956,Membrane,Q92956__eb434d71e396774b,False,0,0.6406298478105297,Membrane;Membrane
Q9ULJ3,Nucleus,Q9ULJ3__fea82979480a8292,True,0,0.639094407517125,Nucleus;Nucleus
Q15726,Secreted,Q15726__d5267e171e93b270,False,0,0.6362128128366595,Secreted;Secreted
Q9NZG7,Membrane,Q9NZG7__f76749dc37bf74ef,False,0,0.6360396458477477,Membrane;Membrane
P83916,Nucleus,P83916__5cf91f43af5d1678,True,0,0.6351582127788685,Nucleus;Nucleus
Q6P1M3,Cytoplasm,Q6P1M3__c3922a208f078429,True,0,0.6350327609420783,Cytoplasm;Cytoplasm
Q9H3T3,Membrane,Q9H3T3__0d9a14b1281286e4,False,0,0.6348005323453048,Membrane;Membrane
Q92637,Membrane,Q92637__1d85341bf49cdb7f,False,0,0.6347493530296643,Membrane;Membrane
O60293,Nucleus,O60293__8b297b34c62bc19c,True,0,0.6344510480311918,Nucleus;Nucleus
P83881,Cytoplasm,P83881__79f38bfbc7f5435e,False,0,0.631675905105552,Cytoplasm;Cytoplasm
Q9Y6F8,Nucleus,Q9Y6F8__4defde59a1d7277c,False,0,0.630958100110947,Nucleus;Nucleus
Q8NHV9,Nucleus,Q8NHV9__dd57e6b3d0594ec5,False,0,0.6304811118897635,Nucleus;Nucleus
O43827,Secreted,O43827__dd9273956c080a6c,False,0,0.628658704974654,Secreted;Secreted
Q9UL51,Membrane,Q9P1Z3__3e0e83c7902bf8cb,False,0,0.6282574334535906,Membrane;Membrane
Q96SI1,Nucleus,Q719H9__4823bde8c3d43195,False,0,0.6278352097521881,Nucleus;Nucleus
P08913,Membrane,O14804__e1509937826bd69d,False,0,0.6270864275203171,Membrane;Membrane
O94782,Nucleus,O94782__f35520aaf9cb6853,False,0,0.6265039676167681,Nucleus;Nucleus
Q9BWT3,Nucleus,Q9BWT3__4f5c6a85b6623c7d,False,0,0.6260565777496062,Nucleus;Nucleus
Q58WW2,Nucleus,Q58WW2__a81ceb2f0fd66bcd,False,0,0.6254282008892997,Nucleus;Nucleus
Q9UI32,Mitochondrion,Q9UI32__a7296309eecd4f50,False,0,0.6242269897629278,Mitochondrion;Mitochondrion
P62891,Cytoplasm,P62891__ee67430588c9d87b,False,0,0.6237249018184834,Cytoplasm;Cytoplasm
Q96JA1,Membrane,Q96JA1__ef96e420d4ceeb6b,False,0,0.6229106100699069,Membrane;Membrane
Q9ULI0,Nucleus,Q6PL18__7db2f33ffda54052,True,0,0.6215104974899717,Nucleus;Nucleus
Q32M45,Membrane,Q32M45__1509fe9c1f8bc231,True,0,0.6212257518280597,Membrane;Membrane
P40227,Cytoplasm,P40227__84f93c810a987631,False,0,0.6208959577489355,Cytoplasm;Cytoplasm
Q14320,Nucleus,Q14320__e7d25201fcb1a735,False,0,0.6203625419938217,Nucleus;Nucleus
Q6P1J9,Nucleus,Q6P1J9__8269b309beedd8ae,False,0,0.6202148309030493,Nucleus;Nucleus
P01574,Secreted,P01574__783298856c3779f3,False,0,0.6176493215796526,Secreted;Secreted
Q15916,Nucleus,Q15916__136343cc5f144193,False,0,0.6176232823756793,Nucleus;Nucleus
P84098,Cytoplasm,P84098__240407bea5b0c964,False,0,0.617372677194637,Cytoplasm;Cytoplasm
P54725,Nucleus,P54725__cc5c4c20c67dd011,False,0,0.6146773638944383,Nucleus;Nucleus
P42772,Cytoplasm,P42772__5ed6a8a4bcd54823,True,0,0.6134388013497177,Cytoplasm;Cytoplasm
Q9P1Z3,Membrane,Q9P1Z3__3e0e83c7902bf8cb,False,0,0.6133622244042161,Membrane;Membrane
Q9NZI7,Nucleus,Q12800__d7520ea932afc672,False,0,0.611919904693564,Nucleus;Nucleus
P67870,Nucleus,P67870__feabc8446b38eaba,False,0,0.6117556142000133,Nucleus;Nucleus
P32969,Cytoplasm,P32969__7a65806f0880dec8,False,0,0.6116263062277897,Cytoplasm;Cytoplasm
P59901,Membrane,P59901__6c29d8da608bde3f,False,0,0.6111190454820156,Membrane;Membrane
O43812,Nucleus,O43812__8b4b5a051fc5cc4b,True,0,0.6111085051815573,Nucleus;Nucleus
Q9UIB8,Membrane,Q9UIB8__54fbd30ada53cdab,False,0,0.6105727938655624,Membrane;Membrane
Q9UK05,Secreted,Q6KF10__73f870c569d62821,False,0,0.6100810570476078,Secreted;Secreted
Q9UQ84,Nucleus,Q9UQ84__4dabd517c63ce9df,True,0,0.608661803068195,Nucleus;Nucleus
Q9H892,Cytoplasm,Q9H892__e434b9022bf6208d,False,0,0.6085307621172931,Cytoplasm;Cytoplasm
Q96I25,Nucleus,Q96I25__861a96831cc35aaa,False,0,0.6080594578023435,Nucleus;Nucleus
P0DSE1,Membrane,P0DSE1__714768df614d4210,False,0,0.6080292062335679,Membrane;Membrane
Q9BT43,Nucleus,Q9BT43__7254a0e93197e082,False,0,0.6079958642577801,Nucleus;Nucleus
Q9BSM1,Nucleus,Q9BSM1__b404c21ce090fbbb,False,0,0.60750401254945,Nucleus;Nucleus
Q9Y666,Membrane,Q9Y666__f33463a6a3752ed3,False,0,0.606935778966426,Membrane;Membrane
Q99666,Cytoplasm,Q99666__e0e47132c6f0ebf9,False,0,0.606290805296889,Cytoplasm;Cytoplasm
Q92598,Cytoplasm,Q92598__b7f116dbf7508c69,False,0,0.6062592731448191,Cytoplasm;Cytoplasm
Q96CB8,Nucleus,Q96CB8__cdb8c037136728cb,False,0,0.6061617998612445,Nucleus;Nucleus
Q9NVE5,Cytoplasm,Q9NVE5__e11e06c9d2a77680,False,0,0.6058212973123229,Cytoplasm;Cytoplasm
Q13263,Nucleus,Q13263__38e03042644ff74e,True,0,0.6056013259978211,Nucleus;Nucleus
Q8IVS2,Mitochondrion,Q8IVS2__9cb270eee2ba31f3,False,0,0.6038463784209643,Mitochondrion;Mitochondrion
Q96QR8,Nucleus,Q96QR8__c7d89195be5dd577,False,0,0.6036858944858341,Nucleus;Nucleus
O95365,Nucleus,O95365__f4b03ff915640038,True,0,0.602778889763972,Nucleus;Nucleus
Q9GZM7,Secreted,Q9GZM7__ad196d8410e203de,False,0,0.6023857262793051,Secreted;Secreted
Q8N2E6,Secreted,Q8N2E6__5a39523224a7228e,False,0,0.6013870478959402,Secreted;Secreted
Q99250,Membrane,P35498__df512f038af3c758,False,0,0.6010847676121258,Membrane;Membrane
Q6UWR7,Membrane,Q6UWR7__cefbb77774f62820,True,0,0.600931574325377,Membrane;Membrane
O00411,Mitochondrion,O00411__e79aa9b4800713f4,False,0,0.6005644449449588,Mitochondrion;Mitochondrion
Q9ULD4,Nucleus,Q9ULD4__b60065cfc6bccc50,False,0,0.598297806892894,Nucleus;Nucleus
O75888,Secreted,O75888__5656de7cebd5e481,False,0,0.5960092830038575,Secreted;Secreted
Q8N423,Membrane,P59901__6c29d8da608bde3f,False,0,0.595449998356754,Membrane;Membrane
Q9H6T0,Nucleus,Q6NXG1__c40650b27746c7d9,False,0,0.5947708124952633,Nucleus;Nucleus
Q9UBX0,Nucleus,Q9UBX0__ee750875c2715763,False,0,0.593977801720316,Nucleus;Nucleus
P01037,Secreted,P01034__ae318b9c984ac982,False,0,0.5939106208257628,Secreted;Secreted
Q8IWT1,Membrane,Q8IWT1__d7ce1dae80ed5591,False,0,0.5938687338420421,Membrane;Membrane
P59942,Mitochondrion,P59942__b56238437b4c9b5e,False,0,0.5936393017129348,Mitochondrion;Mitochondrion
Q9UJW9,Nucleus,Q9UJW9__0bf77fa94a174ca9,False,0,0.5936044045026474,Nucleus;Nucleus
P32119,Cytoplasm,P32119__6dcb8680c8a9362b,False,0,0.5913467568204671,Cytoplasm;Cytoplasm
Q9UJC5,Nucleus,Q9UJC5__a30b2ef0d27f1b22,False,0,0.5910491978786239,Nucleus;Nucleus
Q9UFW8,Nucleus,Q9UFW8__dc79c4c8f868f39b,False,0,0.590523418899666,Nucleus;Nucleus
Q05481,Nucleus,Q05481__8a535449fe611d30,False,0,0.5896205309725251,Nucleus;Nucleus
Q9Y3D5,Mitochondrion,Q9Y3D5__c5232892f357ad77,False,0,0.5892351744751645,Mitochondrion;Mitochondrion
Q6P161,Mitochondrion,Q6P161__b2830f585d58f60b,False,0,0.5885256939908133,Mitochondrion;Mitochondrion
Q9H4Z3,Nucleus,Q9H4Z3__77937164a1cbeb98,False,0,0.5883301638778407,Nucleus;Nucleus
P37023,Membrane,O00238__ce1def7aae1584f1,False,0,0.5875684175980397,Membrane;Membrane
Q9H0A6,Cytoplasm,Q9H0A6__466bac8043394934,False,0,0.5873132462848156,Cytoplasm;Cytoplasm
Q9HCE5,Nucleus,Q9HCE5__cc77d21e8d797ca1,False,0,0.5863236146619786,Nucleus;Nucleus
Q969D9,Secreted,Q969D9__5e9c457073a540c0,False,0,0.5860105296169558,Secreted;Secreted
O95747,Cytoplasm,O95747__841f0c04e7ea6ae1,False,0,0.585908927994656,Cytoplasm;Cytoplasm
O43325,Nucleus,O43325__0fb0c2db89b2d16d,False,0,0.5857689338059195,Nucleus;Nucleus
Q9BZE1,Mitochondrion,Q9BZE1__c0ec5fa14b3adbf5,False,0,0.5856625620690981,Mitochondrion;Mitochondrion
P21709,Membrane,P21709__6aa120b03b6831f0,False,0,0.5852811428634841,Membrane;Membrane
Q8IYL3,Nucleus,Q8IYL3__98b932a21eea28ce,False,0,0.5850057196029838,Nucleus;Nucleus
Q9BRA2,Cytoplasm,Q9BRA2__84e24da1b0033317,False,0,0.5847906232476572,Cytoplasm;Cytoplasm
P82930,Mitochondrion,P82930__72ba5b40369af0c9,False,0,0.5839499725305304,Mitochondrion;Mitochondrion
Q92665,Mitochondrion,Q92665__81775b9124c18de2,False,0,0.5837685456746444,Mitochondrion;Mitochondrion
Q96D98,Nucleus,Q96D98__1b82135833fe631b,False,0,0.5815384066110423,Nucleus;Nucleus
Q7L266,Cytoplasm,Q7L266__64a9b3399e572b2a,True,0,0.581013956405876,Cytoplasm;Cytoplasm
Q9HD33,Mitochondrion,Q9HD33__a4ada16d69bc2ed9,False,0,0.5802933219935785,Mitochondrion;Mitochondrion
P20594,Membrane,P20594__fe3da7595d12a872,False,0,0.5793598385620591,Membrane;Membrane
Q96SD1,Nucleus,Q96SD1__f9d03f9d9280ef51,False,0,0.5783884019196264,Nucleus;Nucleus
Q96KS0,Nucleus,Q96KS0__337ff1ca94c9724a,False,0,0.5781051833976677,Nucleus;Nucleus
Q92620,Nucleus,Q92620__19b96d837c466400,False,0,0.5761956483686025,Nucleus;Nucleus
Q9BYH8,Nucleus,Q9BYH8__567f1b6fac303d44,True,0,0.5752825129543577,Nucleus;Nucleus
Q9BQ65,Nucleus,Q9BQ65__e879a668629c3b56,False,0,0.5746516624122554,Nucleus;Nucleus
Q6PHR2,Cytoplasm,Q6PHR2__069dcf65f46230dc,True,0,0.5742490314997808,Cytoplasm;Cytoplasm
Q9UNN5,Nucleus,Q9UNN5__07a8ea3dca80cbdd,False,0,0.5728612689147333,Nucleus;Nucleus
Q96G61,Cytoplasm,Q96G61__1e8838c9307a475b,False,0,0.5723844917632511,Cytoplasm;Cytoplasm
P32942,Membrane,P05362__c13e370f975e57b5,True,0,0.5715450099762207,Membrane;Membrane
Q16650,Nucleus,Q16650__f921596972a91b55,False,0,0.5707317801591718,Nucleus;Nucleus
Q5XPI4,Cytoplasm,Q5XPI4__c80b782eaa730a03,False,0,0.5700147067131828,Cytoplasm;Cytoplasm
Q9P0J6,Mitochondrion,Q9P0J6__5527ad582973ee22,False,0,0.569737061993497,Mitochondrion;Mitochondrion
Q6P2C8,Nucleus,Q6P2C8__2c4454362bb75ad9,False,0,0.5684044880528563,Nucleus;Nucleus
O15031,Membrane,O15031__fb1ede6db30917e4,False,0,0.5682810608585802,Membrane;Membrane
Q9H2W6,Mitochondrion,Q9H2W6__cbef5ade60cb4370,False,0,0.5679789263735416,Mitochondrion;Mitochondrion
Q9ULQ0,Cytoplasm,Q5VSL9__eac86d1dabd226fe,True,0,0.567584877653873,Cytoplasm;Cytoplasm
Q15848,Secreted,Q15848__0cd6bacadafe4991,False,0,0.5663283081878115,Secreted;Secreted
Q99622,Cytoplasm,Q99622__9016d21dfc9ba140,False,0,0.5654884545073391,Cytoplasm;Cytoplasm
Q15029,Nucleus,Q15029__2ab71d6a1c9e19d9,False,0,0.5653371771716545,Nucleus;Nucleus
Q9BU02,Cytoplasm,Q9BU02__5dc56f856b65ddee,False,0,0.5642564949596989,Cytoplasm;Cytoplasm
P18847,Nucleus,P18847__8a6387890eb4aede,False,0,0.560566403785344,Nucleus;Nucleus
P20823,Nucleus,P20823__32a0474d11528054,False,0,0.5601708368620204,Nucleus;Nucleus
Q14526,Nucleus,Q14526__f0d36330e4867626,False,0,0.5588051802494954,Nucleus;Nucleus
P10092,Secreted,P06881__c9996ffe4f3651e0,False,0,0.5582751130207855,Secreted;Secreted
Q96B02,Nucleus,Q96B02__47e2ed149f28fb0d,True,0,0.5564883345817545,Nucleus;Nucleus
Q8NHZ7,Nucleus,Q8NHZ7__5bf2cc60982bd5aa,False,0,0.5561342610225111,Nucleus;Nucleus
O60542,Secreted,O60542__a892a04d97f7c88d,False,0,0.5554030527453739,Secreted;Secreted
Q9NWU5,Mitochondrion,Q9NWU5__5d31839b9991c293,False,0,0.5552589365507494,Mitochondrion;Mitochondrion
Q9NWS8,Mitochondrion,Q9NWS8__f860f37662d80c13,True,0,0.5548882587269317,Mitochondrion;Mitochondrion
Q9BQ48,Mitochondrion,Q9BQ48__36069721b57df66d,False,0,0.5546864816908317,Mitochondrion;Mitochondrion
P49589,Cytoplasm,P49589__aaec77bda46be5ed,False,0,0.5538191777694158,Cytoplasm;Cytoplasm
Q9BW85,Nucleus,Q9BW85__c61c1cf957297490,False,0,0.5532128450099817,Nucleus;Nucleus
O43313,Nucleus,O43313__b13374e7d87928a3,True,0,0.5530210848690779,Nucleus;Nucleus
O75164,Nucleus,O75164__036a41d3c1505220,False,0,0.5499353247517853,Nucleus;Nucleus
Q9H2W2,Nucleus,Q9H2W2__e429e374f46bfdc2,False,0,0.548865277468513,Nucleus;Nucleus
P0DN86,Secreted,P0DN86__70afb5629af6fc2d,False,0,0.548554892112698,Secreted;Secreted
Q9NQ48,Cytoplasm,Q9NQ48__a455e040ff1f6e12,False,0,0.547476511710272,Cytoplasm;Cytoplasm
Q6P2P2,Cytoplasm,Q6P2P2__dc360328575b9e20,False,0,0.5474000558801148,Cytoplasm;Cytoplasm
Q719H9,Nucleus,Q719H9__4823bde8c3d43195,False,0,0.5451317737339971,Nucleus;Nucleus
O60343,Cytoplasm,O60343__8255116680484aaf,True,0,0.544983396885629,Cytoplasm;Cytoplasm
Q9ULV5,Nucleus,Q9ULV5__3ad3f5d5a84bbb10,False,0,0.5449064719367109,Nucleus;Nucleus
P62906,Cytoplasm,P62906__c05929923cf94434,False,0,0.544252786297247,Cytoplasm;Cytoplasm
O75840,Nucleus,O75840__f8987e9d58896091,False,0,0.5439516575988506,Nucleus;Nucleus
Q96PJ5,Membrane,Q96PJ5__eb7c7287fd045589,False,0,0.5430250320297948,Membrane;Membrane
P01033,Secreted,P01033__866c27f972bc3d5e,False,0,0.5429800529947888,Secreted;Secreted
O75629,Secreted,O75629__9260fc3cf309747a,False,0,0.5424723537801637,Secreted;Secreted
Q5BKX6,Membrane,Q5BKX6__746ae0c671c7ca1c,False,0,0.5418598311924316,Membrane;Membrane
Q13349,Membrane,P20702__ff28f3995e32b234,False,0,0.5404672371829262,Membrane;Membrane
Q9NRR1,Secreted,Q9NRR1__aaed36cd04b353b2,False,0,0.5395215715385853,Secreted;Secreted
Q9HCC8,Membrane,Q9HCC8__fd4c7fae17ed40e6,True,0,0.5379808850025272,Membrane;Membrane
Q9UBL9,Membrane,Q9UBL9__8d81dcbb879116c8,True,0,0.5371806889085697,Membrane;Membrane
P68400,Nucleus,P68400__f76d4444f84e1144,False,0,0.5371452138538672,Nucleus;Nucleus
Q6UB28,Mitochondrion,Q6UB28__d40c4fd9fd796126,False,0,0.5367116916185091,Mitochondrion;Mitochondrion
Q7Z5W3,Cytoplasm,Q7Z5W3__770f82bab4e2c7fc,False,0,0.5345321592669228,Cytoplasm;Cytoplasm
P62829,Cytoplasm,P62829__30128ffd0262c4bc,False,0,0.5333823565802875,Cytoplasm;Cytoplasm
Q06520,Cytoplasm,O43704__0a257f68bc492a36,False,0,0.5325355872837079,Cytoplasm;Cytoplasm
P26012,Membrane,P26012__3e4b96a0111a6270,False,0,0.5321162700279497,Membrane;Membrane
Q13705,Membrane,O00238__ce1def7aae1584f1,False,0,0.5308898601055982,Membrane;Membrane
O75529,Nucleus,O75529__4c7a3256f20fdfd1,False,0,0.5305218744777194,Nucleus;Nucleus
P48380,Nucleus,P48380__72c8566cf1631ad0,False,0,0.5291654405850548,Nucleus;Nucleus
Q9BRF8,Cytoplasm,Q9BRF8__0965084fa8180b66,False,0,0.5273524759410093,Cytoplasm;Cytoplasm
Q9NX02,Cytoplasm,P59046__bce6651626bc9258,False,0,0.5256463178923512,Cytoplasm;Cytoplasm
Q9H2U2,Mitochondrion,Q9H2U2__6302ad0aa4a7b354,False,0,0.5253432496689656,Mitochondrion;Mitochondrion
Q9NQ31,Nucleus,Q9NQ31__36c12fc89fdac11a,True,0,0.5244713358151523,Nucleus;Nucleus
Q9Y2R9,Mitochondrion,Q9Y2R9__94f3b91140e5afec,False,0,0.5231831972227435,Mitochondrion;Mitochondrion
Q9ULL4,Membrane,O15031__fb1ede6db30917e4,True,0,0.5220639236013199,Membrane;Membrane
Q96RU7,Nucleus,Q96RU7__8bdc14a6b150af25,False,0,0.5210826760349274,Nucleus;Nucleus
Q67FW5,Cytoplasm,Q67FW5__52f8d0d6179e55f8,False,0,0.5207504175839353,Cytoplasm;Cytoplasm
O60894,Membrane,O60894__9d33c57ebb30dfe8,False,0,0.5203245473413878,Membrane;Membrane
P22004,Secreted,P22004__a2a0367dc57ea9e6,False,0,0.5202943364598984,Secreted;Secreted
Q9H1Z4,Nucleus,Q9H1Z4__f59ab840dcdb6107,False,0,0.5193084670384074,Nucleus;Nucleus
P30876,Nucleus,P30876__c48f3d647590c9c6,False,0,0.5192053088645305,Nucleus;Nucleus
Q92989,Nucleus,Q92989__13359972a03c49d0,False,0,0.5187664992205605,Nucleus;Nucleus
Q14CW9,Nucleus,Q14CW9__a6118980ec10e0dd,False,0,0.517126632189732,Nucleus;Nucleus
Q13547,Nucleus,Q13547__7289cbc54521bc20,False,0,0.5163383954997789,Nucleus;Nucleus
P02679,Secreted,P02675__099d334605bfb4ed,False,0,0.516244694609821,Secreted;Secreted
Q9P2R7,Mitochondrion,Q9P2R7__36863a0cb546fd50,False,0,0.5146403557497925,Mitochondrion;Mitochondrion
Q5VWG9,Nucleus,Q5VWG9__fc46caa75551b658,False,0,0.5140008325005635,Nucleus;Nucleus
P15976,Nucleus,P15976__4d3e8af1c4da25a4,False,0,0.513871631813215,Nucleus;Nucleus
Q14190,Nucleus,Q14190__39bc8fc88591f7fa,False,0,0.5124472963893412,Nucleus;Nucleus
Q12962,Nucleus,Q12962__f7793c02114b18dd,False,0,0.5117379628132372,Nucleus;Nucleus
P24522,Nucleus,P24522__bdb9d62f213ffe11,False,0,0.5096780838362021,Nucleus;Nucleus
Q6UXB2,Secreted,Q6UXB2__7d6c22f49993ad6f,False,0,0.5087092039288423,Secreted;Secreted
O94888,Nucleus,O94888__085de6dc40e55665,False,0,0.5080340703310575,Nucleus;Nucleus
Q9HAW0,Nucleus,Q9HAW0__9ad4c07db22299e1,False,0,0.5078756620394735,Nucleus;Nucleus
O94813,Secreted,O94813__692c0d0821d7f871,True,0,0.5067635510947243,Secreted;Secreted
P00749,Secreted,P00749__075cd160a22e392a,True,0,0.5060661844512555,Secreted;Secreted
Q9NYS0,Cytoplasm,Q9NYS0__5b26344d9b9f8465,False,0,0.5057000000377252,Cytoplasm;Cytoplasm
Q13077,Cytoplasm,Q13077__26741763f4014375,False,0,0.5050015903309952,Cytoplasm;Cytoplasm
Q96LA6,Membrane,Q6DN72__7fe0764572d5ad4d,False,0,0.5038771338821668,Membrane;Membrane
Q6UB35,Mitochondrion,Q6UB35__152d4d0127c4e8c5,False,0,0.49903609681483607,Mitochondrion;Mitochondrion
Q9UP38,Membrane,Q9ULV1__c997d9577170e241,False,0,0.4986994030554764,Membrane;Membrane
O95256,Membrane,O95256__58467bc49eeba19f,False,0,0.497966340200806,Membrane;Membrane
Q2HXU8,Membrane,Q2HXU8__39ab1f6df19d4e4f,False,0,0.49641003595266053,Membrane;Membrane
Q9ULA0,Cytoplasm,Q9ULA0__5828f460e2f36cc5,False,0,0.49342788186732933,Cytoplasm;Cytoplasm
Q8TAT2,Secreted,Q8TAT2__e57800ffbe8c357e,False,0,0.49297344821434974,Secreted;Secreted
Q76N89,Cytoplasm,Q76N89__635fba771e0ef3b9,False,0,0.4927153987131991,Cytoplasm;Cytoplasm
P28340,Nucleus,P28340__5a6a46e27a550fe7,True,0,0.4901078829882688,Nucleus;Nucleus
Q9UGL1,Nucleus,P41229__2e18349d95d39c5d,False,0,0.48556087642172385,Nucleus;Nucleus
A6NLJ0,Nucleus,A6NLJ0__5cb0f0e07b9a47a5,False,0,0.48318328322747484,Nucleus;Nucleus
P21917,Membrane,O14804__e1509937826bd69d,False,0,0.48259924067732557,Membrane;Membrane
Q8WWY6,Nucleus,Q8WWY6__23edddf248a8476f,True,0,0.4825446615607941,Nucleus;Nucleus
Q8WVN8,Cytoplasm,Q8WVN8__21b74b7fd12be77a,False,0,0.48222102739961314,Cytoplasm;Cytoplasm
P62899,Cytoplasm,P62899__bdd26c0e5b8ad314,False,0,0.48216506732717523,Cytoplasm;Cytoplasm
Q2PPJ7,Cytoplasm,Q2PPJ7__976e202dc8b6e556,False,0,0.48083798533529387,Cytoplasm;Cytoplasm
P20062,Secreted,P20062__c099727d28087bde,False,0,0.48070449456282777,Secreted;Secreted
Q9Y3B4,Nucleus,Q9Y3B4__e88423a0d2a8a4d7,False,0,0.47842080481271,Nucleus;Nucleus
P16220,Nucleus,P16220__990558cfd6a93c01,False,0,0.4781378703109505,Nucleus;Nucleus
Q01094,Nucleus,Q01094__5eae297f66a780cb,False,0,0.4769075065400611,Nucleus;Nucleus
P01036,Secreted,P01034__ae318b9c984ac982,False,0,0.4765142208242062,Secreted;Secreted
Q86YH6,Mitochondrion,Q86YH6__cf70a43add10a4b7,False,0,0.4762164245265687,Mitochondrion;Mitochondrion
Q9H5Y7,Membrane,Q9H5Y7__d151d9158d254f1a,False,0,0.47564906864035605,Membrane;Membrane
O14717,Cytoplasm,O14717__29a0408ae03026a8,False,0,0.4745300373827266,Cytoplasm;Cytoplasm
P14784,Membrane,P14784__7b744774df6ab963,False,0,0.4724603669227956,Membrane;Membrane
P29508,Cytoplasm,P05121__85dcfe09ecc84ccb,True,0,0.4723105214906477,Cytoplasm;Cytoplasm
P51654,Membrane,P51654__77dfca719964bc76,False,0,0.47030914244228994,Membrane;Membrane
P49917,Nucleus,P49917__9bf9496809413419,False,0,0.4701430883587018,Nucleus;Nucleus
Q9C037,Cytoplasm,Q9C037__b8468b0c290980a7,False,0,0.46429754182530786,Cytoplasm;Cytoplasm
P17174,Cytoplasm,P17174__be94aa68fdcbc976,False,0,0.46426923933493336,Cytoplasm;Cytoplasm
Q9NWU1,Mitochondrion,Q9NWU1__cb55de96b77b57b6,False,0,0.46394104007608317,Mitochondrion;Mitochondrion
Q9H9V9,Cytoplasm,Q9H9V9__4b46f843574257e8,False,0,0.46383713587845055,Cytoplasm;Cytoplasm
O00329,Cytoplasm,O00329__f3c1cbb6ec13c808,False,0,0.46370372686875866,Cytoplasm;Cytoplasm
Q7L592,Mitochondrion,Q7L592__44c967dad58260d3,False,0,0.4605112400028171,Mitochondrion;Mitochondrion
Q8IW03,Mitochondrion,Q8IW03__b038339e58f1d94b,False,0,0.45994071179382645,Mitochondrion;Mitochondrion
Q8J025,Membrane,Q8J025__c02f41723cae8ee8,False,0,0.45942358022369334,Membrane;Membrane
Q9BVG3,Cytoplasm,Q9BVG3__40647b2197bdaf46,False,0,0.45883030974214173,Cytoplasm;Cytoplasm
Q6DN72,Membrane,Q6DN72__7fe0764572d5ad4d,False,0,0.45124482027457713,Membrane;Membrane
P18089,Membrane,O14804__e1509937826bd69d,True,0,0.4494788526760827,Membrane;Membrane
P13798,Cytoplasm,P13798__81346efbaf5f03e2,False,0,0.4473153466218739,Cytoplasm;Cytoplasm
Q8N4E7,Mitochondrion,Q8N4E7__c9ad66cfbe853c50,False,0,0.4453025360538666,Mitochondrion;Mitochondrion
Q9NYY1,Secreted,Q9NYY1__aa228f7dc1964b14,False,0,0.44362523403996446,Secreted;Secreted
Q9Y576,Cytoplasm,Q96DX5__ee08ee5b7b6cd3f8,False,0,0.44321769257136046,Cytoplasm;Cytoplasm
P0DSE2,Membrane,P0DSE2__53aa93e9702f6c89,False,0,0.4411492702070928,Membrane;Membrane
Q6ZRF8,Cytoplasm,Q6ZRF8__27da03edad1bfb74,True,0,0.44111043846682674,Cytoplasm;Cytoplasm
Q5TB30,Nucleus,Q5TB30__f267d3a9e03b0ed7,True,0,0.4391898244129703,Nucleus;Nucleus
Q03923,Nucleus,O60765__7991d51d11a01c75,False,0,0.4391703724626399,Nucleus;Nucleus
O15016,Nucleus,O15016__0a0afeaaa7ab0c60,True,0,0.43804232174780056,Nucleus;Nucleus
Q16514,Nucleus,Q16514__174422c750b1d491,False,0,0.43563082924158647,Nucleus;Nucleus
O60381,Nucleus,O60381__823f4c425d8a41fe,False,0,0.4335798691725934,Nucleus;Nucleus
Q14CZ7,Mitochondrion,Q14CZ7__710bc42b9dadc530,False,0,0.4326595339999413,Mitochondrion;Mitochondrion
P08729,Cytoplasm,P08729__3fb2c079d50065a6,False,0,0.43228114105446214,Cytoplasm;Cytoplasm
Q5EBM0,Mitochondrion,Q5EBM0__f0754ac19a4a33f0,True,0,0.43112589694299236,Mitochondrion;Mitochondrion
P08476,Secreted,P08476__562562e7f9ae9e5c,False,0,0.42990579480480723,Secreted;Secreted
O43914,Membrane,O43914__3b40e3f08803fe18,False,0,0.42577193605792085,Membrane;Membrane
Q14119,Nucleus,Q14119__d0d8c9453e49c836,False,0,0.4210115788506438,Nucleus;Nucleus
P48594,Cytoplasm,P05121__85dcfe09ecc84ccb,True,0,0.4209976157692353,Cytoplasm;Cytoplasm
P21695,Cytoplasm,P21695__f2064963afa2628e,False,0,0.4205790072742844,Cytoplasm;Cytoplasm
P06881,Secreted,P06881__c9996ffe4f3651e0,False,0,0.42035625632244433,Secreted;Secreted
Q63HM9,Cytoplasm,Q0VAA5__cb4d0563bfde4d28,False,0,0.42013622140481477,Cytoplasm;Cytoplasm
Q9BYV1,Mitochondrion,Q9BYV1__8bd3bf7389b1e0d5,False,0,0.4197639404280211,Mitochondrion;Mitochondrion
P00746,Secreted,P00746__89b6935d8d5a9980,False,0,0.41859071723722435,Secreted;Secreted
Q9Y2D0,Mitochondrion,P22748__62f5e1881b0efc28,False,0,0.4177524650822306,Mitochondrion;Mitochondrion
Q12800,Nucleus,Q12800__d7520ea932afc672,False,0,0.4172908445637277,Nucleus;Nucleus
P22466,Secreted,P22466__711ad45389af41d4,False,0,0.4165076019997807,Secreted;Secreted
Q6UWV6,Membrane,Q6UWR7__cefbb77774f62820,True,0,0.4138486301152605,Membrane;Membrane
Q9UKL0,Nucleus,Q9UKL0__c439463f0f8ad68e,True,0,0.4138465228473992,Nucleus;Nucleus
Q8NFP4,Membrane,Q8NFP4__1bc7051f96c241c5,True,0,0.41210233560709125,Membrane;Membrane
Q8N608,Membrane,P42658__ff334f5d70cd4390,False,0,0.41025850099712624,Membrane;Membrane
Q96CB9,Mitochondrion,Q96CB9__3fe2a0ba70d46d6a,False,0,0.4100984966197803,Mitochondrion;Mitochondrion
Q9H0U6,Mitochondrion,Q9H0U6__408805841ef75b6a,False,0,0.4063347719819824,Mitochondrion;Mitochondrion
Q9H5Z6,Nucleus,Q9H5Z6__1e8e80d11641b8c2,False,0,0.4002258969141136,Nucleus;Nucleus
Q86TW2,Mitochondrion,Q86TW2__07bcaa90ff5dd47e,False,0,0.3977518063263903,Mitochondrion;Mitochondrion
O75648,Mitochondrion,O75648__d4965f1d9df617bd,False,0,0.39744798377959834,Mitochondrion;Mitochondrion
Q9H813,Membrane,Q9H813__72d31cdc13f4466a,False,0,0.3968381548696179,Membrane;Membrane
P20809,Secreted,P20809__7cd7c7638f98ebb5,False,0,0.39242749862314097,Secreted;Secreted
Q4G0N4,Mitochondrion,Q4G0N4__8cad00734c2ca8d6,False,0,0.39047254543021104,Mitochondrion;Mitochondrion
Q8NCU7,Nucleus,A6NLJ0__5cb0f0e07b9a47a5,False,0,0.38516154137601266,Nucleus;Nucleus
P43353,Membrane,P43353__9d5cb84cfc3c9ab6,True,0,0.3835262802290359,Membrane;Membrane
Q9UK59,Nucleus,Q9UK59__192c25bacd9f4174,False,0,0.3823591203047886,Nucleus;Nucleus
Q60I27,Cytoplasm,Q60I27__06aa492b78ab9534,True,0,0.3810200458858324,Cytoplasm;Cytoplasm
Q86YA3,Nucleus,Q86YA3__bcca471ca12eb313,False,0,0.37987475243225755,Nucleus;Nucleus
Q5H943,Membrane,Q5H943__3ee1f6279c767c18,False,0,0.37580067193836986,Membrane;Membrane
P51857,Cytoplasm,P42330__7a787644dd8d6e14,False,0,0.365609014622139,Cytoplasm;Cytoplasm
Q5QGZ9,Membrane,Q2HXU8__39ab1f6df19d4e4f,True,0,0.36473097986242514,Membrane;Membrane
Q9BUI4,Nucleus,Q9BUI4__8602d83feb45a3da,False,0,0.3618211088859359,Nucleus;Nucleus
Q6NXG1,Nucleus,Q6NXG1__c40650b27746c7d9,False,0,0.3610808906116581,Nucleus;Nucleus
P51575,Membrane,P51575__47a7ae3585219f3b,True,0,0.35822643672373283,Membrane;Membrane
Q6B8I1,Cytoplasm,Q6B8I1__8a955620c69b0413,False,0,0.3540805843833964,Cytoplasm;Cytoplasm
P29762,Cytoplasm,P29762__a64c0d195d0992a4,False,0,0.35221793224294085,Cytoplasm;Cytoplasm
Q96S96,Secreted,Q96S96__7a75c7c3a9756d0c,False,0,0.3457834947237063,Secreted;Secreted
Q8WUU5,Nucleus,Q8WUU5__5335d0f6ad36e2b4,False,0,0.3431707418183474,Nucleus;Nucleus
P09471,Membrane,A8MTJ3__69d69c3bddc7e9c1,True,0,0.34068225285590203,Membrane;Membrane
Q96EY7,Mitochondrion,Q96EY7__8fbf1fe9d2a159a1,False,0,0.3267221726573253,Mitochondrion;Mitochondrion
Q53H96,Cytoplasm,P32322__79ab6363b181f29c,False,0,0.28104329506646664,Cytoplasm;Cytoplasm
