A0A0J9YXV3__d597bde492fb1c45	A0A0J9YXV3__d597bde492fb1c45	1.000	1.000	1.000
B3EWF7__c8d1f7a00eed9479	B3EWF7__c8d1f7a00eed9479	1.000	1.000	1.000
O14508__241ae67053df7934	O14508__241ae67053df7934	1.000	1.000	1.000
O15514__b93a8364e2c5dd30	O15514__b93a8364e2c5dd30	1.000	1.000	1.000
O60381__823f4c425d8a41fe	O60381__823f4c425d8a41fe	1.000	1.000	1.000
O75528__4cdc691f5f90430b	O75528__4cdc691f5f90430b	1.000	1.000	1.000
O95104__b4a4c7cbf2849d75	O95104__b4a4c7cbf2849d75	1.000	1.000	1.000
P00746__89b6935d8d5a9980	P00746__89b6935d8d5a9980	1.000	1.000	1.000
P00746__89b6935d8d5a9980	P08217__5543f0f8a802244a	0.338	0.960	0.959
P00746__89b6935d8d5a9980	P49862__5b53998b1d5bcc3f	0.314	0.901	0.874
P03971__9fa684b46d688b88	P03971__9fa684b46d688b88	1.000	1.000	1.000
P08514__e85172b63418bae3	P08514__e85172b63418bae3	1.000	1.000	1.000
P0DP91__32b5eef86f6e9135	P0DP91__32b5eef86f6e9135	1.000	1.000	1.000
P13647__d36394100dfde016	P13647__d36394100dfde016	1.000	1.000	1.000
P13647__d36394100dfde016	P35908__498340be977df962	0.619	0.949	0.881
P18089__f7c20e2753a4a7f6	P18089__f7c20e2753a4a7f6	1.000	1.000	1.000
P18089__f7c20e2753a4a7f6	P08913__0153dbebb226a1e5	0.529	0.973	0.897
P18089__f7c20e2753a4a7f6	P21917__9a2657fa53c20731	0.340	0.960	0.914
P18089__f7c20e2753a4a7f6	P35462__0c28b2bbcd26288e	0.323	0.933	0.900
P22004__a2a0367dc57ea9e6	P22004__a2a0367dc57ea9e6	1.000	1.000	1.000
P28069__9be83bf755658249	P28069__9be83bf755658249	1.000	1.000	1.000
P30876__c48f3d647590c9c6	P30876__c48f3d647590c9c6	1.000	1.000	1.000
P35398__c904032d7c1bef63	P35398__c904032d7c1bef63	1.000	1.000	1.000
P35398__c904032d7c1bef63	P51449__262c7bcde1c36598	0.498	0.885	0.965
P41594__d490de2ba2e67deb	P41594__d490de2ba2e67deb	1.000	1.000	1.000
P47914__b2b85d74d504b25e	P47914__b2b85d74d504b25e	1.000	1.000	1.000
P50914__2f26259a08c5abee	P50914__2f26259a08c5abee	1.000	1.000	1.000
P54920__5aa777c73f3504c6	P54920__5aa777c73f3504c6	1.000	1.000	1.000
P61964__90075634f6e58f79	P61964__90075634f6e58f79	1.000	1.000	1.000
P61964__90075634f6e58f79	Q86VZ2__55879b07085b8876	0.852	0.997	0.997
P61964__90075634f6e58f79	Q96DI7__0a8e64eb27c51a97	0.343	0.859	0.812
P80108__dec71ab33eb3c59f	P80108__dec71ab33eb3c59f	1.000	1.000	1.000
Q01726__c48e7174ffe180f6	Q01726__c48e7174ffe180f6	1.000	1.000	1.000
Q01726__c48e7174ffe180f6	Q01718__50fc802bf9cb11dd	0.407	0.890	0.923
Q10571__ed9070dfffbddc30	Q10571__ed9070dfffbddc30	1.000	1.000	1.000
Q13324__bc83813559fe7be3	Q13324__bc83813559fe7be3	1.000	1.000	1.000
Q13324__bc83813559fe7be3	P34998__d606ec68b032c7d9	0.745	0.905	0.896
Q13324__bc83813559fe7be3	P43220__8cd3cf61857825c3	0.301	0.871	0.823
Q14197__aac4ef3550b6534e	Q14197__aac4ef3550b6534e	1.000	1.000	1.000
Q15072__3c9d10a4042acace	Q15072__3c9d10a4042acace	1.000	1.000	1.000
Q16540__d1f4570deb1782c5	Q16540__d1f4570deb1782c5	1.000	1.000	1.000
Q2TAK8__cae3f40bf1fdd386	Q2TAK8__cae3f40bf1fdd386	1.000	1.000	1.000
Q53TQ3__c40027ea332393a0	Q53TQ3__c40027ea332393a0	1.000	1.000	1.000
Q5T4W7__3eb322d0bc238b69	Q5T4W7__3eb322d0bc238b69	1.000	1.000	1.000
Q67FW5__52f8d0d6179e55f8	Q67FW5__52f8d0d6179e55f8	1.000	1.000	1.000
Q6P2C8__2c4454362bb75ad9	Q6P2C8__2c4454362bb75ad9	1.000	1.000	1.000
Q6UWV6__2bea97621a03eab7	Q6UWV6__2bea97621a03eab7	1.000	1.000	1.000
Q6UWV6__2bea97621a03eab7	Q6UWR7__cefbb77774f62820	0.312	0.904	0.959
Q70Z53__d63f7b85d457e344	Q70Z53__d63f7b85d457e344	1.000	1.000	1.000
Q7Z5A8__7f17a1d096f03c2d	Q7Z5A8__7f17a1d096f03c2d	1.000	1.000	1.000
Q7Z5A8__7f17a1d096f03c2d	Q7Z5A7__79972210f3b53fed	0.436	0.820	0.826
Q86VZ6__48ef0260d9cca576	Q86VZ6__48ef0260d9cca576	1.000	1.000	1.000
Q8IWT1__d7ce1dae80ed5591	Q8IWT1__d7ce1dae80ed5591	1.000	1.000	1.000
Q8N1F8__581f95c5e885f736	Q8N1F8__581f95c5e885f736	1.000	1.000	1.000
Q8N895__10aca9a2d5ea0395	Q8N895__10aca9a2d5ea0395	1.000	1.000	1.000
Q8NFD5__19e226010e8e9732	Q8NFD5__19e226010e8e9732	1.000	1.000	1.000
Q8NFD5__19e226010e8e9732	O14497__1bd87af767bfd8e1	0.527	0.870	0.947
Q8TDR4__6eb6155b22bada6a	Q8TDR4__6eb6155b22bada6a	1.000	1.000	1.000
Q8WWQ0__c341a586dd02618a	Q8WWQ0__c341a586dd02618a	1.000	1.000	1.000
Q92989__13359972a03c49d0	Q92989__13359972a03c49d0	1.000	1.000	1.000
Q96C10__c9e670cb8f8b21cc	Q96C10__c9e670cb8f8b21cc	1.000	1.000	1.000
Q96HY7__7b4d6f55b9377116	Q96HY7__7b4d6f55b9377116	1.000	1.000	1.000
Q96LA9__b3086793d63b07c4	Q96LA9__b3086793d63b07c4	1.000	1.000	1.000
Q96LA9__b3086793d63b07c4	Q8TDS7__40913e0ac413cfda	0.427	0.947	0.966
Q96LA9__b3086793d63b07c4	Q86SM8__570aefc87f2c673f	0.381	0.888	0.904
Q96LA9__b3086793d63b07c4	P04201__f104c7b186d2a003	0.388	0.811	0.812
Q96RP3__ecf327b776d9d149	Q96RP3__ecf327b776d9d149	1.000	1.000	1.000
Q99958__92d956e2a58c2911	Q99958__92d956e2a58c2911	1.000	1.000	1.000
Q99958__92d956e2a58c2911	Q12948__61c1fa2212fc2637	0.488	1.000	1.000
Q9BSH3__7c82846ba8c24845	Q9BSH3__7c82846ba8c24845	1.000	1.000	1.000
Q9BWT3__4f5c6a85b6623c7d	Q9BWT3__4f5c6a85b6623c7d	1.000	1.000	1.000
Q9BYP7__82466a06c4e3e255	Q9BYP7__82466a06c4e3e255	1.000	1.000	1.000
Q9H0E3__1b546d10381c8972	Q9H0E3__1b546d10381c8972	1.000	1.000	1.000
Q9H425__d7ef281fa57d44ac	Q9H425__d7ef281fa57d44ac	1.000	1.000	1.000
Q9H999__d211f724098edc87	Q9H999__d211f724098edc87	1.000	1.000	1.000
Q9HCE6__37f43577c2a13928	Q9HCE6__37f43577c2a13928	1.000	1.000	1.000
Q9NQR4__693ea6e2e77a9130	Q9NQR4__693ea6e2e77a9130	1.000	1.000	1.000
Q9NVE5__e11e06c9d2a77680	Q9NVE5__e11e06c9d2a77680	1.000	1.000	1.000
Q9NYY1__aa228f7dc1964b14	Q9NYY1__aa228f7dc1964b14	1.000	1.000	1.000
Q9P2W1__3f1011cf51dd860a	Q9P2W1__3f1011cf51dd860a	1.000	1.000	1.000
Q9UHH9__843acbe94d180235	Q9UHH9__843acbe94d180235	1.000	1.000	1.000
Q9UHH9__843acbe94d180235	Q96PC2__1e701f49d8ee0a98	0.456	0.955	0.961
Q9UKI8__8337c49698178115	Q9UKI8__8337c49698178115	1.000	1.000	1.000
Q9UNK4__6f6cf4d5dac82d09	Q9UNK4__6f6cf4d5dac82d09	1.000	1.000	1.000
Q9Y2T6__6b08229612dbd4b3	Q9Y2T6__6b08229612dbd4b3	1.000	1.000	1.000
Q9Y2T6__6b08229612dbd4b3	P43657__4ae30283a4f540c0	0.305	0.922	0.866
Q9Y535__2238aede09bf48a6	Q9Y535__2238aede09bf48a6	1.000	1.000	1.000
A0A455ZAR2__43fa6fb09e945e8c	A0A455ZAR2__43fa6fb09e945e8c	1.000	1.000	1.000
B4DJY2__913b0e2aa0911f1e	B4DJY2__913b0e2aa0911f1e	1.000	1.000	1.000
O14561__43aa1cdb7bb3efd8	O14561__43aa1cdb7bb3efd8	1.000	1.000	1.000
O15525__848926de4fea3f65	O15525__848926de4fea3f65	1.000	1.000	1.000
O60393__6a17e447bf507b58	O60393__6a17e447bf507b58	1.000	1.000	1.000
O75529__4c7a3256f20fdfd1	O75529__4c7a3256f20fdfd1	1.000	1.000	1.000
O95136__c3a6a518836c96f9	O95136__c3a6a518836c96f9	1.000	1.000	1.000
P00749__075cd160a22e392a	P00749__075cd160a22e392a	1.000	1.000	1.000
P03973__b40fc18e239d0f71	P03973__b40fc18e239d0f71	1.000	1.000	1.000
P03973__b40fc18e239d0f71	Q14508__7f9465ae51d2345d	0.346	0.902	0.887
P08579__1122100e71d6fd77	P08579__1122100e71d6fd77	1.000	1.000	1.000
P0DPB3__6f8b145425aa8901	P0DPB3__6f8b145425aa8901	1.000	1.000	1.000
P13693__9b5443243bb94144	P13693__9b5443243bb94144	1.000	1.000	1.000
P18124__92301e7942af8946	P18124__92301e7942af8946	1.000	1.000	1.000
P22460__7ad0211f6f185626	P22460__7ad0211f6f185626	1.000	1.000	1.000
P28221__53403167dff491de	P28221__53403167dff491de	1.000	1.000	1.000
P28221__53403167dff491de	P28222__0bc8c4af6f71c065	0.670	0.902	0.877
P28221__53403167dff491de	P28566__c72476c90452dd73	0.486	0.936	0.975
P28221__53403167dff491de	P30939__77171773a772e53d	0.504	0.894	0.937
P28221__53403167dff491de	P47898__d2f2f70ece4e1535	0.357	0.844	0.835
P28221__53403167dff491de	P08913__0153dbebb226a1e5	0.312	0.958	0.942
P28221__53403167dff491de	P35462__0c28b2bbcd26288e	0.347	0.854	0.895
P28221__53403167dff491de	Q96RI8__77bd7606321e3be5	0.316	0.846	0.812
P28221__53403167dff491de	Q969N4__61e9d52c3c05ae5d	0.304	0.854	0.827
P28221__53403167dff491de	O14804__e1509937826bd69d	0.303	0.897	0.869
P30939__77171773a772e53d	P30939__77171773a772e53d	1.000	1.000	1.000
P30939__77171773a772e53d	P28566__c72476c90452dd73	0.588	0.937	0.934
P30939__77171773a772e53d	P28222__0bc8c4af6f71c065	0.504	0.948	0.879
P30939__77171773a772e53d	P28221__53403167dff491de	0.488	0.937	0.894
P30939__77171773a772e53d	P47898__d2f2f70ece4e1535	0.362	0.872	0.821
P30939__77171773a772e53d	P35462__0c28b2bbcd26288e	0.324	0.885	0.885
P30939__77171773a772e53d	Q96RI8__77bd7606321e3be5	0.303	0.880	0.803
P30939__77171773a772e53d	Q969N4__61e9d52c3c05ae5d	0.303	0.880	0.810
P35414__7c44a5c602ed3747	P35414__7c44a5c602ed3747	1.000	1.000	1.000
P35414__7c44a5c602ed3747	P49685__ff8330db71d2cd9a	0.312	0.837	0.856
P35414__7c44a5c602ed3747	O00155__fe488629acdd126c	0.338	0.811	0.825
P35414__7c44a5c602ed3747	P30550__65221c4df869b796	0.301	0.800	0.802
P41597__7a8225f899d150ae	P41597__7a8225f899d150ae	1.000	1.000	1.000
P41597__7a8225f899d150ae	P32246__420451b14360d287	0.587	0.818	0.882
P41597__7a8225f899d150ae	P49238__b66b51e686863856	0.463	0.816	0.862
P41597__7a8225f899d150ae	O00421__d840712ed2c46605	0.398	0.853	0.936
P48048__177f175612408c3c	P48048__177f175612408c3c	1.000	1.000	1.000
P51398__52e37428d9af8b8d	P51398__52e37428d9af8b8d	1.000	1.000	1.000
P55000__1ed5dbcca3376bd8	P55000__1ed5dbcca3376bd8	1.000	1.000	1.000
P62068__5a493265982c1b4b	P62068__5a493265982c1b4b	1.000	1.000	1.000
P81172__a14bae8ad7c75504	P81172__a14bae8ad7c75504	1.000	1.000	1.000
Q02078__3449861bcd30cfd2	Q02078__3449861bcd30cfd2	1.000	1.000	1.000
Q02078__3449861bcd30cfd2	Q14814__9645fa2aedb8904c	0.524	0.998	0.996
Q12791__d4e6b670eb793c48	Q12791__d4e6b670eb793c48	1.000	1.000	1.000
Q13349__1d60ed428e52aa74	Q13349__1d60ed428e52aa74	1.000	1.000	1.000
Q13349__1d60ed428e52aa74	P20702__ff28f3995e32b234	0.656	0.988	0.989
Q14202__2d8e92b90ea07255	Q14202__2d8e92b90ea07255	1.000	1.000	1.000
Q15116__c0f5745899a44e73	Q15116__c0f5745899a44e73	1.000	1.000	1.000
Q16543__e0a1e3bbc5ec7fb1	Q16543__e0a1e3bbc5ec7fb1	1.000	1.000	1.000
Q2TBE0__c89391d6b8fd843f	Q2TBE0__c89391d6b8fd843f	1.000	1.000	1.000
Q569K4__8b12a0d40df09f40	Q569K4__8b12a0d40df09f40	1.000	1.000	1.000
Q5T653__bc87ed01f43457fe	Q5T653__bc87ed01f43457fe	1.000	1.000	1.000
Q68CK6__c0d92f3bb9f559c1	Q68CK6__c0d92f3bb9f559c1	1.000	1.000	1.000
Q6P2P2__dc360328575b9e20	Q6P2P2__dc360328575b9e20	1.000	1.000	1.000
Q6UWY5__539a40ad48a9fcda	Q6UWY5__539a40ad48a9fcda	1.000	1.000	1.000
Q6UWY5__539a40ad48a9fcda	Q9NRN5__74758b180219835c	0.330	0.973	0.983
Q719H9__4823bde8c3d43195	Q719H9__4823bde8c3d43195	1.000	1.000	1.000
Q719H9__4823bde8c3d43195	Q96SI1__38f01d9bbd18a61f	0.797	1.000	0.908
Q7Z5A9__d9463d93487ed57e	Q7Z5A9__d9463d93487ed57e	1.000	1.000	1.000
Q7Z5A9__d9463d93487ed57e	Q96LR4__af763949232d515a	0.619	0.910	0.864
Q86WA6__3983ea3943466eb3	Q86WA6__3983ea3943466eb3	1.000	1.000	1.000
Q8IWT3__d6925cf18d76f136	Q8IWT3__d6925cf18d76f136	1.000	1.000	1.000
Q8N1G1__a0b16eab8b7a0624	Q8N1G1__a0b16eab8b7a0624	1.000	1.000	1.000
Q8N8E2__59bfc6531fe1ff86	Q8N8E2__59bfc6531fe1ff86	1.000	1.000	1.000
Q8NFH8__d00e168508f52532	Q8NFH8__d00e168508f52532	1.000	1.000	1.000
Q8TDS4__82d815907e654032	Q8TDS4__82d815907e654032	1.000	1.000	1.000
Q8TDS4__82d815907e654032	P49019__0176c827199dd0c3	0.953	0.997	0.935
Q8TDS4__82d815907e654032	Q9BXC0__c32755f7cf88545d	0.558	0.871	0.902
Q8TDS4__82d815907e654032	O00270__7a37ad394cf633ae	0.351	0.835	0.953
Q8WWT9__fcc1afe1cc24d326	Q8WWT9__fcc1afe1cc24d326	1.000	1.000	1.000
Q8WWT9__fcc1afe1cc24d326	Q86YT5__35aa22d6cddd672e	0.488	0.937	0.965
Q92995__99778274bbe62d07	Q92995__99778274bbe62d07	1.000	1.000	1.000
Q96CB8__cdb8c037136728cb	Q96CB8__cdb8c037136728cb	1.000	1.000	1.000
Q96I13__bc7d79dd5a55a605	Q96I13__bc7d79dd5a55a605	1.000	1.000	1.000
Q96LB8__524cae95ca152ae1	Q96LB8__524cae95ca152ae1	1.000	1.000	1.000
Q96LB8__524cae95ca152ae1	Q96LB9__176cec8b31231639	0.618	0.997	0.991
Q96RU7__8bdc14a6b150af25	Q96RU7__8bdc14a6b150af25	1.000	1.000	1.000
Q99967__dcba6138112bfbef	Q99967__dcba6138112bfbef	1.000	1.000	1.000
Q9BSH4__57a176b7d7e4dbc3	Q9BSH4__57a176b7d7e4dbc3	1.000	1.000	1.000
Q9BWV1__fe134c59019cdd17	Q9BWV1__fe134c59019cdd17	1.000	1.000	1.000
Q9BYV1__8bd3bf7389b1e0d5	Q9BYV1__8bd3bf7389b1e0d5	1.000	1.000	1.000
Q9H0E9__6e98aa7bc4184b08	Q9H0E9__6e98aa7bc4184b08	1.000	1.000	1.000
Q9H469__eb82f4252bce35e6	Q9H469__eb82f4252bce35e6	1.000	1.000	1.000
Q9H9A7__4de31be25c5d14ec	Q9H9A7__4de31be25c5d14ec	1.000	1.000	1.000
Q9HCE9__18545f7c50cad011	Q9HCE9__18545f7c50cad011	1.000	1.000	1.000
Q9NQS5__cac11874e46fc669	Q9NQS5__cac11874e46fc669	1.000	1.000	1.000
Q9NVR2__98ff513316f894ee	Q9NVR2__98ff513316f894ee	1.000	1.000	1.000
Q9NZ71__c879d1c7d56c7a1e	Q9NZ71__c879d1c7d56c7a1e	1.000	1.000	1.000
Q9P2Y4__4956b15946139c43	Q9P2Y4__4956b15946139c43	1.000	1.000	1.000
Q9UHI7__09fc272e7ed19017	Q9UHI7__09fc272e7ed19017	1.000	1.000	1.000
Q9UHI7__09fc272e7ed19017	Q9UGH3__9cab313b7f1f3a8c	0.685	0.908	0.834
Q9UKL0__c439463f0f8ad68e	Q9UKL0__c439463f0f8ad68e	1.000	1.000	1.000
Q9UNL4__0fc2295702046f1a	Q9UNL4__0fc2295702046f1a	1.000	1.000	1.000
Q9UNL4__0fc2295702046f1a	Q9H160__230f88e6fa570ee7	0.357	0.976	0.850
Q9Y2U9__b88510cec6dd93d1	Q9Y2U9__b88510cec6dd93d1	1.000	1.000	1.000
Q9Y575__f7e723e4c3525d55	Q9Y575__f7e723e4c3525d55	1.000	1.000	1.000
A0A7P0TBJ1__f59caf3f1c853477	A0A7P0TBJ1__f59caf3f1c853477	1.000	1.000	1.000
B6A8C7__c24b03d9d13d754f	B6A8C7__c24b03d9d13d754f	1.000	1.000	1.000
O14594__d590831a39213f0b	O14594__d590831a39213f0b	1.000	1.000	1.000
O15552__4a47759801962a00	O15552__4a47759801962a00	1.000	1.000	1.000
O60477__d0ec85c4004efa9d	O60477__d0ec85c4004efa9d	1.000	1.000	1.000
O75563__6c7995a9ca23c11b	O75563__6c7995a9ca23c11b	1.000	1.000	1.000
O95180__a64a69646209bd70	O95180__a64a69646209bd70	1.000	1.000	1.000
P00995__2f17f5ddb7fe12bb	P00995__2f17f5ddb7fe12bb	1.000	1.000	1.000
P04053__8e23a70b73243601	P04053__8e23a70b73243601	1.000	1.000	1.000
P08709__16e201eb49237f10	P08709__16e201eb49237f10	1.000	1.000	1.000
P08709__16e201eb49237f10	P00740__32f5d032de97ea22	0.407	0.871	0.926
P0DPK3__e4ebf6e260dae1c7	P0DPK3__e4ebf6e260dae1c7	1.000	1.000	1.000
P0DPK3__e4ebf6e260dae1c7	P0DPK4__8733a0e45cdf0631	0.968	0.938	0.874
P13798__81346efbaf5f03e2	P13798__81346efbaf5f03e2	1.000	1.000	1.000
P18621__f05152d5b98d6118	P18621__f05152d5b98d6118	1.000	1.000	1.000
P22466__711ad45389af41d4	P22466__711ad45389af41d4	1.000	1.000	1.000
P28222__0bc8c4af6f71c065	P28222__0bc8c4af6f71c065	1.000	1.000	1.000
P28222__0bc8c4af6f71c065	P28221__53403167dff491de	0.670	0.877	0.902
P28222__0bc8c4af6f71c065	P30939__77171773a772e53d	0.482	0.918	0.978
P28222__0bc8c4af6f71c065	P28566__c72476c90452dd73	0.476	0.908	0.975
P28222__0bc8c4af6f71c065	P47898__d2f2f70ece4e1535	0.373	0.849	0.866
P28222__0bc8c4af6f71c065	P08913__0153dbebb226a1e5	0.306	0.956	0.938
P28222__0bc8c4af6f71c065	P35462__0c28b2bbcd26288e	0.328	0.831	0.895
P28222__0bc8c4af6f71c065	Q96RI8__77bd7606321e3be5	0.320	0.815	0.803
P28222__0bc8c4af6f71c065	Q969N4__61e9d52c3c05ae5d	0.314	0.815	0.807
P30988__eef79041ae0d751b	P30988__eef79041ae0d751b	1.000	1.000	1.000
P30988__eef79041ae0d751b	Q16602__0570c5d169e261bd	0.609	0.859	0.883
P35462__0c28b2bbcd26288e	P35462__0c28b2bbcd26288e	1.000	1.000	1.000
P35462__0c28b2bbcd26288e	P21917__9a2657fa53c20731	0.395	0.900	0.888
P35462__0c28b2bbcd26288e	P28221__53403167dff491de	0.346	0.897	0.857
P35462__0c28b2bbcd26288e	P08913__0153dbebb226a1e5	0.337	0.995	0.948
P35462__0c28b2bbcd26288e	P18089__f7c20e2753a4a7f6	0.315	0.900	0.933
P35462__0c28b2bbcd26288e	P28222__0bc8c4af6f71c065	0.326	0.900	0.836
P35462__0c28b2bbcd26288e	P30939__77171773a772e53d	0.320	0.918	0.915
P35462__0c28b2bbcd26288e	P28566__c72476c90452dd73	0.314	0.885	0.882
P35462__0c28b2bbcd26288e	P47898__d2f2f70ece4e1535	0.322	0.890	0.840
P42081__c77548b43927c4f8	P42081__c77548b43927c4f8	1.000	1.000	1.000
P48061__97c345aa7c221c00	P48061__97c345aa7c221c00	1.000	1.000	1.000
P51449__262c7bcde1c36598	P51449__262c7bcde1c36598	1.000	1.000	1.000
P51449__262c7bcde1c36598	P35398__c904032d7c1bef63	0.500	0.965	0.885
P55081__c09e4f810766bef2	P55081__c09e4f810766bef2	1.000	1.000	1.000
P62079__729dd94688bb1a56	P62079__729dd94688bb1a56	1.000	1.000	1.000
P62079__729dd94688bb1a56	Q8NG11__40ddbdc4e1864e54	0.590	0.974	0.967
P82650__cb34554f21906984	P82650__cb34554f21906984	1.000	1.000	1.000
Q02161__e7857785c4ef5d34	Q02161__e7857785c4ef5d34	1.000	1.000	1.000
Q12800__d7520ea932afc672	Q12800__d7520ea932afc672	1.000	1.000	1.000
Q12800__d7520ea932afc672	Q9NZI7__493885224cabb9bd	0.684	1.000	1.000
Q12800__d7520ea932afc672	Q9NZI6__87544ca3c3aa71fe	0.744	0.932	0.962
Q13351__d4363505cdd764fa	Q13351__d4363505cdd764fa	1.000	1.000	1.000
Q14213__72a8a64abe37eef8	Q14213__72a8a64abe37eef8	1.000	1.000	1.000
Q15147__c153ead9ae509100	Q15147__c153ead9ae509100	1.000	1.000	1.000
Q16548__fe76404c5e0db4b1	Q16548__fe76404c5e0db4b1	1.000	1.000	1.000
Q2WEN9__1a48ac434547511d	Q2WEN9__1a48ac434547511d	1.000	1.000	1.000
Q58A44__b84bd8d8b1287378	Q58A44__b84bd8d8b1287378	1.000	1.000	1.000
Q5T6S3__af73fe5aa7102fec	Q5T6S3__af73fe5aa7102fec	1.000	1.000	1.000
Q5T6S3__af73fe5aa7102fec	Q9Y483__f4caf04fcb9bfb76	0.453	0.979	0.995
Q68D06__97eea6d24965e0f3	Q68D06__97eea6d24965e0f3	1.000	1.000	1.000
Q6P3S6__7fb38d56bde945ea	Q6P3S6__7fb38d56bde945ea	1.000	1.000	1.000
Q6UWZ7__6fdbbd5735e4ee6f	Q6UWZ7__6fdbbd5735e4ee6f	1.000	1.000	1.000
Q71SY5__6be46c80ad30e14b	Q71SY5__6be46c80ad30e14b	1.000	1.000	1.000
Q7Z5Q5__b7628c21eae270b0	Q7Z5Q5__b7628c21eae270b0	1.000	1.000	1.000
Q86WB7__d045faf1cd80abc7	Q86WB7__d045faf1cd80abc7	1.000	1.000	1.000
Q8IWV1__4275d83ccd347db9	Q8IWV1__4275d83ccd347db9	1.000	1.000	1.000
Q8N1G2__26826a16d738919c	Q8N1G2__26826a16d738919c	1.000	1.000	1.000
Q8N8R7__25dce8b7e4935f22	Q8N8R7__25dce8b7e4935f22	1.000	1.000	1.000
Q8NFJ6__0b1aaf1fdaee0ee1	Q8NFJ6__0b1aaf1fdaee0ee1	1.000	1.000	1.000
Q8TDS7__40913e0ac413cfda	Q8TDS7__40913e0ac413cfda	1.000	1.000	1.000
Q8TDS7__40913e0ac413cfda	Q96LA9__b3086793d63b07c4	0.455	0.869	0.860
Q8TDS7__40913e0ac413cfda	Q86SM8__570aefc87f2c673f	0.398	0.869	0.872
Q8TDS7__40913e0ac413cfda	P04201__f104c7b186d2a003	0.362	0.819	0.803
Q8WWY6__23edddf248a8476f	Q8WWY6__23edddf248a8476f	1.000	1.000	1.000
Q93034__8895f982b2239887	Q93034__8895f982b2239887	1.000	1.000	1.000
Q96CB9__3fe2a0ba70d46d6a	Q96CB9__3fe2a0ba70d46d6a	1.000	1.000	1.000
Q96I23__ce5782a2f6929c46	Q96I23__ce5782a2f6929c46	1.000	1.000	1.000
Q96LB9__176cec8b31231639	Q96LB9__176cec8b31231639	1.000	1.000	1.000
Q96LB9__176cec8b31231639	Q96LB8__524cae95ca152ae1	0.618	0.991	0.997
Q96S53__084144427674914c	Q96S53__084144427674914c	1.000	1.000	1.000
Q99988__e7cc12a1753279a2	Q99988__e7cc12a1753279a2	1.000	1.000	1.000
Q9BSL1__9dbe2ab88ae421fb	Q9BSL1__9dbe2ab88ae421fb	1.000	1.000	1.000
Q9BWW7__73319b912f757ea6	Q9BWW7__73319b912f757ea6	1.000	1.000	1.000
Q9BYW1__5ab812320655816c	Q9BYW1__5ab812320655816c	1.000	1.000	1.000
Q9BYW1__5ab812320655816c	Q8TDB8__c6bfe61e458ae6a2	0.341	0.921	0.873
Q9BYW1__5ab812320655816c	P11168__d863fcef95df00de	0.314	0.929	0.939
Q9H0F5__84133503cf3d70b9	Q9H0F5__84133503cf3d70b9	1.000	1.000	1.000
Q9H4B0__dc7fb59d0b761342	Q9H4B0__dc7fb59d0b761342	1.000	1.000	1.000
Q9H9D4__a86c2ed55bd8906f	Q9H9D4__a86c2ed55bd8906f	1.000	1.000	1.000
Q9HCF6__ac0d234a0cfd8758	Q9HCF6__ac0d234a0cfd8758	1.000	1.000	1.000
Q9NQV6__33e6ccddf77f930d	Q9NQV6__33e6ccddf77f930d	1.000	1.000	1.000
Q9NVS2__8b6aef72425c6fde	Q9NVS2__8b6aef72425c6fde	1.000	1.000	1.000
Q9NZ81__ed2100834911dd95	Q9NZ81__ed2100834911dd95	1.000	1.000	1.000
Q9UBC1__7fbe824c759644cf	Q9UBC1__7fbe824c759644cf	1.000	1.000	1.000
Q9UHJ3__e8fd18bde8ab47cd	Q9UHJ3__e8fd18bde8ab47cd	1.000	1.000	1.000
Q9UHJ3__e8fd18bde8ab47cd	Q5VUG0__5da9b83525bc40d1	0.551	0.999	0.972
Q9UKP6__d087ceef1b9278da	Q9UKP6__d087ceef1b9278da	1.000	1.000	1.000
Q9UNN4__b5cd89c3ad2883e5	Q9UNN4__b5cd89c3ad2883e5	1.000	1.000	1.000
Q9Y2X0__ea815bf7030a3a79	Q9Y2X0__ea815bf7030a3a79	1.000	1.000	1.000
Q9Y576__45ec7024afa5d318	Q9Y576__45ec7024afa5d318	1.000	1.000	1.000
Q9Y576__45ec7024afa5d318	Q96DX5__ee08ee5b7b6cd3f8	0.304	0.878	0.864
A0AVK6__c6a34461eaf193f0	A0AVK6__c6a34461eaf193f0	1.000	1.000	1.000
C0HLV8__813682053ee7ba40	C0HLV8__813682053ee7ba40	1.000	1.000	1.000
O14649__7960e9cf1aca3a12	O14649__7960e9cf1aca3a12	1.000	1.000	1.000
O43148__7fd695051f4714fd	O43148__7fd695051f4714fd	1.000	1.000	1.000
O60503__c25c43fdac8076cc	O60503__c25c43fdac8076cc	1.000	1.000	1.000
O75570__bcae0f83fa940936	O75570__bcae0f83fa940936	1.000	1.000	1.000
O95218__e3d911c06c298fc9	O95218__e3d911c06c298fc9	1.000	1.000	1.000
P01023__3ee0b59c31b62639	P01023__3ee0b59c31b62639	1.000	1.000	1.000
P01023__3ee0b59c31b62639	A8K2U0__e302d6ce0e1ee9a5	0.406	0.987	0.997
P04054__f6542b3dd52ac7b3	P04054__f6542b3dd52ac7b3	1.000	1.000	1.000
P08729__3fb2c079d50065a6	P08729__3fb2c079d50065a6	1.000	1.000	1.000
P0DPK4__8733a0e45cdf0631	P0DPK4__8733a0e45cdf0631	1.000	1.000	1.000
P0DPK4__8733a0e45cdf0631	P0DPK3__e4ebf6e260dae1c7	0.968	0.874	0.938
P13984__5cb40b142ee2c619	P13984__5cb40b142ee2c619	1.000	1.000	1.000
P18846__085f64e87f122bc4	P18846__085f64e87f122bc4	1.000	1.000	1.000
P22748__62f5e1881b0efc28	P22748__62f5e1881b0efc28	1.000	1.000	1.000
P22748__62f5e1881b0efc28	P35218__bfece1ec659b83c6	0.323	0.830	0.852
P28290__ea1249ea9fc122f8	P28290__ea1249ea9fc122f8	1.000	1.000	1.000
P31321__e461ba5414826c31	P31321__e461ba5414826c31	1.000	1.000	1.000
P31321__e461ba5414826c31	P10644__9e2103c22e85013c	0.813	1.000	1.000
P35498__df512f038af3c758	P35498__df512f038af3c758	1.000	1.000	1.000
P35498__df512f038af3c758	Q99250__448e29b0b2d00f07	0.872	1.000	0.997
P35498__df512f038af3c758	P35499__d4b6667304f841b9	0.641	0.976	0.964
P35498__df512f038af3c758	Q9UI33__31f3d057dcbc2abd	0.471	0.958	0.973
P42127__888bc916e4d799e8	P42127__888bc916e4d799e8	1.000	1.000	1.000
P48067__c942a402c587890f	P48067__c942a402c587890f	1.000	1.000	1.000
P51531__9dc4aca193895371	P51531__9dc4aca193895371	1.000	1.000	1.000
P51531__9dc4aca193895371	P51532__93a32e58eb0310a1	0.735	0.997	0.998
P55197__5770ec3ff7fe1b5e	P55197__5770ec3ff7fe1b5e	1.000	1.000	1.000
P62269__500b8e83a65787b4	P62269__500b8e83a65787b4	1.000	1.000	1.000
P82663__5503484d63010153	P82663__5503484d63010153	1.000	1.000	1.000
Q02543__fa89343d8267f41b	Q02543__fa89343d8267f41b	1.000	1.000	1.000
Q12809__287332153da38b59	Q12809__287332153da38b59	1.000	1.000	1.000
Q13356__b945db30cfd89d6e	Q13356__b945db30cfd89d6e	1.000	1.000	1.000
Q14241__e7464f69234ee4b0	Q14241__e7464f69234ee4b0	1.000	1.000	1.000
Q15173__43867d2f4672d155	Q15173__43867d2f4672d155	1.000	1.000	1.000
Q16552__7cab4b9fcd5f2e20	Q16552__7cab4b9fcd5f2e20	1.000	1.000	1.000
Q30201__bfda3e8888808838	Q30201__bfda3e8888808838	1.000	1.000	1.000
Q58F21__73222727caca7871	Q58F21__73222727caca7871	1.000	1.000	1.000
Q5T7N3__0739b6966d803dce	Q5T7N3__0739b6966d803dce	1.000	1.000	1.000
Q68D85__06d6e219931af909	Q68D85__06d6e219931af909	1.000	1.000	1.000
Q6P4F7__5ed0ca7dee82fd42	Q6P4F7__5ed0ca7dee82fd42	1.000	1.000	1.000
Q6UX52__8a8ead5c7df718be	Q6UX52__8a8ead5c7df718be	1.000	1.000	1.000
Q76LX8__20d8937a8f2450b6	Q76LX8__20d8937a8f2450b6	1.000	1.000	1.000
Q7Z5W3__770f82bab4e2c7fc	Q7Z5W3__770f82bab4e2c7fc	1.000	1.000	1.000
Q86WI3__1d4702dd18bebe3b	Q86WI3__1d4702dd18bebe3b	1.000	1.000	1.000
Q8IWZ3__f02c60e924a95324	Q8IWZ3__f02c60e924a95324	1.000	1.000	1.000
Q8N292__c32ea18aa61a9215	Q8N292__c32ea18aa61a9215	1.000	1.000	1.000
Q8N8U9__a1c65c47cc2e3783	Q8N8U9__a1c65c47cc2e3783	1.000	1.000	1.000
Q8NFP4__1bc7051f96c241c5	Q8NFP4__1bc7051f96c241c5	1.000	1.000	1.000
Q8TDU6__b5df8718f493236d	Q8TDU6__b5df8718f493236d	1.000	1.000	1.000
Q8WX77__4e7beedf206459d6	Q8WX77__4e7beedf206459d6	1.000	1.000	1.000
Q969D9__5e9c457073a540c0	Q969D9__5e9c457073a540c0	1.000	1.000	1.000
Q96CG3__4830480ed5a5cf71	Q96CG3__4830480ed5a5cf71	1.000	1.000	1.000
Q96I25__861a96831cc35aaa	Q96I25__861a96831cc35aaa	1.000	1.000	1.000
Q96LR2__70ca8aa92b6f7ea4	Q96LR2__70ca8aa92b6f7ea4	1.000	1.000	1.000
Q96S96__7a75c7c3a9756d0c	Q96S96__7a75c7c3a9756d0c	1.000	1.000	1.000
Q9BPX1__b1fb8b8ca7dfa517	Q9BPX1__b1fb8b8ca7dfa517	1.000	1.000	1.000
Q9BPX1__b1fb8b8ca7dfa517	Q9BUT1__48369dceb09c50fd	0.322	0.911	0.992
Q9BSM1__b404c21ce090fbbb	Q9BSM1__b404c21ce090fbbb	1.000	1.000	1.000
Q9BWX1__c1c0a30f9f02253e	Q9BWX1__c1c0a30f9f02253e	1.000	1.000	1.000
Q9BYZ8__22261a8e1193e46b	Q9BYZ8__22261a8e1193e46b	1.000	1.000	1.000
Q9BYZ8__22261a8e1193e46b	Q06141__77f442919756f70f	0.327	0.930	0.920
Q9H0R6__848c898a9f051ff6	Q9H0R6__848c898a9f051ff6	1.000	1.000	1.000
Q9H4E5__de729efa2d9969dd	Q9H4E5__de729efa2d9969dd	1.000	1.000	1.000
Q9H9L7__992b75e9e94baaec	Q9H9L7__992b75e9e94baaec	1.000	1.000	1.000
Q9HCJ1__3f3cc17c29ff7258	Q9HCJ1__3f3cc17c29ff7258	1.000	1.000	1.000
Q9NQV8__d9393400f9fc1421	Q9NQV8__d9393400f9fc1421	1.000	1.000	1.000
Q9NVU0__56877a4d15fd926a	Q9NVU0__56877a4d15fd926a	1.000	1.000	1.000
Q9NZC4__81bc074930721a58	Q9NZC4__81bc074930721a58	1.000	1.000	1.000
Q9UBC3__98ed5e5f7c4fc9e0	Q9UBC3__98ed5e5f7c4fc9e0	1.000	1.000	1.000
Q9UHK0__4d2abc2423032fb0	Q9UHK0__4d2abc2423032fb0	1.000	1.000	1.000
Q9UKS7__03d0a5274a57c17d	Q9UKS7__03d0a5274a57c17d	1.000	1.000	1.000
Q9UKS7__03d0a5274a57c17d	Q9H2S9__36640543b4ad7492	0.572	0.935	0.858
Q9UNN5__07a8ea3dca80cbdd	Q9UNN5__07a8ea3dca80cbdd	1.000	1.000	1.000
Q9Y2X9__a9643d3d9b708be7	Q9Y2X9__a9643d3d9b708be7	1.000	1.000	1.000
Q9Y585__6d632c8fc2495dec	Q9Y585__6d632c8fc2495dec	1.000	1.000	1.000
Q9Y585__6d632c8fc2495dec	Q9P1Q5__9a79439422ed7847	0.834	1.000	1.000
Q9Y585__6d632c8fc2495dec	P34982__1a63499965a86aa9	0.480	0.974	0.968
Q9Y585__6d632c8fc2495dec	Q8NHC4__09b6b03397b04a0a	0.411	0.997	1.000
Q9Y585__6d632c8fc2495dec	Q8NGD0__4a399e4ae20c6ba5	0.391	0.961	0.952
Q9Y585__6d632c8fc2495dec	A6NND4__1ab350c3762ee58b	0.394	0.951	0.928
Q9Y585__6d632c8fc2495dec	Q8TCB6__b818339bbd8ec524	0.330	0.968	0.950
A0PJY2__8aa0abaf2ac61e71	A0PJY2__8aa0abaf2ac61e71	1.000	1.000	1.000
C9JR72__662b07f6b347a61f	C9JR72__662b07f6b347a61f	1.000	1.000	1.000
O14654__d2d6aca1f8ca4ced	O14654__d2d6aca1f8ca4ced	1.000	1.000	1.000
O43156__02b2e855e36a9df3	O43156__02b2e855e36a9df3	1.000	1.000	1.000
O60542__a892a04d97f7c88d	O60542__a892a04d97f7c88d	1.000	1.000	1.000
O75596__78caab47a2989904	O75596__78caab47a2989904	1.000	1.000	1.000
O95256__58467bc49eeba19f	O95256__58467bc49eeba19f	1.000	1.000	1.000
P01033__866c27f972bc3d5e	P01033__866c27f972bc3d5e	1.000	1.000	1.000
P04141__51ef60bb7308febe	P04141__51ef60bb7308febe	1.000	1.000	1.000
P08833__361cc8b012aa6de2	P08833__361cc8b012aa6de2	1.000	1.000	1.000
P0DSE1__714768df614d4210	P0DSE1__714768df614d4210	1.000	1.000	1.000
P0DSE1__714768df614d4210	P0DTU3__41633dfbcdb763f8	0.700	0.929	0.924
P14136__4e5ae3c3a064a42e	P14136__4e5ae3c3a064a42e	1.000	1.000	1.000
P14136__4e5ae3c3a064a42e	P35900__5cd6f09a661d65c7	0.333	0.819	0.814
P18847__8a6387890eb4aede	P18847__8a6387890eb4aede	1.000	1.000	1.000
P22888__8ab4a7858bf09b30	P22888__8ab4a7858bf09b30	1.000	1.000	1.000
P22888__8ab4a7858bf09b30	P23945__7bbe9f46e81ee1d0	0.556	0.883	0.898
P28325__0515b4fab671ea99	P28325__0515b4fab671ea99	1.000	1.000	1.000
P28325__0515b4fab671ea99	P09228__0bea1d0ae6b70cc1	0.560	0.993	0.993
P28325__0515b4fab671ea99	P01036__ce26cf0fa1c47238	0.557	0.972	0.972
P28325__0515b4fab671ea99	P01037__5a0e08d410061867	0.562	0.965	0.965
P28325__0515b4fab671ea99	P01034__ae318b9c984ac982	0.514	0.965	0.966
P31942__a334502a36448009	P31942__a334502a36448009	1.000	1.000	1.000
P35499__d4b6667304f841b9	P35499__d4b6667304f841b9	1.000	1.000	1.000
P35499__d4b6667304f841b9	Q99250__448e29b0b2d00f07	0.658	0.964	0.973
P35499__d4b6667304f841b9	P35498__df512f038af3c758	0.641	0.964	0.976
P35499__d4b6667304f841b9	Q9UI33__31f3d057dcbc2abd	0.500	0.940	0.968
P42330__7a787644dd8d6e14	P42330__7a787644dd8d6e14	1.000	1.000	1.000
P42330__7a787644dd8d6e14	P51857__4d47dfe17e640221	0.561	0.978	0.972
P48163__a6ee1852f76a0ddd	P48163__a6ee1852f76a0ddd	1.000	1.000	1.000
P51532__93a32e58eb0310a1	P51532__93a32e58eb0310a1	1.000	1.000	1.000
P51532__93a32e58eb0310a1	P51531__9dc4aca193895371	0.737	0.998	0.997
P55316__552d4af9739b068d	P55316__552d4af9739b068d	1.000	1.000	1.000
P62310__01bd9cf6dde1b1e7	P62310__01bd9cf6dde1b1e7	1.000	1.000	1.000
P82664__8e65781ed765fbf8	P82664__8e65781ed765fbf8	1.000	1.000	1.000
Q02548__237ae80f4adcbce8	Q02548__237ae80f4adcbce8	1.000	1.000	1.000
Q12866__aa54247704f55ea2	Q12866__aa54247704f55ea2	1.000	1.000	1.000
Q12866__aa54247704f55ea2	P30530__0e1b606ba4a2733b	0.426	0.881	0.966
Q13387__26e7a498aacb1906	Q13387__26e7a498aacb1906	1.000	1.000	1.000
Q14246__9598b7a1f41d8d0e	Q14246__9598b7a1f41d8d0e	1.000	1.000	1.000
Q15291__3d9ebba1b618d6db	Q15291__3d9ebba1b618d6db	1.000	1.000	1.000
Q16560__7a0894975e03e298	Q16560__7a0894975e03e298	1.000	1.000	1.000
Q32M45__1509fe9c1f8bc231	Q32M45__1509fe9c1f8bc231	1.000	1.000	1.000
Q32M45__1509fe9c1f8bc231	Q4KMQ2__5c7146c6b5088cb4	0.444	0.930	0.976
Q32M45__1509fe9c1f8bc231	Q9NQ90__67d3c7e16e4b6e08	0.415	0.877	0.877
Q58WW2__a81ceb2f0fd66bcd	Q58WW2__a81ceb2f0fd66bcd	1.000	1.000	1.000
Q5TB30__f267d3a9e03b0ed7	Q5TB30__f267d3a9e03b0ed7	1.000	1.000	1.000
Q69YH5__a3029a0d377ef246	Q69YH5__a3029a0d377ef246	1.000	1.000	1.000
Q6P4Q7__7443acd63c1787cb	Q6P4Q7__7443acd63c1787cb	1.000	1.000	1.000
Q6UX73__c5c9b7c57e192468	Q6UX73__c5c9b7c57e192468	1.000	1.000	1.000
Q76N89__635fba771e0ef3b9	Q76N89__635fba771e0ef3b9	1.000	1.000	1.000
Q7Z6A9__8549aa9f6789e384	Q7Z6A9__8549aa9f6789e384	1.000	1.000	1.000
Q86WQ0__73d87ed821e8e386	Q86WQ0__73d87ed821e8e386	1.000	1.000	1.000
Q8IX15__2197b74404d017a8	Q8IX15__2197b74404d017a8	1.000	1.000	1.000
Q8N2C7__48366f21dc21c827	Q8N2C7__48366f21dc21c827	1.000	1.000	1.000
Q8N8W4__62abe066c649b619	Q8N8W4__62abe066c649b619	1.000	1.000	1.000
Q8NFT6__eaceeb4177b9c123	Q8NFT6__eaceeb4177b9c123	1.000	1.000	1.000
Q8TDY4__3168be8d61d65bbb	Q8TDY4__3168be8d61d65bbb	1.000	1.000	1.000
Q8WX92__a96153b3c472d3f2	Q8WX92__a96153b3c472d3f2	1.000	1.000	1.000
Q969F1__19c37478be70a6de	Q969F1__19c37478be70a6de	1.000	1.000	1.000
Q96CW9__da208c5ab31eae8b	Q96CW9__da208c5ab31eae8b	1.000	1.000	1.000
Q96CW9__da208c5ab31eae8b	Q9Y2I2__401e47d0333ae811	0.599	0.974	0.954
Q96IJ6__0519dfa64eaa9452	Q96IJ6__0519dfa64eaa9452	1.000	1.000	1.000
Q96IJ6__0519dfa64eaa9452	Q9Y5P6__97b3c81a4289634d	0.330	0.981	0.978
Q96LR4__af763949232d515a	Q96LR4__af763949232d515a	1.000	1.000	1.000
Q96LR4__af763949232d515a	Q7Z5A9__d9463d93487ed57e	0.619	0.864	0.910
Q96SD1__f9d03f9d9280ef51	Q96SD1__f9d03f9d9280ef51	1.000	1.000	1.000
Q9BPZ2__8d0f1a7ce5de559f	Q9BPZ2__8d0f1a7ce5de559f	1.000	1.000	1.000
Q9BT43__7254a0e93197e082	Q9BT43__7254a0e93197e082	1.000	1.000	1.000
Q9BX68__f4517aaf05924d30	Q9BX68__f4517aaf05924d30	1.000	1.000	1.000
Q9BZ11__0e1e32ed7db92cc4	Q9BZ11__0e1e32ed7db92cc4	1.000	1.000	1.000
Q9H0U6__408805841ef75b6a	Q9H0U6__408805841ef75b6a	1.000	1.000	1.000
Q9H4I2__7cbd4f2f341f304d	Q9H4I2__7cbd4f2f341f304d	1.000	1.000	1.000
Q9H4I2__7cbd4f2f341f304d	Q9UKY1__9b5b016faa96e953	0.351	0.927	0.940
Q9H4I2__7cbd4f2f341f304d	Q9Y6X8__9aaf7b2cff3631cc	0.329	0.983	0.981
Q9H9P8__a62fe8db5f74c6c0	Q9H9P8__a62fe8db5f74c6c0	1.000	1.000	1.000
Q9HCK8__20a4b077942b8ef8	Q9HCK8__20a4b077942b8ef8	1.000	1.000	1.000
Q9NQX1__c5a31d63343275f5	Q9NQX1__c5a31d63343275f5	1.000	1.000	1.000
Q9NVV5__6c64bf944a7174bc	Q9NVV5__6c64bf944a7174bc	1.000	1.000	1.000
Q9NZC9__5804ae73e49d5384	Q9NZC9__5804ae73e49d5384	1.000	1.000	1.000
Q9UBD9__e9021cf04257faa1	Q9UBD9__e9021cf04257faa1	1.000	1.000	1.000
Q9UHQ1__88faf7359c47b5d7	Q9UHQ1__88faf7359c47b5d7	1.000	1.000	1.000
Q9UKU7__b966855af03e654d	Q9UKU7__b966855af03e654d	1.000	1.000	1.000
Q9UNP9__89a8318ba55ab9ba	Q9UNP9__89a8318ba55ab9ba	1.000	1.000	1.000
Q9Y2Y4__685ba56686cd9c9f	Q9Y2Y4__685ba56686cd9c9f	1.000	1.000	1.000
Q9Y5A7__7b35712ee1ef490e	Q9Y5A7__7b35712ee1ef490e	1.000	1.000	1.000
A1A519__7e63a3711fbbfffb	A1A519__7e63a3711fbbfffb	1.000	1.000	1.000
D3DTV9__70f2af4926e90995	D3DTV9__70f2af4926e90995	1.000	1.000	1.000
O14669__373ac293c90a873d	O14669__373ac293c90a873d	1.000	1.000	1.000
O43182__586b46531b09a913	O43182__586b46531b09a913	1.000	1.000	1.000
O60563__7cddb9224d8365b7	O60563__7cddb9224d8365b7	1.000	1.000	1.000
O75603__6b9b0f6eb8c91c38	O75603__6b9b0f6eb8c91c38	1.000	1.000	1.000
O95361__bafbcc869c53f6ee	O95361__bafbcc869c53f6ee	1.000	1.000	1.000
P01034__ae318b9c984ac982	P01034__ae318b9c984ac982	1.000	1.000	1.000
P01034__ae318b9c984ac982	P09228__0bea1d0ae6b70cc1	0.564	1.000	1.000
P01034__ae318b9c984ac982	P01036__ce26cf0fa1c47238	0.557	1.000	1.000
P01034__ae318b9c984ac982	P01037__5a0e08d410061867	0.551	1.000	1.000
P01034__ae318b9c984ac982	P28325__0515b4fab671ea99	0.510	0.986	0.986
P04155__22ce821f234da4df	P04155__22ce821f234da4df	1.000	1.000	1.000
P08913__0153dbebb226a1e5	P08913__0153dbebb226a1e5	1.000	1.000	1.000
P08913__0153dbebb226a1e5	P18089__f7c20e2753a4a7f6	0.531	0.897	0.973
P08913__0153dbebb226a1e5	P28221__53403167dff491de	0.312	0.942	0.958
P08913__0153dbebb226a1e5	P28222__0bc8c4af6f71c065	0.305	0.938	0.956
P08913__0153dbebb226a1e5	P21917__9a2657fa53c20731	0.371	0.843	0.871
P08913__0153dbebb226a1e5	P35462__0c28b2bbcd26288e	0.347	0.858	0.900
P0DSE2__53aa93e9702f6c89	P0DSE2__53aa93e9702f6c89	1.000	1.000	1.000
P0DSE2__53aa93e9702f6c89	P0DTU4__0818f0877d4ba6f4	0.774	1.000	1.000
P14151__28ea52e4a2c9c8a4	P14151__28ea52e4a2c9c8a4	1.000	1.000	1.000
P19075__52cd31489fca498b	P19075__52cd31489fca498b	1.000	1.000	1.000
P19075__52cd31489fca498b	O14817__2fb9a2c82e52a1b2	0.376	0.958	0.933
P23025__1c30005406d38112	P23025__1c30005406d38112	1.000	1.000	1.000
P28335__8bb8e760c142b1a4	P28335__8bb8e760c142b1a4	1.000	1.000	1.000
P32119__6dcb8680c8a9362b	P32119__6dcb8680c8a9362b	1.000	1.000	1.000
P35573__21919ba4357d4650	P35573__21919ba4357d4650	1.000	1.000	1.000
P42574__81962b47787bfaba	P42574__81962b47787bfaba	1.000	1.000	1.000
P48380__72c8566cf1631ad0	P48380__72c8566cf1631ad0	1.000	1.000	1.000
P51575__47a7ae3585219f3b	P51575__47a7ae3585219f3b	1.000	1.000	1.000
P51575__47a7ae3585219f3b	P56373__0ade5cb5055eb17b	0.465	0.892	0.887
P55317__ae6d66376c9002de	P55317__ae6d66376c9002de	1.000	1.000	1.000
P62424__2e57bbdae76d3470	P62424__2e57bbdae76d3470	1.000	1.000	1.000
P82673__ddbc618da69eeb8f	P82673__ddbc618da69eeb8f	1.000	1.000	1.000
Q02817__253e9ca566afe9db	Q02817__253e9ca566afe9db	1.000	1.000	1.000
Q12891__b30ab8009d187573	Q12891__b30ab8009d187573	1.000	1.000	1.000
Q13404__cf674d367854d647	Q13404__cf674d367854d647	1.000	1.000	1.000
Q14249__7c2ec16c1ddb0bb2	Q14249__7c2ec16c1ddb0bb2	1.000	1.000	1.000
Q15327__dea24673aa78e2ac	Q15327__dea24673aa78e2ac	1.000	1.000	1.000
Q16576__7754e9cd54f21012	Q16576__7754e9cd54f21012	1.000	1.000	1.000
Q32MQ0__393a4634d262abeb	Q32MQ0__393a4634d262abeb	1.000	1.000	1.000
Q5BKX6__746ae0c671c7ca1c	Q5BKX6__746ae0c671c7ca1c	1.000	1.000	1.000
Q5TCY1__f4bd15ec11ba6693	Q5TCY1__f4bd15ec11ba6693	1.000	1.000	1.000
Q69YI7__959eaad410fb21ba	Q69YI7__959eaad410fb21ba	1.000	1.000	1.000
Q6P4R8__749c870dee2f91e5	Q6P4R8__749c870dee2f91e5	1.000	1.000	1.000
Q6UXB2__7d6c22f49993ad6f	Q6UXB2__7d6c22f49993ad6f	1.000	1.000	1.000
Q7L0X2__be57572441bc7c81	Q7L0X2__be57572441bc7c81	1.000	1.000	1.000
Q7Z6J8__d86f31376041e9bd	Q7Z6J8__d86f31376041e9bd	1.000	1.000	1.000
Q86X83__9e8a81f980fe5a2d	Q86X83__9e8a81f980fe5a2d	1.000	1.000	1.000
Q8IXF0__ce681f5107a60e86	Q8IXF0__ce681f5107a60e86	1.000	1.000	1.000
Q8N2E6__5a39523224a7228e	Q8N2E6__5a39523224a7228e	1.000	1.000	1.000
Q8N983__fedbfb38b75c36ab	Q8N983__fedbfb38b75c36ab	1.000	1.000	1.000
Q8NFU5__7ec1dc2b8d34ae79	Q8NFU5__7ec1dc2b8d34ae79	1.000	1.000	1.000
Q8TE23__689ef1e39b6c1add	Q8TE23__689ef1e39b6c1add	1.000	1.000	1.000
Q8TE23__689ef1e39b6c1add	Q7RTX0__741467c18af0e895	0.304	0.986	0.972
Q8WXB1__ac8a56bdb015b528	Q8WXB1__ac8a56bdb015b528	1.000	1.000	1.000
Q8WXB1__ac8a56bdb015b528	Q9H867__d7c5e54c7832108c	0.361	0.959	0.965
Q969F8__8a2983b0b4fb6c42	Q969F8__8a2983b0b4fb6c42	1.000	1.000	1.000
Q969F8__8a2983b0b4fb6c42	P41143__b75060695513d21a	0.336	0.807	0.841
Q96D98__1b82135833fe631b	Q96D98__1b82135833fe631b	1.000	1.000	1.000
Q96IR7__918e5f73c96b407c	Q96IR7__918e5f73c96b407c	1.000	1.000	1.000
Q96LT9__4c4c35b26aebb77c	Q96LT9__4c4c35b26aebb77c	1.000	1.000	1.000
Q96SI1__38f01d9bbd18a61f	Q96SI1__38f01d9bbd18a61f	1.000	1.000	1.000
Q96SI1__38f01d9bbd18a61f	Q719H9__4823bde8c3d43195	0.797	0.908	1.000
Q9BPZ3__e5d64384095284f2	Q9BPZ3__e5d64384095284f2	1.000	1.000	1.000
Q9BTE3__c3a8e8da61289200	Q9BTE3__c3a8e8da61289200	1.000	1.000	1.000
Q9BX70__e154ffcb58e4127a	Q9BX70__e154ffcb58e4127a	1.000	1.000	1.000
Q9BX70__e154ffcb58e4127a	Q9H0C5__adae6d942e7647f1	0.822	0.834	0.919
Q9BZE1__c0ec5fa14b3adbf5	Q9BZE1__c0ec5fa14b3adbf5	1.000	1.000	1.000
Q9H147__abdf33fb9fc1b6ad	Q9H147__abdf33fb9fc1b6ad	1.000	1.000	1.000
Q9H4M3__a4baedd67a28a81d	Q9H4M3__a4baedd67a28a81d	1.000	1.000	1.000
Q9H4M3__a4baedd67a28a81d	Q9NRD1__184bb2372981aba1	0.750	0.992	0.863
Q9H9S0__69eb8449993f85a2	Q9H9S0__69eb8449993f85a2	1.000	1.000	1.000
Q9H9S0__69eb8449993f85a2	Q6NSW7__59096b2907462acd	0.990	1.000	1.000
Q9HCN2__2219a62485fc0c88	Q9HCN2__2219a62485fc0c88	1.000	1.000	1.000
Q9NR22__0eed4069e9742f23	Q9NR22__0eed4069e9742f23	1.000	1.000	1.000
Q9NVW2__3b8db07c92d93eef	Q9NVW2__3b8db07c92d93eef	1.000	1.000	1.000
Q9NZD1__5388eae978da4010	Q9NZD1__5388eae978da4010	1.000	1.000	1.000
Q9UBE0__f14afd8bafd60a1e	Q9UBE0__f14afd8bafd60a1e	1.000	1.000	1.000
Q9UHX1__f2e377f51a06cf07	Q9UHX1__f2e377f51a06cf07	1.000	1.000	1.000
Q9UKY0__dd7bbce295edbc80	Q9UKY0__dd7bbce295edbc80	1.000	1.000	1.000
Q9UP38__81f7d297ce1364bd	Q9UP38__81f7d297ce1364bd	1.000	1.000	1.000
Q9UP38__81f7d297ce1364bd	Q9ULV1__c997d9577170e241	0.441	0.827	0.894
Q9Y2Y9__d6219811f6d9f871	Q9Y2Y9__d6219811f6d9f871	1.000	1.000	1.000
Q9Y2Y9__d6219811f6d9f871	Q13886__63b0e9b53ba251fc	0.443	0.899	0.963
Q9Y5J3__a76c79399f6b9682	Q9Y5J3__a76c79399f6b9682	1.000	1.000	1.000
Q9Y5J3__a76c79399f6b9682	Q14469__7a179922344f7ecb	0.332	0.845	0.896
A1L167__affff80ed35411e2	A1L167__affff80ed35411e2	1.000	1.000	1.000
D3W0D1__ef38993b3657d74f	D3W0D1__ef38993b3657d74f	1.000	1.000	1.000
O14686__3f7e3798caefae2c	O14686__3f7e3798caefae2c	1.000	1.000	1.000
O14686__3f7e3798caefae2c	Q8NEZ4__1e1aa570911e5bad	0.311	0.988	0.973
O43194__4103e48a62ade11c	O43194__4103e48a62ade11c	1.000	1.000	1.000
O60602__3955f9ee05c01899	O60602__3955f9ee05c01899	1.000	1.000	1.000
O75629__9260fc3cf309747a	O75629__9260fc3cf309747a	1.000	1.000	1.000
O95365__f4b03ff915640038	O95365__f4b03ff915640038	1.000	1.000	1.000
P01036__ce26cf0fa1c47238	P01036__ce26cf0fa1c47238	1.000	1.000	1.000
P01036__ce26cf0fa1c47238	P01037__5a0e08d410061867	0.872	1.000	1.000
P01036__ce26cf0fa1c47238	P09228__0bea1d0ae6b70cc1	0.879	1.000	1.000
P01036__ce26cf0fa1c47238	P28325__0515b4fab671ea99	0.562	0.965	0.965
P01036__ce26cf0fa1c47238	P01034__ae318b9c984ac982	0.557	1.000	1.000
P04180__977372402da89ea6	P04180__977372402da89ea6	1.000	1.000	1.000
P09001__1fd140a49abc44f5	P09001__1fd140a49abc44f5	1.000	1.000	1.000
P0DTU3__41633dfbcdb763f8	P0DTU3__41633dfbcdb763f8	1.000	1.000	1.000
P0DTU3__41633dfbcdb763f8	P0DSE1__714768df614d4210	0.688	0.945	0.951
P14384__cf5f31c1d5c3dae3	P14384__cf5f31c1d5c3dae3	1.000	1.000	1.000
P19387__9e8f00aab844baa3	P19387__9e8f00aab844baa3	1.000	1.000	1.000
P23229__3bcf893bbd5bfc4d	P23229__3bcf893bbd5bfc4d	1.000	1.000	1.000
P28340__5a6a46e27a550fe7	P28340__5a6a46e27a550fe7	1.000	1.000	1.000
P32241__95ca8f99a19d5f99	P32241__95ca8f99a19d5f99	1.000	1.000	1.000
P32241__95ca8f99a19d5f99	P43220__8cd3cf61857825c3	0.418	0.823	0.855
P35590__cc60094ef6b722f9	P35590__cc60094ef6b722f9	1.000	1.000	1.000
P42658__ff334f5d70cd4390	P42658__ff334f5d70cd4390	1.000	1.000	1.000
P42658__ff334f5d70cd4390	Q8N608__84239580776eadc9	0.528	0.903	0.975
P48436__62a4d1c87b62b80d	P48436__62a4d1c87b62b80d	1.000	1.000	1.000
P51654__77dfca719964bc76	P51654__77dfca719964bc76	1.000	1.000	1.000
P55318__ef5103c2426f62b7	P55318__ef5103c2426f62b7	1.000	1.000	1.000
P62487__b34ccf4be38dfe0e	P62487__b34ccf4be38dfe0e	1.000	1.000	1.000
P82675__57b9e98833a45eab	P82675__57b9e98833a45eab	1.000	1.000	1.000
Q03181__f85202b5d75177e1	Q03181__f85202b5d75177e1	1.000	1.000	1.000
Q12933__c7292916fa6aa68b	Q12933__c7292916fa6aa68b	1.000	1.000	1.000
Q13405__96b6b14d746a301d	Q13405__96b6b14d746a301d	1.000	1.000	1.000
Q14320__e7d25201fcb1a735	Q14320__e7d25201fcb1a735	1.000	1.000	1.000
Q15389__9161753d4a3aed6d	Q15389__9161753d4a3aed6d	1.000	1.000	1.000
Q15389__9161753d4a3aed6d	O15123__58a48a0d320451b3	0.620	0.962	0.962
Q16581__18970708361ef54e	Q16581__18970708361ef54e	1.000	1.000	1.000
Q32NC0__f80f8e2ceeddd2e7	Q32NC0__f80f8e2ceeddd2e7	1.000	1.000	1.000
Q5EBM0__f0754ac19a4a33f0	Q5EBM0__f0754ac19a4a33f0	1.000	1.000	1.000
Q5TD97__d77fce720ca076e5	Q5TD97__d77fce720ca076e5	1.000	1.000	1.000
Q6B0I6__5a63358615cb51a7	Q6B0I6__5a63358615cb51a7	1.000	1.000	1.000
Q6PEY1__6635ce524d515b30	Q6PEY1__6635ce524d515b30	1.000	1.000	1.000
Q6UXB8__31e4e2960ffccd32	Q6UXB8__31e4e2960ffccd32	1.000	1.000	1.000
Q7L266__64a9b3399e572b2a	Q7L266__64a9b3399e572b2a	1.000	1.000	1.000
Q7Z6K1__6fe0cfc065576fbc	Q7Z6K1__6fe0cfc065576fbc	1.000	1.000	1.000
Q86XI2__687d8999bdd3fb4d	Q86XI2__687d8999bdd3fb4d	1.000	1.000	1.000
Q8IXH8__b46e7812a794e32a	Q8IXH8__b46e7812a794e32a	1.000	1.000	1.000
Q8N328__c19011851c66d1a2	Q8N328__c19011851c66d1a2	1.000	1.000	1.000
Q8N9H9__031e507cb7d5e3f9	Q8N9H9__031e507cb7d5e3f9	1.000	1.000	1.000
Q8NFW8__55460d12eddf2242	Q8NFW8__55460d12eddf2242	1.000	1.000	1.000
Q8TE67__22e70882407d6762	Q8TE67__22e70882407d6762	1.000	1.000	1.000
Q8TE67__22e70882407d6762	Q8TE68__7134eadb18d8190e	0.304	0.990	0.945
Q8WXB4__85e3777aa6bfc4c6	Q8WXB4__85e3777aa6bfc4c6	1.000	1.000	1.000
Q8WXB4__85e3777aa6bfc4c6	Q6ECI4__3b54065604538766	0.440	0.919	0.948
Q8WXB4__85e3777aa6bfc4c6	P17014__c56eaa79e23cbb69	0.453	0.922	0.937
Q8WXB4__85e3777aa6bfc4c6	Q9NYW8__012ec75c2ced9ef8	0.419	0.928	0.986
Q8WXB4__85e3777aa6bfc4c6	O94892__97f614456d810115	0.416	0.889	0.992
Q8WXB4__85e3777aa6bfc4c6	Q9NZL3__3b99100d8ad8ce6e	0.402	0.923	0.992
Q8WXB4__85e3777aa6bfc4c6	Q8TF45__a525adcb0a8550ea	0.394	0.886	0.991
Q8WXB4__85e3777aa6bfc4c6	Q8WTR7__91a891547b3b392f	0.329	0.926	0.963
Q969G3__c1c3d1a8ee0be037	Q969G3__c1c3d1a8ee0be037	1.000	1.000	1.000
Q96DB2__65581bd1ddc53f13	Q96DB2__65581bd1ddc53f13	1.000	1.000	1.000
Q96IV0__2d08f57524e313b9	Q96IV0__2d08f57524e313b9	1.000	1.000	1.000
Q96M94__442f5fc40b899ac0	Q96M94__442f5fc40b899ac0	1.000	1.000	1.000
Q96SN7__37972edaf1f9ac21	Q96SN7__37972edaf1f9ac21	1.000	1.000	1.000
Q96SN7__37972edaf1f9ac21	Q9BRQ5__d6549c405a33ab0e	0.567	0.870	0.908
Q9BQ15__e12084345f4bb3e7	Q9BQ15__e12084345f4bb3e7	1.000	1.000	1.000
Q9BTF0__a8ba08dce1c6e831	Q9BTF0__a8ba08dce1c6e831	1.000	1.000	1.000
Q9BX79__cbf4afd758285857	Q9BX79__cbf4afd758285857	1.000	1.000	1.000
Q9C030__6db31839bf4ff6ad	Q9C030__6db31839bf4ff6ad	1.000	1.000	1.000
Q9H160__230f88e6fa570ee7	Q9H160__230f88e6fa570ee7	1.000	1.000	1.000
Q9H160__230f88e6fa570ee7	Q9UNL4__0fc2295702046f1a	0.357	0.850	0.976
Q9H4Q4__61349407c2abe016	Q9H4Q4__61349407c2abe016	1.000	1.000	1.000
Q9H9V9__4b46f843574257e8	Q9H9V9__4b46f843574257e8	1.000	1.000	1.000
Q9HCS7__3fc4262ec9d0b4d6	Q9HCS7__3fc4262ec9d0b4d6	1.000	1.000	1.000
Q9NR46__8d3d5bc323dd4053	Q9NR46__8d3d5bc323dd4053	1.000	1.000	1.000
Q9NW15__3b40b4bfb9f9a707	Q9NW15__3b40b4bfb9f9a707	1.000	1.000	1.000
Q9NZD2__7ade6ae29c3be56c	Q9NZD2__7ade6ae29c3be56c	1.000	1.000	1.000
Q9UBG3__479f1aecb40c2336	Q9UBG3__479f1aecb40c2336	1.000	1.000	1.000
Q9UI32__a7296309eecd4f50	Q9UI32__a7296309eecd4f50	1.000	1.000	1.000
Q9UKY1__9b5b016faa96e953	Q9UKY1__9b5b016faa96e953	1.000	1.000	1.000
Q9UKY1__9b5b016faa96e953	Q9Y6X8__9aaf7b2cff3631cc	0.399	0.935	0.906
Q9UKY1__9b5b016faa96e953	Q9H4I2__7cbd4f2f341f304d	0.352	0.940	0.927
Q9UPC5__bc8f9d8608faa9e3	Q9UPC5__bc8f9d8608faa9e3	1.000	1.000	1.000
Q9UPC5__bc8f9d8608faa9e3	Q9H244__8b858a0c09ffd4bb	0.323	0.801	0.892
Q9Y333__37f7c8aca7aa33ee	Q9Y333__37f7c8aca7aa33ee	1.000	1.000	1.000
Q9Y5P6__97b3c81a4289634d	Q9Y5P6__97b3c81a4289634d	1.000	1.000	1.000
Q9Y5P6__97b3c81a4289634d	Q96IJ6__0519dfa64eaa9452	0.322	0.978	0.981
A1L188__8de241dc6f38cd90	A1L188__8de241dc6f38cd90	1.000	1.000	1.000
D6RGH6__97a6dd3e62b7cf7e	D6RGH6__97a6dd3e62b7cf7e	1.000	1.000	1.000
O14717__29a0408ae03026a8	O14717__29a0408ae03026a8	1.000	1.000	1.000
O43257__601ebe79f911827d	O43257__601ebe79f911827d	1.000	1.000	1.000
O60609__e39d40e7f64b1485	O60609__e39d40e7f64b1485	1.000	1.000	1.000
O75643__5385e2c408dee1ef	O75643__5385e2c408dee1ef	1.000	1.000	1.000
O95372__e3749bde9b791031	O95372__e3749bde9b791031	1.000	1.000	1.000
P01037__5a0e08d410061867	P01037__5a0e08d410061867	1.000	1.000	1.000
P01037__5a0e08d410061867	P01036__ce26cf0fa1c47238	0.872	1.000	1.000
P01037__5a0e08d410061867	P09228__0bea1d0ae6b70cc1	0.858	1.000	1.000
P01037__5a0e08d410061867	P28325__0515b4fab671ea99	0.574	0.943	0.944
P01037__5a0e08d410061867	P01034__ae318b9c984ac982	0.551	1.000	1.000
P04196__b7d948bfc73b642e	P04196__b7d948bfc73b642e	1.000	1.000	1.000
P09228__0bea1d0ae6b70cc1	P09228__0bea1d0ae6b70cc1	1.000	1.000	1.000
P09228__0bea1d0ae6b70cc1	P01036__ce26cf0fa1c47238	0.879	1.000	1.000
P09228__0bea1d0ae6b70cc1	P01037__5a0e08d410061867	0.858	1.000	1.000
P09228__0bea1d0ae6b70cc1	P28325__0515b4fab671ea99	0.560	0.993	0.993
P09228__0bea1d0ae6b70cc1	P01034__ae318b9c984ac982	0.564	1.000	1.000
P0DTU4__0818f0877d4ba6f4	P0DTU4__0818f0877d4ba6f4	1.000	1.000	1.000
P0DTU4__0818f0877d4ba6f4	P0DSE2__53aa93e9702f6c89	0.774	1.000	1.000
P14784__7b744774df6ab963	P14784__7b744774df6ab963	1.000	1.000	1.000
P19440__801f58f9fcded7a2	P19440__801f58f9fcded7a2	1.000	1.000	1.000
P23378__1b851de535e522d4	P23378__1b851de535e522d4	1.000	1.000	1.000
P28347__0510ee24c4318b12	P28347__0510ee24c4318b12	1.000	1.000	1.000
P32243__cda81068cf320969	P32243__cda81068cf320969	1.000	1.000	1.000
P35637__4a254ab17fd6e25c	P35637__4a254ab17fd6e25c	1.000	1.000	1.000
P42695__b23ebd84353f8046	P42695__b23ebd84353f8046	1.000	1.000	1.000
P48509__30195cf3be5f2cc1	P48509__30195cf3be5f2cc1	1.000	1.000	1.000
P48509__30195cf3be5f2cc1	O14817__2fb9a2c82e52a1b2	0.334	0.941	0.958
P51668__fcf427cbe5ff0485	P51668__fcf427cbe5ff0485	1.000	1.000	1.000
P55808__3dec64f825ccbcf7	P55808__3dec64f825ccbcf7	1.000	1.000	1.000
P62495__6ad4be1c91938c97	P62495__6ad4be1c91938c97	1.000	1.000	1.000
P82912__79e0b9ceb4449790	P82912__79e0b9ceb4449790	1.000	1.000	1.000
Q03431__db20616a415dae80	Q03431__db20616a415dae80	1.000	1.000	1.000
Q12947__33187347e002cc51	Q12947__33187347e002cc51	1.000	1.000	1.000
Q13461__ae4997e4c96df650	Q13461__ae4997e4c96df650	1.000	1.000	1.000
Q14393__7df33ec92371bd7a	Q14393__7df33ec92371bd7a	1.000	1.000	1.000
Q15393__212bb58911e1cdef	Q15393__212bb58911e1cdef	1.000	1.000	1.000
Q16594__1eda43eb4bc1a23d	Q16594__1eda43eb4bc1a23d	1.000	1.000	1.000
Q3BBV0__7543c3335264b2cb	Q3BBV0__7543c3335264b2cb	1.000	1.000	1.000
Q5GH77__fa1607e6a8236eae	Q5GH77__fa1607e6a8236eae	1.000	1.000	1.000
Q5GH77__fa1607e6a8236eae	Q6PP77__71197c764b7891ed	0.504	0.882	0.913
Q5TGI4__f39a81e32e044370	Q5TGI4__f39a81e32e044370	1.000	1.000	1.000
Q6B8I1__8a955620c69b0413	Q6B8I1__8a955620c69b0413	1.000	1.000	1.000
Q6PHR2__069dcf65f46230dc	Q6PHR2__069dcf65f46230dc	1.000	1.000	1.000
Q6UXH0__d5927806aba55f46	Q6UXH0__d5927806aba55f46	1.000	1.000	1.000
Q7L2J0__e5c6a6751ae2750f	Q7L2J0__e5c6a6751ae2750f	1.000	1.000	1.000
Q7Z6M3__3565239b82271fca	Q7Z6M3__3565239b82271fca	1.000	1.000	1.000
Q86XK3__28eed0bb032dffec	Q86XK3__28eed0bb032dffec	1.000	1.000	1.000
Q8IXK0__5a0f192fb3dfefbb	Q8IXK0__5a0f192fb3dfefbb	1.000	1.000	1.000
Q8IXK0__5a0f192fb3dfefbb	Q8NDX5__7a7d96aa7ad10860	0.377	0.958	0.973
Q8IXK0__5a0f192fb3dfefbb	P78364__37cb94299e1e9187	0.346	0.964	0.985
Q8N335__872bf5c7a9c3944e	Q8N335__872bf5c7a9c3944e	1.000	1.000	1.000
Q8N335__872bf5c7a9c3944e	P21695__f2064963afa2628e	0.720	0.980	0.986
Q8N9M5__c005eec0e2a5a33c	Q8N9M5__c005eec0e2a5a33c	1.000	1.000	1.000
Q8NG11__40ddbdc4e1864e54	Q8NG11__40ddbdc4e1864e54	1.000	1.000	1.000
Q8NG11__40ddbdc4e1864e54	P62079__729dd94688bb1a56	0.590	0.967	0.974
Q8TE68__7134eadb18d8190e	Q8TE68__7134eadb18d8190e	1.000	1.000	1.000
Q8TE68__7134eadb18d8190e	Q8TE67__22e70882407d6762	0.302	0.945	0.990
Q8WXC3__18cd11be20b7fa7a	Q8WXC3__18cd11be20b7fa7a	1.000	1.000	1.000
Q969J2__389b6671703c3e74	Q969J2__389b6671703c3e74	1.000	1.000	1.000
Q969J2__389b6671703c3e74	Q16670__6ac67f9665206358	0.395	0.888	0.881
Q96DI7__0a8e64eb27c51a97	Q96DI7__0a8e64eb27c51a97	1.000	1.000	1.000
Q96DI7__0a8e64eb27c51a97	Q86VZ2__55879b07085b8876	0.352	0.812	0.870
Q96DI7__0a8e64eb27c51a97	P61964__90075634f6e58f79	0.343	0.812	0.859
Q96IZ2__c71f02d5e6b002c9	Q96IZ2__c71f02d5e6b002c9	1.000	1.000	1.000
Q96MH2__7b53e92beb239e61	Q96MH2__7b53e92beb239e61	1.000	1.000	1.000
Q96ST2__ca65ffda62c7cfd7	Q96ST2__ca65ffda62c7cfd7	1.000	1.000	1.000
Q9BQ48__36069721b57df66d	Q9BQ48__36069721b57df66d	1.000	1.000	1.000
Q9BTK6__0687b8d3c15ff08e	Q9BTK6__0687b8d3c15ff08e	1.000	1.000	1.000
Q9BXA5__83c9c71a980e422d	Q9BXA5__83c9c71a980e422d	1.000	1.000	1.000
Q9BXA5__83c9c71a980e422d	Q96P68__1a6cccd85e7672cd	0.365	0.871	0.855
Q9Y5P8__239ba259b6fe3d3e	Q9Y5P8__239ba259b6fe3d3e	1.000	1.000	1.000
A1L1A6__3b711d016e720774	A1L1A6__3b711d016e720774	1.000	1.000	1.000
G2XKQ0__badc20fa89b7cf54	G2XKQ0__badc20fa89b7cf54	1.000	1.000	1.000
O14727__29b2db740200c028	O14727__29b2db740200c028	1.000	1.000	1.000
O43290__1176aed00c6c3022	O43290__1176aed00c6c3022	1.000	1.000	1.000
O60671__6d4eaca48a8fdcc4	O60671__6d4eaca48a8fdcc4	1.000	1.000	1.000
O75648__d4965f1d9df617bd	O75648__d4965f1d9df617bd	1.000	1.000	1.000
O95379__0fabe86e19ac2eaa	O95379__0fabe86e19ac2eaa	1.000	1.000	1.000
P01040__9decfdfa3d49a084	P01040__9decfdfa3d49a084	1.000	1.000	1.000
P04201__f104c7b186d2a003	P04201__f104c7b186d2a003	1.000	1.000	1.000
P04201__f104c7b186d2a003	Q96LA9__b3086793d63b07c4	0.394	0.812	0.811
P04201__f104c7b186d2a003	Q8TDS7__40913e0ac413cfda	0.338	0.920	0.922
P09234__7872abfa6342d7b4	P09234__7872abfa6342d7b4	1.000	1.000	1.000
P0DXC1__dfd13ad79fa0856c	P0DXC1__dfd13ad79fa0856c	1.000	1.000	1.000
P15144__99ba03877f7508cb	P15144__99ba03877f7508cb	1.000	1.000	1.000
P15144__99ba03877f7508cb	Q07075__462359258ec66943	0.357	0.928	0.907
P19835__25b1dff52f51dbb2	P19835__25b1dff52f51dbb2	1.000	1.000	1.000
P23434__947efca06e4e36fa	P23434__947efca06e4e36fa	1.000	1.000	1.000
P28566__c72476c90452dd73	P28566__c72476c90452dd73	1.000	1.000	1.000
P28566__c72476c90452dd73	P30939__77171773a772e53d	0.585	0.937	0.940
P28566__c72476c90452dd73	P28221__53403167dff491de	0.486	0.975	0.936
P28566__c72476c90452dd73	P28222__0bc8c4af6f71c065	0.484	0.929	0.864
P28566__c72476c90452dd73	P47898__d2f2f70ece4e1535	0.349	0.890	0.840
P28566__c72476c90452dd73	P35462__0c28b2bbcd26288e	0.311	0.874	0.877
P83731__d699a4c699bc72ef	P83731__d699a4c699bc72ef	1.000	1.000	1.000
Q06141__77f442919756f70f	Q06141__77f442919756f70f	1.000	1.000	1.000
Q13105__7820060a22a75318	Q13105__7820060a22a75318	1.000	1.000	1.000
Q13641__51681f2cee5b5729	Q13641__51681f2cee5b5729	1.000	1.000	1.000
Q14814__9645fa2aedb8904c	Q14814__9645fa2aedb8904c	1.000	1.000	1.000
Q14814__9645fa2aedb8904c	Q02078__3449861bcd30cfd2	0.527	0.994	0.996
Q15699__fbb8ed909ca2e7ae	Q15699__fbb8ed909ca2e7ae	1.000	1.000	1.000
Q16828__a3c4d3b475ea0a53	Q16828__a3c4d3b475ea0a53	1.000	1.000	1.000
Q16828__a3c4d3b475ea0a53	Q16829__1729457dd54d4b65	0.719	0.955	0.871
Q16828__a3c4d3b475ea0a53	Q13115__865d65f56fd4b795	0.340	0.895	0.820
Q495A1__22dc14d09647814c	Q495A1__22dc14d09647814c	1.000	1.000	1.000
Q5K651__a4322e5b82d1677b	Q5K651__a4322e5b82d1677b	1.000	1.000	1.000
Q5VVQ6__c7fbad6b1a043280	Q5VVQ6__c7fbad6b1a043280	1.000	1.000	1.000
P34998__d606ec68b032c7d9	P34998__d606ec68b032c7d9	1.000	1.000	1.000
P34998__d606ec68b032c7d9	Q13324__bc83813559fe7be3	0.745	0.896	0.905
P34998__d606ec68b032c7d9	P47871__b236d1c797f666e4	0.314	0.913	0.870
P41143__b75060695513d21a	P41143__b75060695513d21a	1.000	1.000	1.000
P41143__b75060695513d21a	P41145__945340616bafd8d3	0.645	0.849	0.818
P41143__b75060695513d21a	Q99705__9f42fc1aa2a3da79	0.325	0.812	0.858
P41143__b75060695513d21a	P47211__bc481b507d238cc9	0.327	0.806	0.857
P41143__b75060695513d21a	Q969F8__8a2983b0b4fb6c42	0.334	0.858	0.842
P46091__d9e7cf6b4175eb00	P46091__d9e7cf6b4175eb00	1.000	1.000	1.000
P46091__d9e7cf6b4175eb00	P25090__3b25f9aedba54606	0.354	0.896	0.929
P46091__d9e7cf6b4175eb00	P25089__7b91cc56436d597f	0.342	0.848	0.884
P46091__d9e7cf6b4175eb00	P21462__e3bd8aa167ddf1d1	0.342	0.823	0.860
P46091__d9e7cf6b4175eb00	P49685__ff8330db71d2cd9a	0.303	0.876	0.872
P49767__8fd35aadc7b2b246	P49767__8fd35aadc7b2b246	1.000	1.000	1.000
P52952__5c12a1476330e3c0	P52952__5c12a1476330e3c0	1.000	1.000	1.000
Q8TB73__c104d47b5f3b6894	Q8TB73__c104d47b5f3b6894	1.000	1.000	1.000
Q8WV37__4f0687e3b11a148d	Q8WV37__4f0687e3b11a148d	1.000	1.000	1.000
Q8WV37__4f0687e3b11a148d	Q03923__66124a4c935f1ab2	0.459	0.955	0.990
Q8WV37__4f0687e3b11a148d	Q96RE9__104b5f78241b34ea	0.446	0.964	0.949
Q8WV37__4f0687e3b11a148d	O60765__7991d51d11a01c75	0.426	0.961	0.982
Q8WV37__4f0687e3b11a148d	Q9C0F3__a2a7525113cf725b	0.446	0.961	0.983
Q8WV37__4f0687e3b11a148d	P17032__4f8421aced96b030	0.444	0.964	0.975
Q8WV37__4f0687e3b11a148d	O94892__97f614456d810115	0.450	0.951	0.813
Q8WV37__4f0687e3b11a148d	Q9Y2P7__afc52169f38f6127	0.406	0.957	0.895
Q8WV37__4f0687e3b11a148d	P17030__6a63cacc09be9a3d	0.449	0.953	0.974
Q8WV37__4f0687e3b11a148d	P21506__319472b038e86662	0.411	0.950	0.969
Q8WV37__4f0687e3b11a148d	Q8NEP9__54c10d9021494253	0.396	0.948	0.839
Q8WV37__4f0687e3b11a148d	Q9BS31__3451ef9f1c32b2ec	0.429	0.916	0.903
Q8WV37__4f0687e3b11a148d	Q9UJL9__472238ba13daa2c4	0.438	0.895	0.846
Q92733__c46466894cfb7903	Q92733__c46466894cfb7903	1.000	1.000	1.000
Q96AV8__ffc7b9a7b77b600c	Q96AV8__ffc7b9a7b77b600c	1.000	1.000	1.000
Q96G61__1e8838c9307a475b	Q96G61__1e8838c9307a475b	1.000	1.000	1.000
Q96G61__1e8838c9307a475b	Q9NZJ9__533fdedebb83cda5	0.919	0.982	0.889
Q05D32__675c976a1c1b4121	Q05D32__675c976a1c1b4121	1.000	1.000	1.000
Q13084__ffe9c9753231efeb	Q13084__ffe9c9753231efeb	1.000	1.000	1.000
Q13595__df365308c4ad893d	Q13595__df365308c4ad893d	1.000	1.000	1.000
Q13595__df365308c4ad893d	P62995__b24af2931a6b0612	0.635	1.000	1.000
Q14680__aad72692f5e6e292	Q14680__aad72692f5e6e292	1.000	1.000	1.000
Q15696__8fba6d0c318a9f90	Q15696__8fba6d0c318a9f90	1.000	1.000	1.000
Q16822__94d435f6b78e6062	Q16822__94d435f6b78e6062	1.000	1.000	1.000
Q401N2__e5364fe133458416	Q401N2__e5364fe133458416	1.000	1.000	1.000
Q5K131__5d20e72db5256018	Q5K131__5d20e72db5256018	1.000	1.000	1.000
Q5VV67__1335aa13020a0f97	Q5VV67__1335aa13020a0f97	1.000	1.000	1.000
Q6FHJ7__29bedaa425c991df	Q6FHJ7__29bedaa425c991df	1.000	1.000	1.000
Q6PL18__7db2f33ffda54052	Q6PL18__7db2f33ffda54052	1.000	1.000	1.000
Q6PL18__7db2f33ffda54052	Q9ULI0__479f242b8efb9311	0.507	0.891	0.888
Q6WQI6__b3be78b71a385430	Q6WQI6__b3be78b71a385430	1.000	1.000	1.000
Q7RTR2__09ec150847376204	Q7RTR2__09ec150847376204	1.000	1.000	1.000
Q86SQ4__c859a288f6bf9cfa	Q86SQ4__c859a288f6bf9cfa	1.000	1.000	1.000
Q86YH6__cf70a43add10a4b7	Q86YH6__cf70a43add10a4b7	1.000	1.000	1.000
Q8IYL3__98b932a21eea28ce	Q8IYL3__98b932a21eea28ce	1.000	1.000	1.000
Q8N4X5__aa68e3b2f06b2397	Q8N4X5__aa68e3b2f06b2397	1.000	1.000	1.000
Q8NC24__e267f3d07488f16e	Q8NC24__e267f3d07488f16e	1.000	1.000	1.000
Q8NHW3__d3ac52c19747aba3	Q8NHW3__d3ac52c19747aba3	1.000	1.000	1.000
Q8WTR7__91a891547b3b392f	Q8WTR7__91a891547b3b392f	1.000	1.000	1.000
Q8WTR7__91a891547b3b392f	P17014__c56eaa79e23cbb69	0.349	0.954	0.970
Q8WTR7__91a891547b3b392f	Q9NYW8__012ec75c2ced9ef8	0.328	0.954	0.972
Q92583__98d38450baac5598	Q92583__98d38450baac5598	1.000	1.000	1.000
Q92583__98d38450baac5598	Q9Y258__f5e2fc31c84ced48	0.310	0.894	0.926
Q92583__98d38450baac5598	P51671__066cd148df084ff5	0.333	0.819	0.804
Q969U6__186ba4a1e791f110	Q969U6__186ba4a1e791f110	1.000	1.000	1.000
Q96EL2__7d7ea2526189d91a	Q96EL2__7d7ea2526189d91a	1.000	1.000	1.000
Q96JP5__3ce02fa04aa52641	Q96JP5__3ce02fa04aa52641	1.000	1.000	1.000
Q96P68__1a6cccd85e7672cd	Q96P68__1a6cccd85e7672cd	1.000	1.000	1.000
Q96P68__1a6cccd85e7672cd	P47900__5dbfb306761c6e6d	0.361	0.875	0.802
Q96P68__1a6cccd85e7672cd	Q9BXA5__83c9c71a980e422d	0.365	0.855	0.871
Q99250__448e29b0b2d00f07	Q99250__448e29b0b2d00f07	1.000	1.000	1.000
Q99250__448e29b0b2d00f07	P35498__df512f038af3c758	0.872	0.997	1.000
Q99250__448e29b0b2d00f07	P35499__d4b6667304f841b9	0.659	0.972	0.963
Q99250__448e29b0b2d00f07	Q9UI33__31f3d057dcbc2abd	0.482	0.955	0.972
Q9BQN1__b8fc88486b12f43f	Q9BQN1__b8fc88486b12f43f	1.000	1.000	1.000
Q9BUT1__48369dceb09c50fd	Q9BUT1__48369dceb09c50fd	1.000	1.000	1.000
Q9BUT1__48369dceb09c50fd	Q9BPX1__b1fb8b8ca7dfa517	0.322	0.992	0.911
Q9BXV9__9335b79a633c1e15	Q9BXV9__9335b79a633c1e15	1.000	1.000	1.000
Q9GZM7__ad196d8410e203de	Q9GZM7__ad196d8410e203de	1.000	1.000	1.000
Q9H2H9__8b9302b583aae10a	Q9H2H9__8b9302b583aae10a	1.000	1.000	1.000
Q9H665__fd2f28895ec61fe5	Q9H665__fd2f28895ec61fe5	1.000	1.000	1.000
Q9HB58__156fa71ba0f03374	Q9HB58__156fa71ba0f03374	1.000	1.000	1.000
Q9NP94__4a91ea2645efecc4	Q9NP94__4a91ea2645efecc4	1.000	1.000	1.000
Q9NRV9__d33baeb41d25e933	Q9NRV9__d33baeb41d25e933	1.000	1.000	1.000
Q9NX02__5b347cb59cf85bc2	Q9NX02__5b347cb59cf85bc2	1.000	1.000	1.000
Q9NX02__5b347cb59cf85bc2	P59046__bce6651626bc9258	0.336	0.960	0.971
Q9NZK5__8444c71551b3c402	Q9NZK5__8444c71551b3c402	1.000	1.000	1.000
Q9UBZ9__8d2a0cc5fc5e2361	Q9UBZ9__8d2a0cc5fc5e2361	1.000	1.000	1.000
Q9UIF8__2d0a1e51ee3c726a	Q9UIF8__2d0a1e51ee3c726a	1.000	1.000	1.000
Q9ULD5__7977761a1dd4262d	Q9ULD5__7977761a1dd4262d	1.000	1.000	1.000
P51857__4d47dfe17e640221	P51857__4d47dfe17e640221	1.000	1.000	1.000
P51857__4d47dfe17e640221	P42330__7a787644dd8d6e14	0.561	0.972	0.978
P58004__581332e2a42b24c1	P58004__581332e2a42b24c1	1.000	1.000	1.000
P62906__c05929923cf94434	P62906__c05929923cf94434	1.000	1.000	1.000
P83111__bea3f92726a3dc44	P83111__bea3f92726a3dc44	1.000	1.000	1.000
Q05481__8a535449fe611d30	Q05481__8a535449fe611d30	1.000	1.000	1.000
Q13077__26741763f4014375	Q13077__26741763f4014375	1.000	1.000	1.000
Q13573__9b024ea8d7b4f9eb	Q13573__9b024ea8d7b4f9eb	1.000	1.000	1.000
Q14627__19976f696e7fa9e9	Q14627__19976f696e7fa9e9	1.000	1.000	1.000
Q15648__61f17c512bac7aef	Q15648__61f17c512bac7aef	1.000	1.000	1.000
Q16769__422f5a848c7a8657	Q16769__422f5a848c7a8657	1.000	1.000	1.000
Q3ZCT1__e58c2c8e6b1b3b95	Q3ZCT1__e58c2c8e6b1b3b95	1.000	1.000	1.000
Q3ZCT1__e58c2c8e6b1b3b95	P17030__6a63cacc09be9a3d	0.532	0.891	0.807
Q5JY77__52667e062c83e750	Q5JY77__52667e062c83e750	1.000	1.000	1.000
Q5VUG0__5da9b83525bc40d1	Q5VUG0__5da9b83525bc40d1	1.000	1.000	1.000
Q5VUG0__5da9b83525bc40d1	Q9UHJ3__e8fd18bde8ab47cd	0.553	0.972	0.999
Q6EIG7__4332a5c8f8f77e85	Q6EIG7__4332a5c8f8f77e85	1.000	1.000	1.000
Q6EIG7__4332a5c8f8f77e85	Q8WTT0__66a94b559a2d79b3	0.539	1.000	1.000
Q6EIG7__4332a5c8f8f77e85	Q8WXI8__3123999b4d42c36d	0.423	0.871	0.870
Q6PJP8__94dab7050e09cd3c	Q6PJP8__94dab7050e09cd3c	1.000	1.000	1.000
Q6W2J9__fb1596c539433cf0	Q6W2J9__fb1596c539433cf0	1.000	1.000	1.000
Q7L7X3__3d64f6b2108bdd70	Q7L7X3__3d64f6b2108bdd70	1.000	1.000	1.000
Q86SM8__570aefc87f2c673f	Q86SM8__570aefc87f2c673f	1.000	1.000	1.000
Q86SM8__570aefc87f2c673f	Q8TDS7__40913e0ac413cfda	0.398	0.872	0.869
Q86SM8__570aefc87f2c673f	Q96LA9__b3086793d63b07c4	0.375	0.926	0.910
Q86YD5__7533f65ae4d87915	Q86YD5__7533f65ae4d87915	1.000	1.000	1.000
Q8IYJ3__ba4e1cf80bce4ff0	Q8IYJ3__ba4e1cf80bce4ff0	1.000	1.000	1.000
Q8N4T4__f5d01eb5df1de038	Q8N4T4__f5d01eb5df1de038	1.000	1.000	1.000
Q8NBZ0__fc482b55816a0276	Q8NBZ0__fc482b55816a0276	1.000	1.000	1.000
Q8NHV9__dd57e6b3d0594ec5	Q8NHV9__dd57e6b3d0594ec5	1.000	1.000	1.000
Q8TF66__ce37201f3a38d7fa	Q8TF66__ce37201f3a38d7fa	1.000	1.000	1.000
Q92564__07f40a8b41ff608a	Q92564__07f40a8b41ff608a	1.000	1.000	1.000
Q969S2__1936fc913cb2b011	Q969S2__1936fc913cb2b011	1.000	1.000	1.000
Q96EH8__6339a607cd756404	Q96EH8__6339a607cd756404	1.000	1.000	1.000
Q96JN0__b1cfd592808015db	Q96JN0__b1cfd592808015db	1.000	1.000	1.000
Q96P47__730ecd6fed3c96b7	Q96P47__730ecd6fed3c96b7	1.000	1.000	1.000
Q96P47__730ecd6fed3c96b7	Q9UPQ3__acd78391a36ac1b3	0.712	0.974	0.996
Q96T66__53d18cbc21a53ef6	Q96T66__53d18cbc21a53ef6	1.000	1.000	1.000
Q96T66__53d18cbc21a53ef6	Q9HAN9__b4fc93511b787a1a	0.508	0.917	0.896
Q9BUJ2__88d61a0a529c2068	Q9BUJ2__88d61a0a529c2068	1.000	1.000	1.000
Q9BXL5__d670076aa200bd4c	Q9BXL5__d670076aa200bd4c	1.000	1.000	1.000
Q9C0H2__11d1dfa2cfdb58ec	Q9C0H2__11d1dfa2cfdb58ec	1.000	1.000	1.000
Q9C0H2__11d1dfa2cfdb58ec	Q9BSA4__a0c084890237a0a3	0.420	0.975	0.966
Q9H257__b4a3064cf0def007	Q9H257__b4a3064cf0def007	1.000	1.000	1.000
Q9H5Y7__d151d9158d254f1a	Q9H5Y7__d151d9158d254f1a	1.000	1.000	1.000
Q9HAW4__d0aea8dcecffc82e	Q9HAW4__d0aea8dcecffc82e	1.000	1.000	1.000
Q9NP86__0d908c424ec3fc0c	Q9NP86__0d908c424ec3fc0c	1.000	1.000	1.000
Q9NRP2__cf82f081e958f3b0	Q9NRP2__cf82f081e958f3b0	1.000	1.000	1.000
Q9NWZ3__d1e98792da352b2d	Q9NWZ3__d1e98792da352b2d	1.000	1.000	1.000
Q9NZJ4__5b976fe4afbf54bd	Q9NZJ4__5b976fe4afbf54bd	1.000	1.000	1.000
Q9UBW7__0ad13e0156d5423c	Q9UBW7__0ad13e0156d5423c	1.000	1.000	1.000
Q9UIB8__54fbd30ada53cdab	Q9UIB8__54fbd30ada53cdab	1.000	1.000	1.000
Q9ULC6__0f3ae0eb7a1c534a	Q9ULC6__0f3ae0eb7a1c534a	1.000	1.000	1.000
Q9ULC6__0f3ae0eb7a1c534a	Q9ULW8__a8c516edae75d8c1	0.575	1.000	1.000
Q9ULC6__0f3ae0eb7a1c534a	Q9Y2J8__a058df6612aa42c4	0.521	1.000	1.000
Q9Y222__65cc85e3ba0df59f	Q9Y222__65cc85e3ba0df59f	1.000	1.000	1.000
Q9Y3D2__6ec5f2922bc88e1b	Q9Y3D2__6ec5f2922bc88e1b	1.000	1.000	1.000
Q8NBC4__deb234d0f50478c2	Q8NBC4__deb234d0f50478c2	1.000	1.000	1.000
Q8NHU6__f935623e082f1e70	Q8NHU6__f935623e082f1e70	1.000	1.000	1.000
Q8TF46__a60e8ab0d983e76d	Q8TF46__a60e8ab0d983e76d	1.000	1.000	1.000
Q92536__46ada3726ae8631a	Q92536__46ada3726ae8631a	1.000	1.000	1.000
Q969P6__870711ec3c49f0f0	Q969P6__870711ec3c49f0f0	1.000	1.000	1.000
Q5JTZ9__f3fd470ed532f287	Q5JTZ9__f3fd470ed532f287	1.000	1.000	1.000
Q5VUB5__0b5afb182fc810d2	Q5VUB5__0b5afb182fc810d2	1.000	1.000	1.000
Q6ECI4__3b54065604538766	Q6ECI4__3b54065604538766	1.000	1.000	1.000
Q6ECI4__3b54065604538766	P17014__c56eaa79e23cbb69	0.480	0.911	0.976
Q6ECI4__3b54065604538766	Q8TF45__a525adcb0a8550ea	0.455	0.953	0.993
Q6ECI4__3b54065604538766	Q8WXB4__85e3777aa6bfc4c6	0.440	0.948	0.919
Q6ECI4__3b54065604538766	Q03923__66124a4c935f1ab2	0.455	0.915	0.995
Q6ECI4__3b54065604538766	Q9NYW8__012ec75c2ced9ef8	0.439	0.947	0.975
Q6ECI4__3b54065604538766	Q9NZL3__3b99100d8ad8ce6e	0.418	0.953	0.952
Q6ECI4__3b54065604538766	O94892__97f614456d810115	0.447	0.912	0.989
Q6ECI4__3b54065604538766	Q96RE9__104b5f78241b34ea	0.469	0.873	0.988
Q6ECI4__3b54065604538766	O60765__7991d51d11a01c75	0.460	0.874	0.980
Q6ECI4__3b54065604538766	Q8NEP9__54c10d9021494253	0.417	0.953	0.938
Q6PJ69__dbb3f823bcfef6e0	Q6PJ69__dbb3f823bcfef6e0	1.000	1.000	1.000
Q6VMQ6__4af05150a8949a99	Q6VMQ6__4af05150a8949a99	1.000	1.000	1.000
Q7Z410__daeef2c6081d449e	Q7Z410__daeef2c6081d449e	1.000	1.000	1.000
Q86UQ0__11e61b8c9121437b	Q86UQ0__11e61b8c9121437b	1.000	1.000	1.000
Q86UQ0__11e61b8c9121437b	Q96H86__98ab6f0022acc78e	0.309	0.953	0.828
Q8IU81__0b5f3e244e32fbc2	Q8IU81__0b5f3e244e32fbc2	1.000	1.000	1.000
Q8IZJ0__e2fcf56e6e6e10e5	Q8IZJ0__e2fcf56e6e6e10e5	1.000	1.000	1.000
Q8IZJ0__e2fcf56e6e6e10e5	Q8IZI9__975dabf645857e32	0.959	0.980	1.000
Q8IZJ0__e2fcf56e6e6e10e5	Q8IU54__44e9d65a85e80ee6	0.722	0.955	0.930
Q8N5Z5__3cce6352e683d134	Q8N5Z5__3cce6352e683d134	1.000	1.000	1.000
Q5SSG8__436e35edf5f86dbe	Q5SSG8__436e35edf5f86dbe	1.000	1.000	1.000
Q5VZE5__6f3a2b5ecb18f4c7	Q5VZE5__6f3a2b5ecb18f4c7	1.000	1.000	1.000
Q6NSW7__59096b2907462acd	Q6NSW7__59096b2907462acd	1.000	1.000	1.000
Q6NSW7__59096b2907462acd	Q9H9S0__69eb8449993f85a2	0.990	1.000	1.000
Q6UB99__42fcff59cc8bc2a1	Q6UB99__42fcff59cc8bc2a1	1.000	1.000	1.000
Q6ZN30__a9e0bb327d45024e	Q6ZN30__a9e0bb327d45024e	1.000	1.000	1.000
Q13886__63b0e9b53ba251fc	Q13886__63b0e9b53ba251fc	1.000	1.000	1.000
Q13886__63b0e9b53ba251fc	Q9Y2Y9__d6219811f6d9f871	0.448	0.963	0.899
Q14973__53e4ed46e55eff8b	Q14973__53e4ed46e55eff8b	1.000	1.000	1.000
Q15814__bcba9c3f815dccc9	Q15814__bcba9c3f815dccc9	1.000	1.000	1.000
Q1T7F1__e70b15c4c8fd6776	Q1T7F1__e70b15c4c8fd6776	1.000	1.000	1.000
Q502W6__c0735888e8d17da9	Q502W6__c0735888e8d17da9	1.000	1.000	1.000
P60827__8e232b1e5680f055	P60827__8e232b1e5680f055	1.000	1.000	1.000
P68400__f76d4444f84e1144	P68400__f76d4444f84e1144	1.000	1.000	1.000
P98066__7f534c0fa6dff084	P98066__7f534c0fa6dff084	1.000	1.000	1.000
Q08188__894d1c17cf9a327d	Q08188__894d1c17cf9a327d	1.000	1.000	1.000
Q08188__894d1c17cf9a327d	O95932__fb935d6a85923108	0.498	0.999	0.996
Q08188__894d1c17cf9a327d	O43548__c352a992508efb61	0.446	0.993	0.989
Q13201__dbaf6de802c8a317	Q13201__dbaf6de802c8a317	1.000	1.000	1.000
Q9BYC9__2c1245ca9c5545db	Q9BYC9__2c1245ca9c5545db	1.000	1.000	1.000
Q9GZU7__9c84f2f97b5216c6	Q9GZU7__9c84f2f97b5216c6	1.000	1.000	1.000
Q9H334__5248da002fbcd3f3	Q9H334__5248da002fbcd3f3	1.000	1.000	1.000
Q9H7M9__43533c1b1899c9ee	Q9H7M9__43533c1b1899c9ee	1.000	1.000	1.000
Q9HBL7__2b6b548714e39d77	Q9HBL7__2b6b548714e39d77	1.000	1.000	1.000
Q96KK3__3f1118d08733ba2b	Q96KK3__3f1118d08733ba2b	1.000	1.000	1.000
Q96KK3__3f1118d08733ba2b	Q6PIU1__0f328c10fb9ccd0e	0.397	0.873	0.882
Q96KK3__3f1118d08733ba2b	P17658__eda1448fb4187cfe	0.307	0.806	0.820
Q96PZ0__278a51068dea562c	Q96PZ0__278a51068dea562c	1.000	1.000	1.000
Q99666__e0e47132c6f0ebf9	Q99666__e0e47132c6f0ebf9	1.000	1.000	1.000
Q9BRJ7__79e1b323bf894c47	Q9BRJ7__79e1b323bf894c47	1.000	1.000	1.000
Q9BVG3__40647b2197bdaf46	Q9BVG3__40647b2197bdaf46	1.000	1.000	1.000
Q86U86__74456b553ff5ddac	Q86U86__74456b553ff5ddac	1.000	1.000	1.000
Q8IU80__2e8dbcaee122b217	Q8IU80__2e8dbcaee122b217	1.000	1.000	1.000
Q8IZI9__975dabf645857e32	Q8IZI9__975dabf645857e32	1.000	1.000	1.000
Q8IZI9__975dabf645857e32	Q8IZJ0__e2fcf56e6e6e10e5	0.959	1.000	0.980
Q8IZI9__975dabf645857e32	Q8IU54__44e9d65a85e80ee6	0.740	0.964	0.920
Q8N5Y2__ed778e91026a3198	Q8N5Y2__ed778e91026a3198	1.000	1.000	1.000
Q8NEC7__887bdc3fd2250d7d	Q8NEC7__887bdc3fd2250d7d	1.000	1.000	1.000
P67870__feabc8446b38eaba	P67870__feabc8446b38eaba	1.000	1.000	1.000
P86397__5a9e1b2c2ca4a19f	P86397__5a9e1b2c2ca4a19f	1.000	1.000	1.000
Q07108__34f933c02be90129	Q07108__34f933c02be90129	1.000	1.000	1.000
Q13191__f3dc4d33671931ee	Q13191__f3dc4d33671931ee	1.000	1.000	1.000
Q13873__8cf7ac731c31e2b6	Q13873__8cf7ac731c31e2b6	1.000	1.000	1.000
P17028__ae803153b1c784e0	P17028__ae803153b1c784e0	1.000	1.000	1.000
P21462__e3bd8aa167ddf1d1	P21462__e3bd8aa167ddf1d1	1.000	1.000	1.000
P21462__e3bd8aa167ddf1d1	P25090__3b25f9aedba54606	0.688	0.997	0.997
P21462__e3bd8aa167ddf1d1	P25089__7b91cc56436d597f	0.585	0.997	0.997
P21462__e3bd8aa167ddf1d1	P46091__d9e7cf6b4175eb00	0.341	0.854	0.817
P21462__e3bd8aa167ddf1d1	P30556__6dae55828357a788	0.318	0.843	0.813
P21462__e3bd8aa167ddf1d1	Q9P296__e224ab058cffa673	0.310	0.840	0.807
P26373__b9355759f0965942	P26373__b9355759f0965942	1.000	1.000	1.000
P30273__ea929f5e5df52078	P30273__ea929f5e5df52078	1.000	1.000	1.000
P34982__1a63499965a86aa9	P34982__1a63499965a86aa9	1.000	1.000	1.000
P34982__1a63499965a86aa9	Q9P1Q5__9a79439422ed7847	0.500	0.968	0.974
P34982__1a63499965a86aa9	Q9Y585__6d632c8fc2495dec	0.480	0.968	0.974
P34982__1a63499965a86aa9	Q8NHC4__09b6b03397b04a0a	0.398	0.971	0.981
P34982__1a63499965a86aa9	Q8NGD0__4a399e4ae20c6ba5	0.381	0.984	0.981
P34982__1a63499965a86aa9	A6NND4__1ab350c3762ee58b	0.348	0.946	0.928
P34982__1a63499965a86aa9	Q8TCB6__b818339bbd8ec524	0.308	0.962	0.950
P32246__420451b14360d287	P32246__420451b14360d287	1.000	1.000	1.000
P32246__420451b14360d287	P51677__e3086b374aa4bcf7	0.653	0.935	0.935
P32246__420451b14360d287	P51681__7474668859b42bd1	0.568	0.961	0.972
P32246__420451b14360d287	P51685__5cd8cb49bc5ec707	0.443	0.865	0.865
P32246__420451b14360d287	P49238__b66b51e686863856	0.445	0.873	0.862
P32246__420451b14360d287	O00421__d840712ed2c46605	0.440	0.859	0.872
P32246__420451b14360d287	P30556__6dae55828357a788	0.356	0.823	0.833
P32246__420451b14360d287	P32249__beaf23edd999b6cb	0.324	0.820	0.837
P35659__4da9cd1142760751	P35659__4da9cd1142760751	1.000	1.000	1.000
P42765__f2a074dbe3797d3b	P42765__f2a074dbe3797d3b	1.000	1.000	1.000
P42765__f2a074dbe3797d3b	P24752__1216a9416365af9e	0.402	0.985	0.906
P48552__fe8f644aa6c86a0b	P48552__fe8f644aa6c86a0b	1.000	1.000	1.000
P51671__066cd148df084ff5	P51671__066cd148df084ff5	1.000	1.000	1.000
P51671__066cd148df084ff5	P13500__3812ea62049d89f0	0.704	0.990	0.990
P51671__066cd148df084ff5	Q92583__98d38450baac5598	0.333	0.804	0.819
P56177__5cea5ceeb5354239	P56177__5cea5ceeb5354239	1.000	1.000	1.000
P56177__5cea5ceeb5354239	Q92988__017754d76f203726	0.415	0.992	1.000
P62829__30128ffd0262c4bc	P62829__30128ffd0262c4bc	1.000	1.000	1.000
P82921__d6b3113066be9f4f	P82921__d6b3113066be9f4f	1.000	1.000	1.000
Q03923__66124a4c935f1ab2	Q03923__66124a4c935f1ab2	1.000	1.000	1.000
Q03923__66124a4c935f1ab2	Q6ECI4__3b54065604538766	0.460	0.995	0.915
Q03923__66124a4c935f1ab2	Q9NZL3__3b99100d8ad8ce6e	0.451	0.988	0.868
Q03923__66124a4c935f1ab2	P17014__c56eaa79e23cbb69	0.430	0.988	0.974
Q03923__66124a4c935f1ab2	Q8TF45__a525adcb0a8550ea	0.405	0.988	0.988
Q03923__66124a4c935f1ab2	O60765__7991d51d11a01c75	0.483	0.988	0.975
Q03923__66124a4c935f1ab2	Q9Y2P7__afc52169f38f6127	0.433	0.990	0.982
Q03923__66124a4c935f1ab2	Q8NEP9__54c10d9021494253	0.449	0.995	0.939
Q03923__66124a4c935f1ab2	O94892__97f614456d810115	0.436	0.990	0.988
Q03923__66124a4c935f1ab2	Q9NYW8__012ec75c2ced9ef8	0.415	0.993	0.941
Q03923__66124a4c935f1ab2	Q96RE9__104b5f78241b34ea	0.465	0.988	0.985
Q03923__66124a4c935f1ab2	Q8WV37__4f0687e3b11a148d	0.461	0.990	0.955
Q03923__66124a4c935f1ab2	P21506__319472b038e86662	0.413	0.988	0.972
Q03923__66124a4c935f1ab2	P17032__4f8421aced96b030	0.415	0.990	0.966
Q12948__61c1fa2212fc2637	Q12948__61c1fa2212fc2637	1.000	1.000	1.000
Q12948__61c1fa2212fc2637	Q99958__92d956e2a58c2911	0.487	1.000	1.000
Q13495__afcdf772c72de1a3	Q13495__afcdf772c72de1a3	1.000	1.000	1.000
Q14406__77f9050abd060e90	Q14406__77f9050abd060e90	1.000	1.000	1.000
Q14406__77f9050abd060e90	P01241__8fb62f9161f42d75	0.792	1.000	1.000
Q15406__87b5367a8f068022	Q15406__87b5367a8f068022	1.000	1.000	1.000
Q16602__0570c5d169e261bd	Q16602__0570c5d169e261bd	1.000	1.000	1.000
Q16602__0570c5d169e261bd	P30988__eef79041ae0d751b	0.576	0.954	0.935
Q3MHD2__52bd9529a7fc22b6	Q3MHD2__52bd9529a7fc22b6	1.000	1.000	1.000
Q5H943__3ee1f6279c767c18	Q5H943__3ee1f6279c767c18	1.000	1.000	1.000
Q5VSL9__eac86d1dabd226fe	Q5VSL9__eac86d1dabd226fe	1.000	1.000	1.000
Q5VSL9__eac86d1dabd226fe	Q9ULQ0__b00cd1e9da8769db	0.715	0.945	0.963
Q6DJT9__886b146b2d6be78e	Q6DJT9__886b146b2d6be78e	1.000	1.000	1.000
Q6DJT9__886b146b2d6be78e	Q9UM63__17e97fcdbccdf4ab	0.471	0.934	0.994
Q6PI98__a57ffed66c853b6d	Q6PI98__a57ffed66c853b6d	1.000	1.000	1.000
Q6UXH8__c738c4f6263e3025	Q6UXH8__c738c4f6263e3025	1.000	1.000	1.000
Q7L3B6__f21153d61901c525	Q7L3B6__f21153d61901c525	1.000	1.000	1.000
Q7Z6M4__b7407fcfcc95b0e6	Q7Z6M4__b7407fcfcc95b0e6	1.000	1.000	1.000
Q86XT4__21215e3814577aa9	Q86XT4__21215e3814577aa9	1.000	1.000	1.000
Q8IXM3__672c9236d72b7d9b	Q8IXM3__672c9236d72b7d9b	1.000	1.000	1.000
Q8N392__25ce4f81f61dd3a2	Q8N392__25ce4f81f61dd3a2	1.000	1.000	1.000
Q8N9N8__622812cdd3c78680	Q8N9N8__622812cdd3c78680	1.000	1.000	1.000
Q8NGD0__4a399e4ae20c6ba5	Q8NGD0__4a399e4ae20c6ba5	1.000	1.000	1.000
Q8NGD0__4a399e4ae20c6ba5	Q9P1Q5__9a79439422ed7847	0.398	0.984	0.994
Q8NGD0__4a399e4ae20c6ba5	P34982__1a63499965a86aa9	0.381	0.981	0.984
Q8NGD0__4a399e4ae20c6ba5	Q8NHC4__09b6b03397b04a0a	0.386	0.984	0.997
Q8NGD0__4a399e4ae20c6ba5	Q9Y585__6d632c8fc2495dec	0.391	0.952	0.961
Q8NGD0__4a399e4ae20c6ba5	A6NND4__1ab350c3762ee58b	0.366	0.958	0.944
Q8NGD0__4a399e4ae20c6ba5	Q8TCB6__b818339bbd8ec524	0.326	0.936	0.928
Q8TE85__7d10818504bb7d32	Q8TE85__7d10818504bb7d32	1.000	1.000	1.000
Q8TE85__7d10818504bb7d32	Q9NZI5__7b1c98c7ca0db168	0.453	0.922	0.960
Q8WXE1__650351c2cd5cf77e	Q8WXE1__650351c2cd5cf77e	1.000	1.000	1.000
Q969J5__32941c68f8149bc9	Q969J5__32941c68f8149bc9	1.000	1.000	1.000
Q96DV4__59cb151fa5bb83d0	Q96DV4__59cb151fa5bb83d0	1.000	1.000	1.000
Q96IZ6__086c5e2a6fd6306c	Q96IZ6__086c5e2a6fd6306c	1.000	1.000	1.000
Q96IZ6__086c5e2a6fd6306c	Q6P1Q9__676b6da9a5ce4929	0.984	1.000	1.000
Q96N64__4878e4a941f8d9e5	Q96N64__4878e4a941f8d9e5	1.000	1.000	1.000
Q96SY0__dceb43df13f19516	Q96SY0__dceb43df13f19516	1.000	1.000	1.000
Q9BQ65__e879a668629c3b56	Q9BQ65__e879a668629c3b56	1.000	1.000	1.000
Q9BTL3__5b73efc9c11a09e0	Q9BTL3__5b73efc9c11a09e0	1.000	1.000	1.000
Q9BXB1__8f414dfc5f20967b	Q9BXB1__8f414dfc5f20967b	1.000	1.000	1.000
Q9BXB1__8f414dfc5f20967b	Q9HBX8__3516f5207cb15271	0.474	0.938	0.938
Q9C040__5675330c0c504dda	Q9C040__5675330c0c504dda	1.000	1.000	1.000
Q9H1D0__de54b9165094fbbc	Q9H1D0__de54b9165094fbbc	1.000	1.000	1.000
Q9H4Z2__7466f402c3160eb4	Q9H4Z2__7466f402c3160eb4	1.000	1.000	1.000
Q9HAC7__975e9d95e77f8ee2	Q9HAC7__975e9d95e77f8ee2	1.000	1.000	1.000
Q9HCY8__3cdbf86b13d42774	Q9HCY8__3cdbf86b13d42774	1.000	1.000	1.000
Q9NR82__730df54c5738d6d8	Q9NR82__730df54c5738d6d8	1.000	1.000	1.000
Q9NWQ8__4d57afe2d9f33aa9	Q9NWQ8__4d57afe2d9f33aa9	1.000	1.000	1.000
Q9NZE8__8d0f7f455ee24942	Q9NZE8__8d0f7f455ee24942	1.000	1.000	1.000
Q9UBL9__8d81dcbb879116c8	Q9UBL9__8d81dcbb879116c8	1.000	1.000	1.000
Q9UI36__b7f2685248bb8011	Q9UI36__b7f2685248bb8011	1.000	1.000	1.000
Q9UL49__91ec4977e5f1706f	Q9UL49__91ec4977e5f1706f	1.000	1.000	1.000
Q9UPN9__aeedad7c223f3aa3	Q9UPN9__aeedad7c223f3aa3	1.000	1.000	1.000
Q9Y388__d22100f3eeb8ecc7	Q9Y388__d22100f3eeb8ecc7	1.000	1.000	1.000
Q9Y5R4__0007113a4f2cc16f	Q9Y5R4__0007113a4f2cc16f	1.000	1.000	1.000
A1Z1Q3__872c0ec9e3b701db	A1Z1Q3__872c0ec9e3b701db	1.000	1.000	1.000
H3BV60__1fc799d747fec8f0	H3BV60__1fc799d747fec8f0	1.000	1.000	1.000
O14732__9dae2591785e6506	O14732__9dae2591785e6506	1.000	1.000	1.000
O14732__9dae2591785e6506	P29218__8dfa317b0c2b7bd7	0.534	0.955	0.993
O43313__b13374e7d87928a3	O43313__b13374e7d87928a3	1.000	1.000	1.000
O60721__6046c937402d6f9a	O60721__6046c937402d6f9a	1.000	1.000	1.000
O75663__b0b3e59968776a01	O75663__b0b3e59968776a01	1.000	1.000	1.000
O95407__a6a678e27aa189f4	O95407__a6a678e27aa189f4	1.000	1.000	1.000
P01215__3b00b149fb9cf76d	P01215__3b00b149fb9cf76d	1.000	1.000	1.000
P04280__0627c16e43512d3b	P04280__0627c16e43512d3b	1.000	1.000	1.000
P09466__03db67f5ccc79c0e	P09466__03db67f5ccc79c0e	1.000	1.000	1.000
P10092__897858f6351316c9	P10092__897858f6351316c9	1.000	1.000	1.000
P10092__897858f6351316c9	P06881__c9996ffe4f3651e0	0.875	1.000	1.000
P15260__dcb9b4a6becaaea5	P15260__dcb9b4a6becaaea5	1.000	1.000	1.000
P20023__8b918d84682153ef	P20023__8b918d84682153ef	1.000	1.000	1.000
P23760__2bda27b070243018	P23760__2bda27b070243018	1.000	1.000	1.000
P28827__df563f7892d7a8dd	P28827__df563f7892d7a8dd	1.000	1.000	1.000
P32249__beaf23edd999b6cb	P32249__beaf23edd999b6cb	1.000	1.000	1.000
P32249__beaf23edd999b6cb	P32246__420451b14360d287	0.309	0.914	0.890
P35716__990389c3f8355698	P35716__990389c3f8355698	1.000	1.000	1.000
P35716__990389c3f8355698	Q06945__e20d4a310232ae32	0.431	0.916	0.901
P42766__e5524cc2f2b08493	P42766__e5524cc2f2b08493	1.000	1.000	1.000
P48594__643fa1288d817ac7	P48594__643fa1288d817ac7	1.000	1.000	1.000
P48594__643fa1288d817ac7	P29508__5c4614c4d5244277	0.917	1.000	1.000
P48594__643fa1288d817ac7	P35237__0bc7dc2f5cf163bd	0.465	1.000	1.000
P48594__643fa1288d817ac7	P05121__85dcfe09ecc84ccb	0.314	0.964	0.898
P51677__e3086b374aa4bcf7	P51677__e3086b374aa4bcf7	1.000	1.000	1.000
P51677__e3086b374aa4bcf7	P32246__420451b14360d287	0.632	0.986	0.989
P51677__e3086b374aa4bcf7	P51681__7474668859b42bd1	0.533	0.930	0.940
P51677__e3086b374aa4bcf7	P51685__5cd8cb49bc5ec707	0.393	0.952	0.949
P51677__e3086b374aa4bcf7	P49238__b66b51e686863856	0.425	0.896	0.887
P51677__e3086b374aa4bcf7	O00421__d840712ed2c46605	0.444	0.828	0.840
P51677__e3086b374aa4bcf7	P30556__6dae55828357a788	0.326	0.910	0.889
P56277__6c14ce5cf148a90d	P56277__6c14ce5cf148a90d	1.000	1.000	1.000
P62841__d1eb8ca9961aeeac	P62841__d1eb8ca9961aeeac	1.000	1.000	1.000
P82930__72ba5b40369af0c9	P82930__72ba5b40369af0c9	1.000	1.000	1.000
Q03989__afb11eedc82f1515	Q03989__afb11eedc82f1515	1.000	1.000	1.000
Q12952__3a6860c45b5a93e5	Q12952__3a6860c45b5a93e5	1.000	1.000	1.000
Q13507__c1b0c7a28dc80a69	Q13507__c1b0c7a28dc80a69	1.000	1.000	1.000
Q13507__c1b0c7a28dc80a69	Q9Y210__d3d0063c8bdeae93	0.733	0.906	0.918
Q13507__c1b0c7a28dc80a69	P48995__0b3c67de268a6557	0.349	0.849	0.922
Q14469__7a179922344f7ecb	Q14469__7a179922344f7ecb	1.000	1.000	1.000
Q15424__f92129181f754a71	Q15424__f92129181f754a71	1.000	1.000	1.000
Q16612__52519716508b76bb	Q16612__52519716508b76bb	1.000	1.000	1.000
Q3SXM0__b0f44a0e884149f9	Q3SXM0__b0f44a0e884149f9	1.000	1.000	1.000
Q5H9F3__48b00b4eae031e36	Q5H9F3__48b00b4eae031e36	1.000	1.000	1.000
Q5VTD9__4eaec34183653ae2	Q5VTD9__4eaec34183653ae2	1.000	1.000	1.000
Q6DKI7__597d89821992c780	Q6DKI7__597d89821992c780	1.000	1.000	1.000
Q6PII3__039588b42955e349	Q6PII3__039588b42955e349	1.000	1.000	1.000
Q6UXV0__9674ae254efaa5e9	Q6UXV0__9674ae254efaa5e9	1.000	1.000	1.000
Q7L3V2__c764aa32c46a1ccf	Q7L3V2__c764aa32c46a1ccf	1.000	1.000	1.000
Q7Z7F7__20add78316e86e23	Q7Z7F7__20add78316e86e23	1.000	1.000	1.000
Q86XT9__ab5104865c330bee	Q86XT9__ab5104865c330bee	1.000	1.000	1.000
Q8IY21__eda1de0399b07142	Q8IY21__eda1de0399b07142	1.000	1.000	1.000
Q8N3F0__895f97cd750f8f04	Q8N3F0__895f97cd750f8f04	1.000	1.000	1.000
Q8N9W6__a74c98440a4762c4	Q8N9W6__a74c98440a4762c4	1.000	1.000	1.000
Q8NHC4__09b6b03397b04a0a	Q8NHC4__09b6b03397b04a0a	1.000	1.000	1.000
Q8NHC4__09b6b03397b04a0a	P34982__1a63499965a86aa9	0.398	0.981	0.971
Q8NHC4__09b6b03397b04a0a	Q9P1Q5__9a79439422ed7847	0.411	1.000	0.997
Q8NHC4__09b6b03397b04a0a	Q9Y585__6d632c8fc2495dec	0.411	1.000	0.997
Q8NHC4__09b6b03397b04a0a	Q8NGD0__4a399e4ae20c6ba5	0.386	0.997	0.984
Q8NHC4__09b6b03397b04a0a	A6NND4__1ab350c3762ee58b	0.342	0.958	0.931
Q8TEA1__c956bbaf62ab4759	Q8TEA1__c956bbaf62ab4759	1.000	1.000	1.000
Q8WXI8__3123999b4d42c36d	Q8WXI8__3123999b4d42c36d	1.000	1.000	1.000
Q8WXI8__3123999b4d42c36d	Q8WTT0__66a94b559a2d79b3	0.431	0.958	0.958
Q8WXI8__3123999b4d42c36d	Q6EIG7__4332a5c8f8f77e85	0.409	0.870	0.871
Q969K4__b6c1180165210e8b	Q969K4__b6c1180165210e8b	1.000	1.000	1.000
Q96DX5__ee08ee5b7b6cd3f8	Q96DX5__ee08ee5b7b6cd3f8	1.000	1.000	1.000
Q96DX5__ee08ee5b7b6cd3f8	Q9Y576__45ec7024afa5d318	0.304	0.864	0.878
Q96J84__d6ad5dc9d0699771	Q96J84__d6ad5dc9d0699771	1.000	1.000	1.000
Q96N77__32ef07a964b9c460	Q96N77__32ef07a964b9c460	1.000	1.000	1.000
Q96SZ4__3136ce377934a8b2	Q96SZ4__3136ce377934a8b2	1.000	1.000	1.000
Q96SZ4__3136ce377934a8b2	O14978__c4f71ba247d1fe9d	0.328	0.987	0.994
Q9BQ69__090cb87ee8a74cb5	Q9BQ69__090cb87ee8a74cb5	1.000	1.000	1.000
Q9BTP7__1a8c0e84406d0caf	Q9BTP7__1a8c0e84406d0caf	1.000	1.000	1.000
Q9BXC0__c32755f7cf88545d	Q9BXC0__c32755f7cf88545d	1.000	1.000	1.000
Q9BXC0__c32755f7cf88545d	P49019__0176c827199dd0c3	0.523	0.980	0.884
Q9BXC0__c32755f7cf88545d	Q8TDS4__82d815907e654032	0.523	0.980	0.942
Q9BXC0__c32755f7cf88545d	O00270__7a37ad394cf633ae	0.343	0.827	0.912
Q9BXC0__c32755f7cf88545d	P43657__4ae30283a4f540c0	0.301	0.809	0.846
Q9C0A1__d0bd96063979cce8	Q9C0A1__d0bd96063979cce8	1.000	1.000	1.000
Q9H1D9__fb08d1daace8f376	Q9H1D9__fb08d1daace8f376	1.000	1.000	1.000
Q9H4Z3__77937164a1cbeb98	Q9H4Z3__77937164a1cbeb98	1.000	1.000	1.000
Q9HAD4__22ef89ef63909567	Q9HAD4__22ef89ef63909567	1.000	1.000	1.000
Q9HD33__a4ada16d69bc2ed9	Q9HD33__a4ada16d69bc2ed9	1.000	1.000	1.000
Q9NR99__58b6998d1f52dee0	Q9NR99__58b6998d1f52dee0	1.000	1.000	1.000
Q9NR99__58b6998d1f52dee0	Q6WRI0__77504e631c728b1b	0.327	0.991	0.989
Q9NWQ9__d718ce90a14a2a27	Q9NWQ9__d718ce90a14a2a27	1.000	1.000	1.000
Q9NZG7__f76749dc37bf74ef	Q9NZG7__f76749dc37bf74ef	1.000	1.000	1.000
Q9UBP6__eb8dd1cbc59f1355	Q9UBP6__eb8dd1cbc59f1355	1.000	1.000	1.000
Q9UI40__aa4ab0404beebf1a	Q9UI40__aa4ab0404beebf1a	1.000	1.000	1.000
Q9UI40__aa4ab0404beebf1a	Q9HC58__06f2266491a320bf	0.392	0.829	0.856
Q9UL51__2023395306af2d36	Q9UL51__2023395306af2d36	1.000	1.000	1.000
Q9UPQ3__acd78391a36ac1b3	Q9UPQ3__acd78391a36ac1b3	1.000	1.000	1.000
Q9UPQ3__acd78391a36ac1b3	Q96P47__730ecd6fed3c96b7	0.713	0.993	0.970
Q9Y399__150a4be8793028f7	Q9Y399__150a4be8793028f7	1.000	1.000	1.000
Q9Y5X4__52d54b2cfe0dbb78	Q9Y5X4__52d54b2cfe0dbb78	1.000	1.000	1.000
Q9Y5X4__52d54b2cfe0dbb78	P10588__5aad59d1ef387f90	0.424	0.890	0.842
A2A3N6__437f95c276f56f7c	A2A3N6__437f95c276f56f7c	1.000	1.000	1.000
L0R819__f4b69ce365944e09	L0R819__f4b69ce365944e09	1.000	1.000	1.000
O14776__20834b6dfdbb2aa7	O14776__20834b6dfdbb2aa7	1.000	1.000	1.000
O43325__0fb0c2db89b2d16d	O43325__0fb0c2db89b2d16d	1.000	1.000	1.000
O60732__33b4e98c8dc7a474	O60732__33b4e98c8dc7a474	1.000	1.000	1.000
O75676__a2963df65dc7cefa	O75676__a2963df65dc7cefa	1.000	1.000	1.000
O95445__8b98146cbd1807b4	O95445__8b98146cbd1807b4	1.000	1.000	1.000
P01225__b5fe577d953dbc11	P01225__b5fe577d953dbc11	1.000	1.000	1.000
P04839__cc35fa7eda9edd48	P04839__cc35fa7eda9edd48	1.000	1.000	1.000
P09471__399d5823731a6349	P09471__399d5823731a6349	1.000	1.000	1.000
P09471__399d5823731a6349	A8MTJ3__69d69c3bddc7e9c1	0.619	1.000	1.000
P09471__399d5823731a6349	P63092__6dedace6845efaa2	0.427	0.966	0.952
P10155__9c52d7f528d3178e	P10155__9c52d7f528d3178e	1.000	1.000	1.000
P15374__3a2e230ed99300f3	P15374__3a2e230ed99300f3	1.000	1.000	1.000
P20062__c099727d28087bde	P20062__c099727d28087bde	1.000	1.000	1.000
P23945__7bbe9f46e81ee1d0	P23945__7bbe9f46e81ee1d0	1.000	1.000	1.000
P23945__7bbe9f46e81ee1d0	P22888__8ab4a7858bf09b30	0.561	0.888	0.873
P29083__df85993a33a1fc38	P29083__df85993a33a1fc38	1.000	1.000	1.000
P32322__79ab6363b181f29c	P32322__79ab6363b181f29c	1.000	1.000	1.000
P32322__79ab6363b181f29c	Q53H96__a0d1aed26930a2c5	0.464	0.834	0.953
P35900__5cd6f09a661d65c7	P35900__5cd6f09a661d65c7	1.000	1.000	1.000
P35900__5cd6f09a661d65c7	P14136__4e5ae3c3a064a42e	0.334	0.811	0.817
P42772__5ed6a8a4bcd54823	P42772__5ed6a8a4bcd54823	1.000	1.000	1.000
P48664__9b2b2058622d28b8	P48664__9b2b2058622d28b8	1.000	1.000	1.000
P48664__9b2b2058622d28b8	P43003__9bd2bb21d4f24d3b	0.680	0.940	0.954
P48664__9b2b2058622d28b8	P43004__9be4c54332c5ff2a	0.518	0.844	0.805
P51681__7474668859b42bd1	P51681__7474668859b42bd1	1.000	1.000	1.000
P51681__7474668859b42bd1	P32246__420451b14360d287	0.559	0.997	0.977
P51681__7474668859b42bd1	P51677__e3086b374aa4bcf7	0.533	0.940	0.930
P51681__7474668859b42bd1	P51685__5cd8cb49bc5ec707	0.419	0.974	0.975
P51681__7474668859b42bd1	P49238__b66b51e686863856	0.428	0.855	0.834
P51681__7474668859b42bd1	O00421__d840712ed2c46605	0.445	0.830	0.834
P51681__7474668859b42bd1	P30556__6dae55828357a788	0.323	0.830	0.833
P56373__0ade5cb5055eb17b	P56373__0ade5cb5055eb17b	1.000	1.000	1.000
P56373__0ade5cb5055eb17b	P51575__47a7ae3585219f3b	0.465	0.887	0.892
P62851__b8ddf44f27f9042c	P62851__b8ddf44f27f9042c	1.000	1.000	1.000
P82932__b49112bcc6072ade	P82932__b49112bcc6072ade	1.000	1.000	1.000
Q04323__649a229eae921d74	Q04323__649a229eae921d74	1.000	1.000	1.000
Q12962__f7793c02114b18dd	Q12962__f7793c02114b18dd	1.000	1.000	1.000
Q13536__3a16e5ad805ff7a3	Q13536__3a16e5ad805ff7a3	1.000	1.000	1.000
Q14508__7f9465ae51d2345d	Q14508__7f9465ae51d2345d	1.000	1.000	1.000
Q15427__8461dea7357d3ed4	Q15427__8461dea7357d3ed4	1.000	1.000	1.000
Q16613__0408b42163a62f57	Q16613__0408b42163a62f57	1.000	1.000	1.000
Q3SXM5__d39d7107fff5fe6a	Q3SXM5__d39d7107fff5fe6a	1.000	1.000	1.000
Q5H9J7__1f60d803b082dbbd	Q5H9J7__1f60d803b082dbbd	1.000	1.000	1.000
Q5VTR2__38c866437e18ddc3	Q5VTR2__38c866437e18ddc3	1.000	1.000	1.000
Q5VTR2__38c866437e18ddc3	O75150__d7822af1f78a01cd	0.565	0.999	0.999
Q6DN72__7fe0764572d5ad4d	Q6DN72__7fe0764572d5ad4d	1.000	1.000	1.000
Q6DN72__7fe0764572d5ad4d	Q96LA6__54d8a7bd38fbcc2d	0.304	0.857	0.890
Q6PIU1__0f328c10fb9ccd0e	Q6PIU1__0f328c10fb9ccd0e	1.000	1.000	1.000
Q6PIU1__0f328c10fb9ccd0e	Q96KK3__3f1118d08733ba2b	0.418	0.816	0.810
Q6PIU1__0f328c10fb9ccd0e	Q8TDN1__dd1594b0664da937	0.360	0.882	0.865
Q6PIU1__0f328c10fb9ccd0e	P17658__eda1448fb4187cfe	0.302	0.828	0.836
Q6UXZ3__e274dd37208c771b	Q6UXZ3__e274dd37208c771b	1.000	1.000	1.000
Q7L513__f2ec8a213e90f3a0	Q7L513__f2ec8a213e90f3a0	1.000	1.000	1.000
Q7Z7G1__3d771fd9722b4ef0	Q7Z7G1__3d771fd9722b4ef0	1.000	1.000	1.000
Q86Y13__3d6df33ad3f68ac0	Q86Y13__3d6df33ad3f68ac0	1.000	1.000	1.000
Q8IY42__471d3e3c734a2109	Q8IY42__471d3e3c734a2109	1.000	1.000	1.000
Q8N414__c9e1948940948005	Q8N414__c9e1948940948005	1.000	1.000	1.000
Q8NAC3__06ed51773a347aca	Q8NAC3__06ed51773a347aca	1.000	1.000	1.000
Q8NHJ6__10162695b38f8fa4	Q8NHJ6__10162695b38f8fa4	1.000	1.000	1.000
Q8TEC5__5f54af299cbe09f0	Q8TEC5__5f54af299cbe09f0	1.000	1.000	1.000
Q8WYA1__672612d5f97ef9cc	Q8WYA1__672612d5f97ef9cc	1.000	1.000	1.000
Q969L4__80f05fc35d0a418a	Q969L4__80f05fc35d0a418a	1.000	1.000	1.000
Q96E11__6a64a32f8cbedb4f	Q96E11__6a64a32f8cbedb4f	1.000	1.000	1.000
Q96JA1__ef96e420d4ceeb6b	Q96JA1__ef96e420d4ceeb6b	1.000	1.000	1.000
Q96NC0__b6e99baeacfbcb5e	Q96NC0__b6e99baeacfbcb5e	1.000	1.000	1.000
Q96SZ6__1d322390e9e68338	Q96SZ6__1d322390e9e68338	1.000	1.000	1.000
Q9BQ83__9a8b8d185d4bd22e	Q9BQ83__9a8b8d185d4bd22e	1.000	1.000	1.000
Q9BU02__5dc56f856b65ddee	Q9BU02__5dc56f856b65ddee	1.000	1.000	1.000
Q9BXF3__0dc6495e1e886cb7	Q9BXF3__0dc6495e1e886cb7	1.000	1.000	1.000
Q9C0B0__f06d0cd8d61e3f90	Q9C0B0__f06d0cd8d61e3f90	1.000	1.000	1.000
Q9H1E1__7e69e30f9f304974	Q9H1E1__7e69e30f9f304974	1.000	1.000	1.000
Q9H1E1__7e69e30f9f304974	P34096__bdb5ad9576d2cdc1	0.386	0.917	0.918
Q9H5J8__3aa9d09d73438396	Q9H5J8__3aa9d09d73438396	1.000	1.000	1.000
Q9HAN9__b4fc93511b787a1a	Q9HAN9__b4fc93511b787a1a	1.000	1.000	1.000
Q9HAN9__b4fc93511b787a1a	Q96T66__53d18cbc21a53ef6	0.512	0.896	0.917
Q9HD40__4dbcac31dd52fe4f	Q9HD40__4dbcac31dd52fe4f	1.000	1.000	1.000
Q9NRD1__184bb2372981aba1	Q9NRD1__184bb2372981aba1	1.000	1.000	1.000
Q9NRD1__184bb2372981aba1	Q9H4M3__a4baedd67a28a81d	0.750	0.863	0.992
Q9NWS8__f860f37662d80c13	Q9NWS8__f860f37662d80c13	1.000	1.000	1.000
Q9NZI5__7b1c98c7ca0db168	Q9NZI5__7b1c98c7ca0db168	1.000	1.000	1.000
Q9NZI5__7b1c98c7ca0db168	Q8TE85__7d10818504bb7d32	0.464	0.940	0.903
Q9UBP9__b1f42c3b928fde6a	Q9UBP9__b1f42c3b928fde6a	1.000	1.000	1.000
Q9UI42__08da799bbf699e9a	Q9UI42__08da799bbf699e9a	1.000	1.000	1.000
Q9UL62__2fabd2592a611157	Q9UL62__2fabd2592a611157	1.000	1.000	1.000
Q9UPX6__8523aad1db5821ca	Q9UPX6__8523aad1db5821ca	1.000	1.000	1.000
Q9Y3B4__e88423a0d2a8a4d7	Q9Y3B4__e88423a0d2a8a4d7	1.000	1.000	1.000
Q9Y5X5__31b7680527e9f98f	Q9Y5X5__31b7680527e9f98f	1.000	1.000	1.000
A6H8Y1__234f6c026652bec9	A6H8Y1__234f6c026652bec9	1.000	1.000	1.000
M5A8F1__8cac09a03aced00a	M5A8F1__8cac09a03aced00a	1.000	1.000	1.000
O14798__a08d8fa6b26d8d4a	O14798__a08d8fa6b26d8d4a	1.000	1.000	1.000
O43525__8af289bc930940c4	O43525__8af289bc930940c4	1.000	1.000	1.000
O43525__8af289bc930940c4	O43526__a3002bf1c1ab1c7b	0.454	0.942	0.983
O60741__83227a96b390256f	O60741__83227a96b390256f	1.000	1.000	1.000
O75762__a93ba2d243a68358	O75762__a93ba2d243a68358	1.000	1.000	1.000
O95600__5f6d911a0d9ad745	O95600__5f6d911a0d9ad745	1.000	1.000	1.000
P01241__8fb62f9161f42d75	P01241__8fb62f9161f42d75	1.000	1.000	1.000
P01241__8fb62f9161f42d75	Q14406__77f9050abd060e90	0.792	1.000	1.000
P05060__56dced04f2fb041f	P05060__56dced04f2fb041f	1.000	1.000	1.000
P09661__5c7a9717121a9109	P09661__5c7a9717121a9109	1.000	1.000	1.000
P10242__d427fdd452484c79	P10242__d427fdd452484c79	1.000	1.000	1.000
P15884__6e26e4440fbb8877	P15884__6e26e4440fbb8877	1.000	1.000	1.000
P15884__6e26e4440fbb8877	P15923__d297bb5bd4fbcb37	0.521	1.000	1.000
P20226__c8e9eda88b795f6a	P20226__c8e9eda88b795f6a	1.000	1.000	1.000
P24001__85d48af7855e2460	P24001__85d48af7855e2460	1.000	1.000	1.000
P29084__ebc3cafb921217a1	P29084__ebc3cafb921217a1	1.000	1.000	1.000
P32418__db3ee956b37e2f9f	P32418__db3ee956b37e2f9f	1.000	1.000	1.000
P35908__498340be977df962	P35908__498340be977df962	1.000	1.000	1.000
P35908__498340be977df962	P13647__d36394100dfde016	0.617	0.815	0.878
P42892__e3eb0529ac8c1616	P42892__e3eb0529ac8c1616	1.000	1.000	1.000
P42892__e3eb0529ac8c1616	P08473__1a916537b7b55589	0.389	0.940	0.984
P42892__e3eb0529ac8c1616	P78562__0c4aa74a3053f6fa	0.381	0.873	0.929
P48995__0b3c67de268a6557	P48995__0b3c67de268a6557	1.000	1.000	1.000
P48995__0b3c67de268a6557	Q13507__c1b0c7a28dc80a69	0.349	0.922	0.849
P48995__0b3c67de268a6557	Q9Y210__d3d0063c8bdeae93	0.346	0.922	0.863
P51685__5cd8cb49bc5ec707	P51685__5cd8cb49bc5ec707	1.000	1.000	1.000
P51685__5cd8cb49bc5ec707	P51681__7474668859b42bd1	0.433	0.910	0.909
P51685__5cd8cb49bc5ec707	P32246__420451b14360d287	0.443	0.865	0.865
P51685__5cd8cb49bc5ec707	P49238__b66b51e686863856	0.415	0.882	0.873
P51685__5cd8cb49bc5ec707	P51677__e3086b374aa4bcf7	0.392	0.958	0.961
P51685__5cd8cb49bc5ec707	O00421__d840712ed2c46605	0.350	0.820	0.837
P57071__13616e548041b86e	P57071__13616e548041b86e	1.000	1.000	1.000
P62888__73ede4df4cd38c13	P62888__73ede4df4cd38c13	1.000	1.000	1.000
P82933__22166cebd7514db5	P82933__22166cebd7514db5	1.000	1.000	1.000
Q04724__d271a7594c0d7e0c	Q04724__d271a7594c0d7e0c	1.000	1.000	1.000
Q13007__3af25cde2f87b830	Q13007__3af25cde2f87b830	1.000	1.000	1.000
Q13547__7289cbc54521bc20	Q13547__7289cbc54521bc20	1.000	1.000	1.000
Q14520__bb40432da7775c11	Q14520__bb40432da7775c11	1.000	1.000	1.000
Q15428__d1fce4fbd291337f	Q15428__d1fce4fbd291337f	1.000	1.000	1.000
Q16650__f921596972a91b55	Q16650__f921596972a91b55	1.000	1.000	1.000
Q3SY69__676050a352eff143	Q3SY69__676050a352eff143	1.000	1.000	1.000
Q5HYN5__6ffab52babb60564	Q5HYN5__6ffab52babb60564	1.000	1.000	1.000
Q5HYN5__6ffab52babb60564	Q8NHU0__9a820cf9c8972b96	0.994	1.000	1.000
Q5HYN5__6ffab52babb60564	P0DMU8__65b80a349fee31d5	0.989	1.000	1.000
Q5HYN5__6ffab52babb60564	P0DMU9__8ca1319db56f259c	0.936	1.000	1.000
Q5VU97__d6f7ab5006cf5f25	Q5VU97__d6f7ab5006cf5f25	1.000	1.000	1.000
Q6DT37__8f2c7bcd0d3ebdf0	Q6DT37__8f2c7bcd0d3ebdf0	1.000	1.000	1.000
Q6PIZ9__299e6a80baba1001	Q6PIZ9__299e6a80baba1001	1.000	1.000	1.000
Q6UXZ4__f727ae45e74548de	Q6UXZ4__f727ae45e74548de	1.000	1.000	1.000
Q7L590__162db325f2725a70	Q7L590__162db325f2725a70	1.000	1.000	1.000
Q7Z7H8__adfda39bd406d785	Q7Z7H8__adfda39bd406d785	1.000	1.000	1.000
Q86Y34__3b58c23fbe3b58df	Q86Y34__3b58c23fbe3b58df	1.000	1.000	1.000
Q8IY57__b3ac379609366555	Q8IY57__b3ac379609366555	1.000	1.000	1.000
Q8N423__0cfb31ca309b34b6	Q8N423__0cfb31ca309b34b6	1.000	1.000	1.000
Q8NAV1__d71b8ff71e77d288	Q8NAV1__d71b8ff71e77d288	1.000	1.000	1.000
Q8NHR9__07a8177c6ade48e7	Q8NHR9__07a8177c6ade48e7	1.000	1.000	1.000
Q8TEZ7__a1f4ef42b0b8fd31	Q8TEZ7__a1f4ef42b0b8fd31	1.000	1.000	1.000
Q8WZ60__11ab955957f0c834	Q8WZ60__11ab955957f0c834	1.000	1.000	1.000
Q969N4__61e9d52c3c05ae5d	Q969N4__61e9d52c3c05ae5d	1.000	1.000	1.000
Q969N4__61e9d52c3c05ae5d	Q96RI8__77bd7606321e3be5	0.795	1.000	0.994
Q969N4__61e9d52c3c05ae5d	O14804__e1509937826bd69d	0.441	0.968	0.955
Q969N4__61e9d52c3c05ae5d	P28222__0bc8c4af6f71c065	0.307	0.860	0.862
Q969N4__61e9d52c3c05ae5d	P30939__77171773a772e53d	0.304	0.857	0.923
Q96E14__4fdcf8922d12a997	Q96E14__4fdcf8922d12a997	1.000	1.000	1.000
Q96JB8__53c83c59d152cb66	Q96JB8__53c83c59d152cb66	1.000	1.000	1.000
Q96NN9__811dd8e56a71a816	Q96NN9__811dd8e56a71a816	1.000	1.000	1.000
Q96T23__e98d30e0b538dffe	Q96T23__e98d30e0b538dffe	1.000	1.000	1.000
Q9BQ87__9d08a5812ce326f7	Q9BQ87__9d08a5812ce326f7	1.000	1.000	1.000
Q9BUE6__f47e3663beeeeb6e	Q9BUE6__f47e3663beeeeb6e	1.000	1.000	1.000
Q9BXH1__7303d018c5b74b91	Q9BXH1__7303d018c5b74b91	1.000	1.000	1.000
Q9C0D3__9f58d4ffe54002f3	Q9C0D3__9f58d4ffe54002f3	1.000	1.000	1.000
Q9H1Z4__f59ab840dcdb6107	Q9H1Z4__f59ab840dcdb6107	1.000	1.000	1.000
Q9H5V7__185ea16a00067bdd	Q9H5V7__185ea16a00067bdd	1.000	1.000	1.000
Q9HAU0__def0cf4e9d2a94e5	Q9HAU0__def0cf4e9d2a94e5	1.000	1.000	1.000
Q9NNW5__90cdc247f6dc66e5	Q9NNW5__90cdc247f6dc66e5	1.000	1.000	1.000
Q9NRL2__8bfb026cca112636	Q9NRL2__8bfb026cca112636	1.000	1.000	1.000
Q9NWU1__cb55de96b77b57b6	Q9NWU1__cb55de96b77b57b6	1.000	1.000	1.000
Q9NZI6__87544ca3c3aa71fe	Q9NZI6__87544ca3c3aa71fe	1.000	1.000	1.000
Q9NZI6__87544ca3c3aa71fe	Q12800__d7520ea932afc672	0.746	0.962	0.932
Q9NZI6__87544ca3c3aa71fe	Q9NZI7__493885224cabb9bd	0.629	0.962	0.943
Q9UBT6__a9c2f7f66fe8f1cf	Q9UBT6__a9c2f7f66fe8f1cf	1.000	1.000	1.000
Q9UI43__18ca8754ed4603de	Q9UI43__18ca8754ed4603de	1.000	1.000	1.000
Q9ULA0__5828f460e2f36cc5	Q9ULA0__5828f460e2f36cc5	1.000	1.000	1.000
Q9UQ84__4dabd517c63ce9df	Q9UQ84__4dabd517c63ce9df	1.000	1.000	1.000
Q9Y3B7__19e32019f4b0e896	Q9Y3B7__19e32019f4b0e896	1.000	1.000	1.000
Q9Y5X9__5b2bf8da09ea43b3	Q9Y5X9__5b2bf8da09ea43b3	1.000	1.000	1.000
Q9Y5X9__5b2bf8da09ea43b3	P11150__70ef1ae8ca11b378	0.448	0.868	0.874
Q9Y5X9__5b2bf8da09ea43b3	P16233__8e144ac7eadb8b0b	0.340	0.808	0.862
Q9Y5X9__5b2bf8da09ea43b3	P54315__13ccfaaaead32aff	0.317	0.836	0.859
A6NF83__21a4565ada232cd9	A6NF83__21a4565ada232cd9	1.000	1.000	1.000
O00142__700aaca4d7c026aa	O00142__700aaca4d7c026aa	1.000	1.000	1.000
O14804__e1509937826bd69d	O14804__e1509937826bd69d	1.000	1.000	1.000
O14804__e1509937826bd69d	Q969N4__61e9d52c3c05ae5d	0.442	0.953	0.965
O14804__e1509937826bd69d	Q96RI8__77bd7606321e3be5	0.442	0.953	0.957
O43526__a3002bf1c1ab1c7b	O43526__a3002bf1c1ab1c7b	1.000	1.000	1.000
O43526__a3002bf1c1ab1c7b	O43525__8af289bc930940c4	0.458	0.978	0.952
O60760__aeeb5ff23a597720	O60760__aeeb5ff23a597720	1.000	1.000	1.000
O75828__2764a837703abb2f	O75828__2764a837703abb2f	1.000	1.000	1.000
O95619__927acc1a37ca13d7	O95619__927acc1a37ca13d7	1.000	1.000	1.000
P01266__2af88bd53041f189	P01266__2af88bd53041f189	1.000	1.000	1.000
P05091__c6dc987207be9323	P05091__c6dc987207be9323	1.000	1.000	1.000
P09683__94524a71b8b3947e	P09683__94524a71b8b3947e	1.000	1.000	1.000
P10451__7b95e3678367f3bf	P10451__7b95e3678367f3bf	1.000	1.000	1.000
P15923__d297bb5bd4fbcb37	P15923__d297bb5bd4fbcb37	1.000	1.000	1.000
P15923__d297bb5bd4fbcb37	P15884__6e26e4440fbb8877	0.518	1.000	1.000
P20264__8467c6741f2857ca	P20264__8467c6741f2857ca	1.000	1.000	1.000
P24387__8fc385be2df9b754	P24387__8fc385be2df9b754	1.000	1.000	1.000
P29218__8dfa317b0c2b7bd7	P29218__8dfa317b0c2b7bd7	1.000	1.000	1.000
P29218__8dfa317b0c2b7bd7	O14732__9dae2591785e6506	0.534	0.993	0.955
P32942__8172da9673395762	P32942__8172da9673395762	1.000	1.000	1.000
P32942__8172da9673395762	P05362__c13e370f975e57b5	0.475	0.963	0.983
P35998__9049600747f3ac2f	P35998__9049600747f3ac2f	1.000	1.000	1.000
P43003__9bd2bb21d4f24d3b	P43003__9bd2bb21d4f24d3b	1.000	1.000	1.000
P43003__9bd2bb21d4f24d3b	P48664__9b2b2058622d28b8	0.696	0.917	0.911
P43003__9bd2bb21d4f24d3b	P43004__9be4c54332c5ff2a	0.546	0.884	0.836
P49005__bf61fb61c92fa42d	P49005__bf61fb61c92fa42d	1.000	1.000	1.000
P51813__20a66d0cd8a39ed5	P51813__20a66d0cd8a39ed5	1.000	1.000	1.000
P57721__196e5383a7418752	P57721__196e5383a7418752	1.000	1.000	1.000
P62891__ee67430588c9d87b	P62891__ee67430588c9d87b	1.000	1.000	1.000
P82970__619e180f0c25e83a	P82970__619e180f0c25e83a	1.000	1.000	1.000
Q04756__ac31bf5f0ecf82bc	Q04756__ac31bf5f0ecf82bc	1.000	1.000	1.000
Q13029__6bbe73d92d551f39	Q13029__6bbe73d92d551f39	1.000	1.000	1.000
Q13564__22a38bb8f4fc2781	Q13564__22a38bb8f4fc2781	1.000	1.000	1.000
Q14526__f0d36330e4867626	Q14526__f0d36330e4867626	1.000	1.000	1.000
Q15543__da5d3ee89cf9e4c8	Q15543__da5d3ee89cf9e4c8	1.000	1.000	1.000
Q16670__6ac67f9665206358	Q16670__6ac67f9665206358	1.000	1.000	1.000
Q16670__6ac67f9665206358	Q969J2__389b6671703c3e74	0.391	0.902	0.906
Q3Y452__f8dbb9434f744dac	Q3Y452__f8dbb9434f744dac	1.000	1.000	1.000
Q5JT25__e46eff699a3feef7	Q5JT25__e46eff699a3feef7	1.000	1.000	1.000
Q5VUA4__7147c139db40348c	Q5VUA4__7147c139db40348c	1.000	1.000	1.000
Q6E0U4__f210a81817253ed7	Q6E0U4__f210a81817253ed7	1.000	1.000	1.000
Q6PJ21__709648a339e524b5	Q6PJ21__709648a339e524b5	1.000	1.000	1.000
Q6V1X1__e77cf62a15aae70b	Q6V1X1__e77cf62a15aae70b	1.000	1.000	1.000
Q7L592__44c967dad58260d3	Q7L592__44c967dad58260d3	1.000	1.000	1.000
Q7Z7J5__98214478fb4edc6d	Q7Z7J5__98214478fb4edc6d	1.000	1.000	1.000
Q86YA3__bcca471ca12eb313	Q86YA3__bcca471ca12eb313	1.000	1.000	1.000
Q8IY92__44ef1d7772f1f9cd	Q8IY92__44ef1d7772f1f9cd	1.000	1.000	1.000
Q8N427__bb821c9686eb5b23	Q8N427__bb821c9686eb5b23	1.000	1.000	1.000
Q8NB91__068b122a85394c04	Q8NB91__068b122a85394c04	1.000	1.000	1.000
Q8NHU0__9a820cf9c8972b96	Q8NHU0__9a820cf9c8972b96	1.000	1.000	1.000
Q8NHU0__9a820cf9c8972b96	Q5HYN5__6ffab52babb60564	0.994	1.000	1.000
Q8NHU0__9a820cf9c8972b96	P0DMU8__65b80a349fee31d5	0.994	1.000	1.000
Q8NHU0__9a820cf9c8972b96	P0DMU9__8ca1319db56f259c	0.941	1.000	1.000
Q8TF45__a525adcb0a8550ea	Q8TF45__a525adcb0a8550ea	1.000	1.000	1.000
Q8TF45__a525adcb0a8550ea	Q9Y2P7__afc52169f38f6127	0.576	0.905	0.981
Q8TF45__a525adcb0a8550ea	Q6ECI4__3b54065604538766	0.455	0.993	0.953
Q8TF45__a525adcb0a8550ea	P17014__c56eaa79e23cbb69	0.429	0.987	0.973
Q8TF45__a525adcb0a8550ea	Q9NYW8__012ec75c2ced9ef8	0.418	0.990	0.978
Q8TF45__a525adcb0a8550ea	Q9NZL3__3b99100d8ad8ce6e	0.411	0.994	0.953
Q8TF45__a525adcb0a8550ea	O94892__97f614456d810115	0.424	0.996	0.994
Q8TF45__a525adcb0a8550ea	Q03923__66124a4c935f1ab2	0.401	0.988	0.988
Q8TF45__a525adcb0a8550ea	Q8WXB4__85e3777aa6bfc4c6	0.392	0.991	0.886
Q8TF45__a525adcb0a8550ea	Q96RE9__104b5f78241b34ea	0.451	0.828	0.987
Q8TF45__a525adcb0a8550ea	Q8NEP9__54c10d9021494253	0.397	0.996	0.941
Q8TF45__a525adcb0a8550ea	O60765__7991d51d11a01c75	0.403	0.954	0.983
Q8TF45__a525adcb0a8550ea	P17032__4f8421aced96b030	0.393	0.996	0.973
Q8TF45__a525adcb0a8550ea	P21506__319472b038e86662	0.395	0.868	0.977
Q8TF45__a525adcb0a8550ea	Q9NQX1__c5a31d63343275f5	0.315	0.809	0.875
Q92484__05307707daa67145	Q92484__05307707daa67145	1.000	1.000	1.000
Q969P0__7e4bf02a4e6f8949	Q969P0__7e4bf02a4e6f8949	1.000	1.000	1.000
Q96E29__c95bd4d401f6c31a	Q96E29__c95bd4d401f6c31a	1.000	1.000	1.000
Q96JM2__226f7c86826cbc55	Q96JM2__226f7c86826cbc55	1.000	1.000	1.000
Q96NU7__1ab2b406b91c4550	Q96NU7__1ab2b406b91c4550	1.000	1.000	1.000
Q96T54__0f5369a8ecf84e08	Q96T54__0f5369a8ecf84e08	1.000	1.000	1.000
Q9BQ90__f3ba906e9eae860c	Q9BQ90__f3ba906e9eae860c	1.000	1.000	1.000
Q9BUI4__8602d83feb45a3da	Q9BUI4__8602d83feb45a3da	1.000	1.000	1.000
Q9BXJ3__20573ff9d694c744	Q9BXJ3__20573ff9d694c744	1.000	1.000	1.000
Q9C0F3__a2a7525113cf725b	Q9C0F3__a2a7525113cf725b	1.000	1.000	1.000
Q9C0F3__a2a7525113cf725b	P17030__6a63cacc09be9a3d	0.495	0.977	0.976
Q9C0F3__a2a7525113cf725b	Q8WV37__4f0687e3b11a148d	0.472	0.985	0.910
Q9C0F3__a2a7525113cf725b	P21506__319472b038e86662	0.439	0.998	0.942
Q9C0F3__a2a7525113cf725b	P17032__4f8421aced96b030	0.441	0.983	0.971
Q9C0F3__a2a7525113cf725b	Q9BS31__3451ef9f1c32b2ec	0.416	0.985	0.897
Q9C0F3__a2a7525113cf725b	Q9UJL9__472238ba13daa2c4	0.403	0.985	0.861
Q9C0F3__a2a7525113cf725b	Q9NU63__2fdc35a9eed06231	0.309	0.862	0.816
Q9H244__8b858a0c09ffd4bb	Q9H244__8b858a0c09ffd4bb	1.000	1.000	1.000
Q9H244__8b858a0c09ffd4bb	Q9UPC5__bc8f9d8608faa9e3	0.323	0.892	0.801
Q9H244__8b858a0c09ffd4bb	P25105__9a6aec10723eb8d1	0.329	0.880	0.915
Q9H5X1__41aaf4b857166b95	Q9H5X1__41aaf4b857166b95	1.000	1.000	1.000
Q9HAW0__9ad4c07db22299e1	Q9HAW0__9ad4c07db22299e1	1.000	1.000	1.000
Q9NP55__4c91dd571e9e18c4	Q9NP55__4c91dd571e9e18c4	1.000	1.000	1.000
Q9NRN5__74758b180219835c	Q9NRN5__74758b180219835c	1.000	1.000	1.000
Q9NRN5__74758b180219835c	Q6UWY5__539a40ad48a9fcda	0.330	0.983	0.973
Q9NWU5__5d31839b9991c293	Q9NWU5__5d31839b9991c293	1.000	1.000	1.000
Q9NZI7__493885224cabb9bd	Q9NZI7__493885224cabb9bd	1.000	1.000	1.000
Q9NZI7__493885224cabb9bd	Q12800__d7520ea932afc672	0.684	1.000	1.000
Q9NZI7__493885224cabb9bd	Q9NZI6__87544ca3c3aa71fe	0.628	0.943	0.962
Q9UBU7__fdb7450415b4e1df	Q9UBU7__fdb7450415b4e1df	1.000	1.000	1.000
Q9UIA0__2a924149bd7fd627	Q9UIA0__2a924149bd7fd627	1.000	1.000	1.000
Q9ULC4__d5d0497065ded167	Q9ULC4__d5d0497065ded167	1.000	1.000	1.000
Q9Y210__d3d0063c8bdeae93	Q9Y210__d3d0063c8bdeae93	1.000	1.000	1.000
Q9Y210__d3d0063c8bdeae93	Q13507__c1b0c7a28dc80a69	0.731	0.918	0.906
Q9Y210__d3d0063c8bdeae93	P48995__0b3c67de268a6557	0.347	0.863	0.922
Q9Y3C6__a17b0a5086d174ff	Q9Y3C6__a17b0a5086d174ff	1.000	1.000	1.000
Q9Y5Y7__595c55357fe40f50	Q9Y5Y7__595c55357fe40f50	1.000	1.000	1.000
A6NFX1__b8ebd264dc345458	A6NFX1__b8ebd264dc345458	1.000	1.000	1.000
O00155__fe488629acdd126c	O00155__fe488629acdd126c	1.000	1.000	1.000
O00155__fe488629acdd126c	P49685__ff8330db71d2cd9a	0.359	0.801	0.806
O00155__fe488629acdd126c	P30556__6dae55828357a788	0.339	0.814	0.841
O00155__fe488629acdd126c	P35414__7c44a5c602ed3747	0.329	0.850	0.834
O00155__fe488629acdd126c	Q9P296__e224ab058cffa673	0.329	0.850	0.878
O14817__2fb9a2c82e52a1b2	O14817__2fb9a2c82e52a1b2	1.000	1.000	1.000
O14817__2fb9a2c82e52a1b2	P19075__52cd31489fca498b	0.376	0.933	0.958
O14817__2fb9a2c82e52a1b2	P48509__30195cf3be5f2cc1	0.339	0.920	0.909
O43548__c352a992508efb61	O43548__c352a992508efb61	1.000	1.000	1.000
O43548__c352a992508efb61	O95932__fb935d6a85923108	0.463	0.994	0.996
O43548__c352a992508efb61	Q08188__894d1c17cf9a327d	0.447	0.978	0.981
O60765__7991d51d11a01c75	O60765__7991d51d11a01c75	1.000	1.000	1.000
O60765__7991d51d11a01c75	Q6ECI4__3b54065604538766	0.460	0.980	0.874
O60765__7991d51d11a01c75	Q03923__66124a4c935f1ab2	0.483	0.975	0.988
O60765__7991d51d11a01c75	Q9NZL3__3b99100d8ad8ce6e	0.423	0.980	0.873
O60765__7991d51d11a01c75	Q96RE9__104b5f78241b34ea	0.439	0.979	0.988
O60765__7991d51d11a01c75	P17014__c56eaa79e23cbb69	0.394	0.970	0.970
O60765__7991d51d11a01c75	O94892__97f614456d810115	0.426	0.983	0.951
O60765__7991d51d11a01c75	Q8TF45__a525adcb0a8550ea	0.403	0.983	0.954
O60765__7991d51d11a01c75	Q8WV37__4f0687e3b11a148d	0.426	0.982	0.961
O60765__7991d51d11a01c75	Q9Y2P7__afc52169f38f6127	0.406	1.000	0.960
O60765__7991d51d11a01c75	Q9NYW8__012ec75c2ced9ef8	0.383	0.983	0.944
O60765__7991d51d11a01c75	P21506__319472b038e86662	0.411	0.977	0.974
O60765__7991d51d11a01c75	Q8NEP9__54c10d9021494253	0.408	0.977	0.935
O60765__7991d51d11a01c75	P17032__4f8421aced96b030	0.391	0.983	0.973
O60765__7991d51d11a01c75	Q9UJL9__472238ba13daa2c4	0.414	0.894	0.865
O60765__7991d51d11a01c75	Q9BS31__3451ef9f1c32b2ec	0.374	0.893	0.899
O75840__f8987e9d58896091	O75840__f8987e9d58896091	1.000	1.000	1.000
O95747__841f0c04e7ea6ae1	O95747__841f0c04e7ea6ae1	1.000	1.000	1.000
P01270__deceb06a7ae3d8be	P01270__deceb06a7ae3d8be	1.000	1.000	1.000
P05113__b536d3a02bc7e2f2	P05113__b536d3a02bc7e2f2	1.000	1.000	1.000
P09693__7a2ce8dd0310ad50	P09693__7a2ce8dd0310ad50	1.000	1.000	1.000
P10588__5aad59d1ef387f90	P10588__5aad59d1ef387f90	1.000	1.000	1.000
P10588__5aad59d1ef387f90	Q9Y5X4__52d54b2cfe0dbb78	0.427	0.842	0.890
P15976__4d3e8af1c4da25a4	P15976__4d3e8af1c4da25a4	1.000	1.000	1.000
P20273__02a7fa9f4745cdff	P20273__02a7fa9f4745cdff	1.000	1.000	1.000
P24522__bdb9d62f213ffe11	P24522__bdb9d62f213ffe11	1.000	1.000	1.000
P29371__96c20248410c00a2	P29371__96c20248410c00a2	1.000	1.000	1.000
P32969__7a65806f0880dec8	P32969__7a65806f0880dec8	1.000	1.000	1.000
P36578__7a06894c0bbf3e0a	P36578__7a06894c0bbf3e0a	1.000	1.000	1.000
P43004__9be4c54332c5ff2a	P43004__9be4c54332c5ff2a	1.000	1.000	1.000
P43004__9be4c54332c5ff2a	P43003__9bd2bb21d4f24d3b	0.550	0.833	0.880
P43004__9be4c54332c5ff2a	P48664__9b2b2058622d28b8	0.518	0.805	0.844
P49019__0176c827199dd0c3	P49019__0176c827199dd0c3	1.000	1.000	1.000
P49019__0176c827199dd0c3	Q8TDS4__82d815907e654032	0.953	0.935	0.997
P49019__0176c827199dd0c3	Q9BXC0__c32755f7cf88545d	0.558	0.817	0.902
P49019__0176c827199dd0c3	P47900__5dbfb306761c6e6d	0.300	0.814	0.850
P51825__04dd2e46d11766ee	P51825__04dd2e46d11766ee	1.000	1.000	1.000
P57723__d351538c74d855b7	P57723__d351538c74d855b7	1.000	1.000	1.000
P62899__bdd26c0e5b8ad314	P62899__bdd26c0e5b8ad314	1.000	1.000	1.000
P83110__ee7938fcf38aa4bc	P83110__ee7938fcf38aa4bc	1.000	1.000	1.000
Q05048__41a1a69c5826aa17	Q05048__41a1a69c5826aa17	1.000	1.000	1.000
Q13064__c5223deb8fb3799b	Q13064__c5223deb8fb3799b	1.000	1.000	1.000
Q13569__dab3116205b9e740	Q13569__dab3116205b9e740	1.000	1.000	1.000
Q14562__1e8a0bd7316396f9	Q14562__1e8a0bd7316396f9	1.000	1.000	1.000
Q15596__873e4d8992906f33	Q15596__873e4d8992906f33	1.000	1.000	1.000
Q16698__a9f684af97574f8f	Q16698__a9f684af97574f8f	1.000	1.000	1.000
Q3YBR2__89b90be10d3feea8	Q3YBR2__89b90be10d3feea8	1.000	1.000	1.000
P12314__3fe218549c0d053a	P12314__3fe218549c0d053a	1.000	1.000	1.000
P17030__6a63cacc09be9a3d	P17030__6a63cacc09be9a3d	1.000	1.000	1.000
P17030__6a63cacc09be9a3d	P17032__4f8421aced96b030	0.473	0.974	0.964
P17030__6a63cacc09be9a3d	Q9C0F3__a2a7525113cf725b	0.492	0.976	0.977
P17030__6a63cacc09be9a3d	Q8WV37__4f0687e3b11a148d	0.449	0.974	0.953
P17030__6a63cacc09be9a3d	Q3ZCT1__e58c2c8e6b1b3b95	0.536	0.800	0.883
P17030__6a63cacc09be9a3d	Q9BS31__3451ef9f1c32b2ec	0.459	0.991	0.903
P17030__6a63cacc09be9a3d	Q9UJL9__472238ba13daa2c4	0.444	0.974	0.852
P17030__6a63cacc09be9a3d	Q9NU63__2fdc35a9eed06231	0.309	0.921	0.819
P21506__319472b038e86662	P21506__319472b038e86662	1.000	1.000	1.000
P21506__319472b038e86662	Q96RE9__104b5f78241b34ea	0.446	0.974	0.987
P21506__319472b038e86662	P17014__c56eaa79e23cbb69	0.406	0.977	0.938
P21506__319472b038e86662	Q03923__66124a4c935f1ab2	0.413	0.972	0.988
P21506__319472b038e86662	O94892__97f614456d810115	0.399	0.974	0.988
P21506__319472b038e86662	Q9NYW8__012ec75c2ced9ef8	0.369	0.974	0.978
P21506__319472b038e86662	Q9C0F3__a2a7525113cf725b	0.434	0.942	0.998
P21506__319472b038e86662	P17032__4f8421aced96b030	0.438	0.930	0.971
P21506__319472b038e86662	O60765__7991d51d11a01c75	0.412	0.972	0.975
P21506__319472b038e86662	Q9Y2P7__afc52169f38f6127	0.394	1.000	0.962
P21506__319472b038e86662	Q8WV37__4f0687e3b11a148d	0.411	0.969	0.950
P21506__319472b038e86662	Q8TF45__a525adcb0a8550ea	0.393	0.977	0.868
P21506__319472b038e86662	Q9UJL9__472238ba13daa2c4	0.431	0.942	0.873
P21506__319472b038e86662	Q9NZL3__3b99100d8ad8ce6e	0.378	0.972	0.868
P21506__319472b038e86662	Q8NEP9__54c10d9021494253	0.387	0.977	0.893
P21506__319472b038e86662	Q9BS31__3451ef9f1c32b2ec	0.400	0.876	0.889
P26715__314831cbc6e4498d	P26715__314831cbc6e4498d	1.000	1.000	1.000
P26715__314831cbc6e4498d	P26717__9410cfc048656f28	0.760	1.000	1.000
P30291__5ef1f29ae6c48b18	P30291__5ef1f29ae6c48b18	1.000	1.000	1.000
Q6GMV2__bbf08f9ed14ecd84	Q6GMV2__bbf08f9ed14ecd84	1.000	1.000	1.000
Q6PP77__71197c764b7891ed	Q6PP77__71197c764b7891ed	1.000	1.000	1.000
Q6PP77__71197c764b7891ed	Q5GH77__fa1607e6a8236eae	0.504	0.913	0.882
Q6WRI0__77504e631c728b1b	Q6WRI0__77504e631c728b1b	1.000	1.000	1.000
Q6WRI0__77504e631c728b1b	Q9NR99__58b6998d1f52dee0	0.327	0.989	0.991
Q7RTV3__d266a08a2875ae94	Q7RTV3__d266a08a2875ae94	1.000	1.000	1.000
Q86T26__f9e95c6de6042583	Q86T26__f9e95c6de6042583	1.000	1.000	1.000
Q86YN6__c74ed27ffc5d5931	Q86YN6__c74ed27ffc5d5931	1.000	1.000	1.000
Q8IYR6__c1422774c02bfbfb	Q8IYR6__c1422774c02bfbfb	1.000	1.000	1.000
Q8N5C7__b94f154ff317c48b	Q8N5C7__b94f154ff317c48b	1.000	1.000	1.000
Q8NCE2__eb74df83b4453608	Q8NCE2__eb74df83b4453608	1.000	1.000	1.000
Q8NHZ7__5bf2cc60982bd5aa	Q8NHZ7__5bf2cc60982bd5aa	1.000	1.000	1.000
Q8WTT0__66a94b559a2d79b3	Q8WTT0__66a94b559a2d79b3	1.000	1.000	1.000
Q8WTT0__66a94b559a2d79b3	Q6EIG7__4332a5c8f8f77e85	0.539	1.000	1.000
Q8WTT0__66a94b559a2d79b3	Q8WXI8__3123999b4d42c36d	0.431	0.958	0.958
Q92598__b7f116dbf7508c69	Q92598__b7f116dbf7508c69	1.000	1.000	1.000
Q96A35__719892d7179bc419	Q96A35__719892d7179bc419	1.000	1.000	1.000
Q96EL3__97be3deeb7550fbe	Q96EL3__97be3deeb7550fbe	1.000	1.000	1.000
Q96JS3__b64f124bac81776b	Q96JS3__b64f124bac81776b	1.000	1.000	1.000
Q96PC2__1e701f49d8ee0a98	Q96PC2__1e701f49d8ee0a98	1.000	1.000	1.000
Q96PC2__1e701f49d8ee0a98	Q9UHH9__843acbe94d180235	0.457	0.961	0.955
Q99457__b32e2ff5c0913aae	Q99457__b32e2ff5c0913aae	1.000	1.000	1.000
Q9BQP7__8ad1a914e3a6eb2a	Q9BQP7__8ad1a914e3a6eb2a	1.000	1.000	1.000
Q9BUU2__f1a3f7cf0e5a852d	Q9BUU2__f1a3f7cf0e5a852d	1.000	1.000	1.000
Q9BXW9__e3ae93962ad1e4de	Q9BXW9__e3ae93962ad1e4de	1.000	1.000	1.000
Q9GZN4__fc7b851e52af7234	Q9GZN4__fc7b851e52af7234	1.000	1.000	1.000
Q9GZN4__fc7b851e52af7234	P08217__5543f0f8a802244a	0.346	0.842	0.974
Q9H2S5__1bd740ef2d67c8dc	Q9H2S5__1bd740ef2d67c8dc	1.000	1.000	1.000
Q9H6A0__658f81926c0e6feb	Q9H6A0__658f81926c0e6feb	1.000	1.000	1.000
Q9HB65__c86ffbd06333abdd	Q9HB65__c86ffbd06333abdd	1.000	1.000	1.000
Q9NP95__3e412ef1aa99e210	Q9NP95__3e412ef1aa99e210	1.000	1.000	1.000
Q9NRW4__0980495a2ae93c86	Q9NRW4__0980495a2ae93c86	1.000	1.000	1.000
Q9NX20__01da783fc2b770c7	Q9NX20__01da783fc2b770c7	1.000	1.000	1.000
Q9NZL3__3b99100d8ad8ce6e	Q9NZL3__3b99100d8ad8ce6e	1.000	1.000	1.000
Q9NZL3__3b99100d8ad8ce6e	Q6ECI4__3b54065604538766	0.412	0.989	0.950
Q9NZL3__3b99100d8ad8ce6e	Q03923__66124a4c935f1ab2	0.452	0.868	0.988
Q9NZL3__3b99100d8ad8ce6e	O94892__97f614456d810115	0.429	0.953	0.992
Q9NZL3__3b99100d8ad8ce6e	P17014__c56eaa79e23cbb69	0.403	0.983	0.970
Q9NZL3__3b99100d8ad8ce6e	Q8TF45__a525adcb0a8550ea	0.405	0.953	0.994
Q9NZL3__3b99100d8ad8ce6e	Q8WXB4__85e3777aa6bfc4c6	0.402	0.993	0.924
Q9NZL3__3b99100d8ad8ce6e	Q9NYW8__012ec75c2ced9ef8	0.403	1.000	0.950
Q9NZL3__3b99100d8ad8ce6e	Q8NEP9__54c10d9021494253	0.414	0.878	0.944
Q9NZL3__3b99100d8ad8ce6e	Q9Y2P7__afc52169f38f6127	0.416	0.864	0.976
Q9NZL3__3b99100d8ad8ce6e	O60765__7991d51d11a01c75	0.423	0.873	0.980
Q9NZL3__3b99100d8ad8ce6e	Q96RE9__104b5f78241b34ea	0.424	0.826	0.982
Q9NZL3__3b99100d8ad8ce6e	P21506__319472b038e86662	0.378	0.868	0.972
Q9UDR5__b9843f3647b5d9d1	Q9UDR5__b9843f3647b5d9d1	1.000	1.000	1.000
Q9UIG0__199d496dabf0c813	Q9UIG0__199d496dabf0c813	1.000	1.000	1.000
Q9ULI0__479f242b8efb9311	Q9ULI0__479f242b8efb9311	1.000	1.000	1.000
Q9ULI0__479f242b8efb9311	Q6PL18__7db2f33ffda54052	0.511	0.888	0.891
Q9Y258__f5e2fc31c84ced48	Q9Y258__f5e2fc31c84ced48	1.000	1.000	1.000
Q9Y258__f5e2fc31c84ced48	Q92583__98d38450baac5598	0.310	0.926	0.894
Q9Y258__f5e2fc31c84ced48	P78556__102aa539be81c5ad	0.312	0.819	0.812
Q9Y3D9__e0a03956bb5e87b4	Q9Y3D9__e0a03956bb5e87b4	1.000	1.000	1.000
Q9Y676__35eef5040a994d4f	Q9Y676__35eef5040a994d4f	1.000	1.000	1.000
A6NNB3__f7125b0f4e8d4737	A6NNB3__f7125b0f4e8d4737	1.000	1.000	1.000
O00238__ce1def7aae1584f1	O00238__ce1def7aae1584f1	1.000	1.000	1.000
O00238__ce1def7aae1584f1	P37023__41225f390d79410e	0.455	0.960	0.948
O00238__ce1def7aae1584f1	Q13705__3f5bc742b8501d98	0.334	0.863	0.809
O14901__e272e67b47e27a12	O14901__e272e67b47e27a12	1.000	1.000	1.000
O43614__e6a80905b838e43a	O43614__e6a80905b838e43a	1.000	1.000	1.000
O43614__e6a80905b838e43a	O43613__4fa99a96e770e04d	0.687	0.921	0.958
O60895__60f885dae3248015	O60895__60f885dae3248015	1.000	1.000	1.000
O75937__90621a87e8eae11e	O75937__90621a87e8eae11e	1.000	1.000	1.000
O95841__6b0a971674c8cdab	O95841__6b0a971674c8cdab	1.000	1.000	1.000
O95841__6b0a971674c8cdab	Q15389__9161753d4a3aed6d	0.317	0.933	0.938
O95841__6b0a971674c8cdab	O15123__58a48a0d320451b3	0.317	0.902	0.917
P01563__e52eb90420ceaffe	P01563__e52eb90420ceaffe	1.000	1.000	1.000
P05231__ce9be1b6049442db	P05231__ce9be1b6049442db	1.000	1.000	1.000
P0C1Z6__d939dd7e5feb3a72	P0C1Z6__d939dd7e5feb3a72	1.000	1.000	1.000
P11150__70ef1ae8ca11b378	P11150__70ef1ae8ca11b378	1.000	1.000	1.000
P11150__70ef1ae8ca11b378	Q9Y5X9__5b2bf8da09ea43b3	0.452	0.860	0.846
P11150__70ef1ae8ca11b378	P54315__13ccfaaaead32aff	0.319	0.910	0.938
P16298__bd6d21436948c6b7	P16298__bd6d21436948c6b7	1.000	1.000	1.000
P20823__32a0474d11528054	P20823__32a0474d11528054	1.000	1.000	1.000
P25089__7b91cc56436d597f	P25089__7b91cc56436d597f	1.000	1.000	1.000
P25089__7b91cc56436d597f	P25090__3b25f9aedba54606	0.722	1.000	1.000
P25089__7b91cc56436d597f	P21462__e3bd8aa167ddf1d1	0.585	0.997	0.997
P25089__7b91cc56436d597f	Q99788__d5cce27e9956e0b5	0.372	0.875	0.826
P25089__7b91cc56436d597f	P46091__d9e7cf6b4175eb00	0.349	0.921	0.893
P29508__5c4614c4d5244277	P29508__5c4614c4d5244277	1.000	1.000	1.000
P29508__5c4614c4d5244277	P48594__643fa1288d817ac7	0.917	1.000	1.000
P29508__5c4614c4d5244277	P35237__0bc7dc2f5cf163bd	0.462	1.000	1.000
P29508__5c4614c4d5244277	P05121__85dcfe09ecc84ccb	0.306	0.964	0.898
P33764__5b3f212a4523c4ec	P33764__5b3f212a4523c4ec	1.000	1.000	1.000
P39880__4a192b91f7ea673e	P39880__4a192b91f7ea673e	1.000	1.000	1.000
P43363__793a8d14f37fb705	P43363__793a8d14f37fb705	1.000	1.000	1.000
P49406__0807e89052573fd6	P49406__0807e89052573fd6	1.000	1.000	1.000
P51965__1e8abf77bbf48b6c	P51965__1e8abf77bbf48b6c	1.000	1.000	1.000
P58557__8390de8f74c676ed	P58557__8390de8f74c676ed	1.000	1.000	1.000
P83876__281ef8f8dbce779f	P83876__281ef8f8dbce779f	1.000	1.000	1.000
P83876__281ef8f8dbce779f	Q9NX01__f58a2d347f366483	0.389	0.951	0.906
Q06278__0027ca265a312088	Q06278__0027ca265a312088	1.000	1.000	1.000
Q13111__f44bfabca3e73489	Q13111__f44bfabca3e73489	1.000	1.000	1.000
Q13705__3f5bc742b8501d98	Q13705__3f5bc742b8501d98	1.000	1.000	1.000
Q13705__3f5bc742b8501d98	O00238__ce1def7aae1584f1	0.329	0.834	0.888
Q14831__9a4010875370ca8e	Q14831__9a4010875370ca8e	1.000	1.000	1.000
Q14831__9a4010875370ca8e	Q14833__1ccc436b642bb606	0.700	0.985	0.987
Q14831__9a4010875370ca8e	Q14832__38b515dbc64dee38	0.460	0.899	0.923
Q14831__9a4010875370ca8e	P41180__6c2adc8809792b84	0.314	0.919	0.813
Q16829__1729457dd54d4b65	Q16829__1729457dd54d4b65	1.000	1.000	1.000
Q16829__1729457dd54d4b65	Q16828__a3c4d3b475ea0a53	0.719	0.871	0.955
Q49AH0__113bbcf1996773d1	Q49AH0__113bbcf1996773d1	1.000	1.000	1.000
Q5KSL6__405d91ca6c9ef904	Q5KSL6__405d91ca6c9ef904	1.000	1.000	1.000
Q5VVY1__c2368b72a949a752	Q5VVY1__c2368b72a949a752	1.000	1.000	1.000
Q6GPH6__c783fd9deb5ffeeb	Q6GPH6__c783fd9deb5ffeeb	1.000	1.000	1.000
Q6QNK2__a339096416efb144	Q6QNK2__a339096416efb144	1.000	1.000	1.000
Q6X4U4__14d5df1209ec9a18	Q6X4U4__14d5df1209ec9a18	1.000	1.000	1.000
Q7RTX0__741467c18af0e895	Q7RTX0__741467c18af0e895	1.000	1.000	1.000
Q7RTX0__741467c18af0e895	Q8TE23__689ef1e39b6c1add	0.309	0.961	0.969
Q86TG1__46048cb22a513da3	Q86TG1__46048cb22a513da3	1.000	1.000	1.000
Q86YR6__bc4ccce134d4fdb1	Q86YR6__bc4ccce134d4fdb1	1.000	1.000	1.000
Q8IYW5__e26c503e132670df	Q8IYW5__e26c503e132670df	1.000	1.000	1.000
Q8N5F7__cfebd875c0abb98c	Q8N5F7__cfebd875c0abb98c	1.000	1.000	1.000
Q8NCG7__06b40a2742cea018	Q8NCG7__06b40a2742cea018	1.000	1.000	1.000
Q8TAD8__b6f22071f0a98852	Q8TAD8__b6f22071f0a98852	1.000	1.000	1.000
Q8WU08__583697c38823cc92	Q8WU08__583697c38823cc92	1.000	1.000	1.000
Q92620__19b96d837c466400	Q92620__19b96d837c466400	1.000	1.000	1.000
Q96A37__6bbf4dba1603fb82	Q96A37__6bbf4dba1603fb82	1.000	1.000	1.000
Q96EP9__b0ee59d911e8796a	Q96EP9__b0ee59d911e8796a	1.000	1.000	1.000
Q96JW4__990ba1979c6b5ef7	Q96JW4__990ba1979c6b5ef7	1.000	1.000	1.000
Q96PH6__2c25e6ff28b503e6	Q96PH6__2c25e6ff28b503e6	1.000	1.000	1.000
Q99572__155a223fdcfff03d	Q99572__155a223fdcfff03d	1.000	1.000	1.000
Q9BRA2__84e24da1b0033317	Q9BRA2__84e24da1b0033317	1.000	1.000	1.000
Q9BUV0__0b33a760c816a3e2	Q9BUV0__0b33a760c816a3e2	1.000	1.000	1.000
Q9BY27__fa9c309825a4adfd	Q9BY27__fa9c309825a4adfd	1.000	1.000	1.000
Q9BY27__fa9c309825a4adfd	Q14129__fd48aa1f72b2710e	0.972	1.000	1.000
Q9GZP0__3da6686436593306	Q9GZP0__3da6686436593306	1.000	1.000	1.000
Q9H2S9__36640543b4ad7492	Q9H2S9__36640543b4ad7492	1.000	1.000	1.000
Q9H2S9__36640543b4ad7492	Q9UKS7__03d0a5274a57c17d	0.561	0.884	0.964
Q9H6S1__eb386a1ca1d9bd02	Q9H6S1__eb386a1ca1d9bd02	1.000	1.000	1.000
Q9HB96__c280cf7895b9da57	Q9HB96__c280cf7895b9da57	1.000	1.000	1.000
Q9NPB1__0ffbbed23b94a761	Q9NPB1__0ffbbed23b94a761	1.000	1.000	1.000
Q9NRX2__c23e00b5cf763f5b	Q9NRX2__c23e00b5cf763f5b	1.000	1.000	1.000
Q9NX70__1a307d772d6cb3ff	Q9NX70__1a307d772d6cb3ff	1.000	1.000	1.000
Q9NZM4__8d6d8ce39d7354c0	Q9NZM4__8d6d8ce39d7354c0	1.000	1.000	1.000
Q9UDW3__27502a8673a1aecc	Q9UDW3__27502a8673a1aecc	1.000	1.000	1.000
Q9UIH9__b7b02d35c1aaa364	Q9UIH9__b7b02d35c1aaa364	1.000	1.000	1.000
Q9ULJ3__fea82979480a8292	Q9ULJ3__fea82979480a8292	1.000	1.000	1.000
Q9Y291__47aa15fbb41f7ce0	Q9Y291__47aa15fbb41f7ce0	1.000	1.000	1.000
Q9Y3E1__a1d99c34eb839600	Q9Y3E1__a1d99c34eb839600	1.000	1.000	1.000
Q9Y6E2__3c8bbda540f760b4	Q9Y6E2__3c8bbda540f760b4	1.000	1.000	1.000
A6NND4__1ab350c3762ee58b	A6NND4__1ab350c3762ee58b	1.000	1.000	1.000
A6NND4__1ab350c3762ee58b	Q9P1Q5__9a79439422ed7847	0.377	0.928	0.951
A6NND4__1ab350c3762ee58b	Q9Y585__6d632c8fc2495dec	0.394	0.928	0.951
A6NND4__1ab350c3762ee58b	P34982__1a63499965a86aa9	0.351	0.956	0.968
A6NND4__1ab350c3762ee58b	Q8NHC4__09b6b03397b04a0a	0.348	0.878	0.906
A6NND4__1ab350c3762ee58b	Q8NGD0__4a399e4ae20c6ba5	0.366	0.944	0.958
A6NND4__1ab350c3762ee58b	Q8TCB6__b818339bbd8ec524	0.365	0.947	0.947
O00241__058126c4333fc698	O00241__058126c4333fc698	1.000	1.000	1.000
O14931__87b207aee242396f	O14931__87b207aee242396f	1.000	1.000	1.000
O43653__252effdba5d5a0e6	O43653__252effdba5d5a0e6	1.000	1.000	1.000
O75150__d7822af1f78a01cd	O75150__d7822af1f78a01cd	1.000	1.000	1.000
O75150__d7822af1f78a01cd	Q5VTR2__38c866437e18ddc3	0.583	0.999	0.999
O76071__5d151b994d8def74	O76071__5d151b994d8def74	1.000	1.000	1.000
O95867__338f0a8d67b499dd	O95867__338f0a8d67b499dd	1.000	1.000	1.000
P01574__783298856c3779f3	P01574__783298856c3779f3	1.000	1.000	1.000
P05362__c13e370f975e57b5	P05362__c13e370f975e57b5	1.000	1.000	1.000
P05362__c13e370f975e57b5	P32942__8172da9673395762	0.509	0.891	0.870
P0C7P0__71d8db29e0887e4b	P0C7P0__71d8db29e0887e4b	1.000	1.000	1.000
P11168__d863fcef95df00de	P11168__d863fcef95df00de	1.000	1.000	1.000
P11168__d863fcef95df00de	Q8TDB8__c6bfe61e458ae6a2	0.494	0.958	0.894
P11168__d863fcef95df00de	Q9BYW1__5ab812320655816c	0.314	0.939	0.929
P16410__0bf1f3a7b18a8a95	P16410__0bf1f3a7b18a8a95	1.000	1.000	1.000
P20936__e9c5e47db9bac98b	P20936__e9c5e47db9bac98b	1.000	1.000	1.000
P25090__3b25f9aedba54606	P25090__3b25f9aedba54606	1.000	1.000	1.000
P25090__3b25f9aedba54606	P25089__7b91cc56436d597f	0.722	1.000	1.000
P25090__3b25f9aedba54606	P21462__e3bd8aa167ddf1d1	0.688	0.997	0.997
P25090__3b25f9aedba54606	Q99788__d5cce27e9956e0b5	0.378	0.869	0.815
P25090__3b25f9aedba54606	P46091__d9e7cf6b4175eb00	0.334	0.926	0.921
P25090__3b25f9aedba54606	Q9P296__e224ab058cffa673	0.311	0.863	0.831
P29762__a64c0d195d0992a4	P29762__a64c0d195d0992a4	1.000	1.000	1.000
P34096__bdb5ad9576d2cdc1	P34096__bdb5ad9576d2cdc1	1.000	1.000	1.000
P34096__bdb5ad9576d2cdc1	Q9H1E1__7e69e30f9f304974	0.386	0.918	0.917
P39905__6b142a7d02bfea43	P39905__6b142a7d02bfea43	1.000	1.000	1.000
P43626__ee148c74eb46d498	P43626__ee148c74eb46d498	1.000	1.000	1.000
P43626__ee148c74eb46d498	Q14954__899ac0f42f6b2ea3	0.943	0.868	0.997
P43626__ee148c74eb46d498	Q14953__a326374eef3e3e81	0.894	0.868	0.997
P49589__aaec77bda46be5ed	P49589__aaec77bda46be5ed	1.000	1.000	1.000
P52435__7186201b62e96b64	P52435__7186201b62e96b64	1.000	1.000	1.000
P59046__bce6651626bc9258	P59046__bce6651626bc9258	1.000	1.000	1.000
P59046__bce6651626bc9258	Q9NX02__5b347cb59cf85bc2	0.337	0.971	0.960
P62995__b24af2931a6b0612	P62995__b24af2931a6b0612	1.000	1.000	1.000
P62995__b24af2931a6b0612	Q13595__df365308c4ad893d	0.632	1.000	1.000
P83881__79f38bfbc7f5435e	P83881__79f38bfbc7f5435e	1.000	1.000	1.000
Q06455__cfd18f20b2e8747b	Q06455__cfd18f20b2e8747b	1.000	1.000	1.000
Q13115__865d65f56fd4b795	Q13115__865d65f56fd4b795	1.000	1.000	1.000
Q13733__a6f8d3b9d9af41b1	Q13733__a6f8d3b9d9af41b1	1.000	1.000	1.000
Q13733__a6f8d3b9d9af41b1	P13637__28886d316e014e26	0.789	0.967	0.984
Q14832__38b515dbc64dee38	Q14832__38b515dbc64dee38	1.000	1.000	1.000
Q14832__38b515dbc64dee38	Q14831__9a4010875370ca8e	0.460	0.923	0.899
Q14832__38b515dbc64dee38	Q14833__1ccc436b642bb606	0.468	0.929	0.906
Q15726__d5267e171e93b270	Q15726__d5267e171e93b270	1.000	1.000	1.000
Q16832__39060bb69c4e8f76	Q16832__39060bb69c4e8f76	1.000	1.000	1.000
Q4G0N4__8cad00734c2ca8d6	Q4G0N4__8cad00734c2ca8d6	1.000	1.000	1.000
Q5MJ68__b3e6fe9ba7fa2c0d	Q5MJ68__b3e6fe9ba7fa2c0d	1.000	1.000	1.000
Q5VWG9__fc46caa75551b658	Q5VWG9__fc46caa75551b658	1.000	1.000	1.000
Q6GTX8__71f0bb8e2e876e82	Q6GTX8__71f0bb8e2e876e82	1.000	1.000	1.000
Q6STE5__7b49ceef71c89aef	Q6STE5__7b49ceef71c89aef	1.000	1.000	1.000
Q6STE5__7b49ceef71c89aef	Q96GM5__05581dae6f0579da	0.750	0.946	0.885
Q6XE24__47b49c4892fd20f0	Q6XE24__47b49c4892fd20f0	1.000	1.000	1.000
Q7RTY1__0a5a10290c89482f	Q7RTY1__0a5a10290c89482f	1.000	1.000	1.000
Q86TM3__e5aa0a6242b0129b	Q86TM3__e5aa0a6242b0129b	1.000	1.000	1.000
Q86YT5__35aa22d6cddd672e	Q86YT5__35aa22d6cddd672e	1.000	1.000	1.000
Q86YT5__35aa22d6cddd672e	Q8WWT9__fcc1afe1cc24d326	0.483	0.991	0.962
Q8IZD6__c33e1fe3c312d03d	Q8IZD6__c33e1fe3c312d03d	1.000	1.000	1.000
Q8N5I2__8d836cb6060bcb56	Q8N5I2__8d836cb6060bcb56	1.000	1.000	1.000
Q8NCN2__bd14a0b62f038110	Q8NCN2__bd14a0b62f038110	1.000	1.000	1.000
Q8TAS1__8089b8fa12a31fa1	Q8TAS1__8089b8fa12a31fa1	1.000	1.000	1.000
Q8WUM9__9812589e0b86f617	Q8WUM9__9812589e0b86f617	1.000	1.000	1.000
Q92637__1d85341bf49cdb7f	Q92637__1d85341bf49cdb7f	1.000	1.000	1.000
Q96A54__885801501534f990	Q96A54__885801501534f990	1.000	1.000	1.000
Q96A54__885801501534f990	Q86V24__4e83b8de9debe8a2	0.737	0.925	0.896
Q96ER3__252ec3542ff6a4e3	Q96ER3__252ec3542ff6a4e3	1.000	1.000	1.000
Q96K58__736cab592d597c3d	Q96K58__736cab592d597c3d	1.000	1.000	1.000
Q96PJ5__eb7c7287fd045589	Q96PJ5__eb7c7287fd045589	1.000	1.000	1.000
Q99581__a069870fd633d11d	Q99581__a069870fd633d11d	1.000	1.000	1.000
Q9BRD0__fe2f58ab5c0d00d2	Q9BRD0__fe2f58ab5c0d00d2	1.000	1.000	1.000
Q9BV44__1fb73430dd0eb582	Q9BV44__1fb73430dd0eb582	1.000	1.000	1.000
Q9BY32__5db3e7a51fce0c33	Q9BY32__5db3e7a51fce0c33	1.000	1.000	1.000
Q9GZP4__6b46783b9d0999f3	Q9GZP4__6b46783b9d0999f3	1.000	1.000	1.000
Q9H2U2__6302ad0aa4a7b354	Q9H2U2__6302ad0aa4a7b354	1.000	1.000	1.000
Q9H6T0__22e77cd0500a498b	Q9H6T0__22e77cd0500a498b	1.000	1.000	1.000
Q9H6T0__22e77cd0500a498b	Q6NXG1__c40650b27746c7d9	0.594	0.964	0.994
Q9HBE1__72a9a18a311dc8f0	Q9HBE1__72a9a18a311dc8f0	1.000	1.000	1.000
Q9NPC7__99eca3247aa120d5	Q9NPC7__99eca3247aa120d5	1.000	1.000	1.000
Q9NRY2__8c2d6e51a7ddb99a	Q9NRY2__8c2d6e51a7ddb99a	1.000	1.000	1.000
Q9NXE8__f64f0f14754d0d74	Q9NXE8__f64f0f14754d0d74	1.000	1.000	1.000
Q9NZP8__e50c99cd74cae31b	Q9NZP8__e50c99cd74cae31b	1.000	1.000	1.000
Q9UDY6__b4fe08e001d73d22	Q9UDY6__b4fe08e001d73d22	1.000	1.000	1.000
Q9UDY6__b4fe08e001d73d22	Q9C037__b8468b0c290980a7	0.300	0.958	0.960
Q9UII2__e8372755142cb1e1	Q9UII2__e8372755142cb1e1	1.000	1.000	1.000
Q9ULL4__176043c241dec32b	Q9ULL4__176043c241dec32b	1.000	1.000	1.000
Q9ULL4__176043c241dec32b	O15031__fb1ede6db30917e4	0.401	0.972	0.982
Q9Y2D0__486dfc57e7984c71	Q9Y2D0__486dfc57e7984c71	1.000	1.000	1.000
Q9Y2D0__486dfc57e7984c71	P35218__bfece1ec659b83c6	0.641	0.880	0.915
Q9Y3E2__8b7101fe820b909a	Q9Y3E2__8b7101fe820b909a	1.000	1.000	1.000
Q9Y6F8__4defde59a1d7277c	Q9Y6F8__4defde59a1d7277c	1.000	1.000	1.000
A8K2U0__e302d6ce0e1ee9a5	A8K2U0__e302d6ce0e1ee9a5	1.000	1.000	1.000
A8K2U0__e302d6ce0e1ee9a5	P01023__3ee0b59c31b62639	0.407	0.997	0.987
O00255__7810003b5817178c	O00255__7810003b5817178c	1.000	1.000	1.000
O14948__1ae75639ad6e0ba7	O14948__1ae75639ad6e0ba7	1.000	1.000	1.000
O43679__62e8bca7cc8c7f35	O43679__62e8bca7cc8c7f35	1.000	1.000	1.000
O75164__036a41d3c1505220	O75164__036a41d3c1505220	1.000	1.000	1.000
O75164__036a41d3c1505220	O94953__0fa174d36e05c9a5	0.505	0.977	0.967
O77932__7a76ed8d73d41e47	O77932__7a76ed8d73d41e47	1.000	1.000	1.000
O95926__4f35774ac2100734	O95926__4f35774ac2100734	1.000	1.000	1.000
P01588__400768c3b0825478	P01588__400768c3b0825478	1.000	1.000	1.000
P05423__221b4e3c8c8b5fee	P05423__221b4e3c8c8b5fee	1.000	1.000	1.000
P0C7Q2__5d32508ddcf4602f	P0C7Q2__5d32508ddcf4602f	1.000	1.000	1.000
P11597__bd8e45b1aef9315c	P11597__bd8e45b1aef9315c	1.000	1.000	1.000
P16581__f882612846d661bd	P16581__f882612846d661bd	1.000	1.000	1.000
P21246__7200edb0047d9705	P21246__7200edb0047d9705	1.000	1.000	1.000
P25105__9a6aec10723eb8d1	P25105__9a6aec10723eb8d1	1.000	1.000	1.000
P25105__9a6aec10723eb8d1	Q9H244__8b858a0c09ffd4bb	0.325	0.863	0.848
P25105__9a6aec10723eb8d1	Q15743__e22052f4286e7726	0.305	0.918	0.825
P29972__8aaa3dd189e99d4f	P29972__8aaa3dd189e99d4f	1.000	1.000	1.000
P34130__038eb4a04f0b8d92	P34130__038eb4a04f0b8d92	1.000	1.000	1.000
P40225__0f8a0b0300371e22	P40225__0f8a0b0300371e22	1.000	1.000	1.000
P43652__fcfa797bf58849cc	P43652__fcfa797bf58849cc	1.000	1.000	1.000
P49590__0a57a0354fdb6438	P49590__0a57a0354fdb6438	1.000	1.000	1.000
P52565__fff4642ce787c71b	P52565__fff4642ce787c71b	1.000	1.000	1.000
P59666__c815a40ea9a37b86	P59666__c815a40ea9a37b86	1.000	1.000	1.000
P63092__6dedace6845efaa2	P63092__6dedace6845efaa2	1.000	1.000	1.000
P63092__6dedace6845efaa2	A8MTJ3__69d69c3bddc7e9c1	0.412	0.952	0.966
P63092__6dedace6845efaa2	P09471__399d5823731a6349	0.421	0.987	0.986
P83916__5cf91f43af5d1678	P83916__5cf91f43af5d1678	1.000	1.000	1.000
P83916__5cf91f43af5d1678	Q13185__bcd26b7b1ff11fbb	0.731	0.957	0.934
Q06520__585c4a4cf32009d3	Q06520__585c4a4cf32009d3	1.000	1.000	1.000
Q06520__585c4a4cf32009d3	P0DMM9__791c95e7451d11dc	0.380	0.919	0.905
Q06520__585c4a4cf32009d3	P50225__1adc07047e1f7d62	0.373	0.919	0.905
Q06520__585c4a4cf32009d3	O43704__0a257f68bc492a36	0.414	0.870	0.861
Q13156__443375626bc2671b	Q13156__443375626bc2671b	1.000	1.000	1.000
Q13790__061450fadb31e46c	Q13790__061450fadb31e46c	1.000	1.000	1.000
Q14833__1ccc436b642bb606	Q14833__1ccc436b642bb606	1.000	1.000	1.000
Q14833__1ccc436b642bb606	Q14831__9a4010875370ca8e	0.700	0.987	0.985
Q14833__1ccc436b642bb606	Q14832__38b515dbc64dee38	0.468	0.917	0.939
Q15743__e22052f4286e7726	Q15743__e22052f4286e7726	1.000	1.000	1.000
Q15743__e22052f4286e7726	P46093__0a42cca351eefb6a	0.515	0.844	0.851
Q16851__5a83d132b4719649	Q16851__5a83d132b4719649	1.000	1.000	1.000
Q4G176__9b23a9c38ce64f20	Q4G176__9b23a9c38ce64f20	1.000	1.000	1.000
Q5MJ70__09e992928e7eb75c	Q5MJ70__09e992928e7eb75c	1.000	1.000	1.000
Q5VWK5__3fba3ca006333969	Q5VWK5__3fba3ca006333969	1.000	1.000	1.000
Q6IB77__28c763fb9ad66207	Q6IB77__28c763fb9ad66207	1.000	1.000	1.000
Q6TCH4__f6872ed0f80ad686	Q6TCH4__f6872ed0f80ad686	1.000	1.000	1.000
Q6TCH4__f6872ed0f80ad686	Q6ZVX9__e58ecf0e9699a4af	0.337	0.860	0.828
Q6YHK3__26ce27a0e409dc3e	Q6YHK3__26ce27a0e409dc3e	1.000	1.000	1.000
Q7Z2W9__822b1a993f856646	Q7Z2W9__822b1a993f856646	1.000	1.000	1.000
Q86TS9__399f2cf89de06ac4	Q86TS9__399f2cf89de06ac4	1.000	1.000	1.000
Q86Z20__ba6115b0ff93f97d	Q86Z20__ba6115b0ff93f97d	1.000	1.000	1.000
Q8IZF0__56bf6f93330f8039	Q8IZF0__56bf6f93330f8039	1.000	1.000	1.000
Q8N5N4__c32daba1fc56a8b6	Q8N5N4__c32daba1fc56a8b6	1.000	1.000	1.000
Q8NCU7__3dbb9058c2f6dfb7	Q8NCU7__3dbb9058c2f6dfb7	1.000	1.000	1.000
Q8NCU7__3dbb9058c2f6dfb7	A6NLJ0__5cb0f0e07b9a47a5	0.830	0.905	0.948
Q8TAT2__e57800ffbe8c357e	Q8TAT2__e57800ffbe8c357e	1.000	1.000	1.000
Q8WUN7__7cc304f0824a1ea0	Q8WUN7__7cc304f0824a1ea0	1.000	1.000	1.000
Q92665__81775b9124c18de2	Q92665__81775b9124c18de2	1.000	1.000	1.000
Q96A58__2d6835eca3ec3703	Q96A58__2d6835eca3ec3703	1.000	1.000	1.000
Q96EY7__8fbf1fe9d2a159a1	Q96EY7__8fbf1fe9d2a159a1	1.000	1.000	1.000
Q96K76__bf37e091c497bfce	Q96K76__bf37e091c497bfce	1.000	1.000	1.000
Q96PL1__827d5f66c7ba65a4	Q96PL1__827d5f66c7ba65a4	1.000	1.000	1.000
Q96PL1__827d5f66c7ba65a4	Q96QR1__63245031d19f54fe	0.435	0.989	0.962
Q99590__a9194abf7f4621c3	Q99590__a9194abf7f4621c3	1.000	1.000	1.000
Q9BRF8__0965084fa8180b66	Q9BRF8__0965084fa8180b66	1.000	1.000	1.000
Q9BV86__f54299310ebc450d	Q9BV86__f54299310ebc450d	1.000	1.000	1.000
Q9BY66__ec11e17402bc7e1f	Q9BY66__ec11e17402bc7e1f	1.000	1.000	1.000
Q9BY66__ec11e17402bc7e1f	P41229__2e18349d95d39c5d	0.852	0.995	0.993
Q9BY66__ec11e17402bc7e1f	Q9UGL1__afa52fec63158c77	0.485	0.914	0.876
Q9GZP8__19d234a6cb545e96	Q9GZP8__19d234a6cb545e96	1.000	1.000	1.000
Q9H2W2__e429e374f46bfdc2	Q9H2W2__e429e374f46bfdc2	1.000	1.000	1.000
Q9H765__7f4164d7aabc012e	Q9H765__7f4164d7aabc012e	1.000	1.000	1.000
Q9HBE4__6207e57b8d77aca4	Q9HBE4__6207e57b8d77aca4	1.000	1.000	1.000
Q9NPD8__5adf00d7297fe32c	Q9NPD8__5adf00d7297fe32c	1.000	1.000	1.000
Q9NS37__7e5ce83cf8bbb7ea	Q9NS37__7e5ce83cf8bbb7ea	1.000	1.000	1.000
Q9NXF7__989390fb99903d80	Q9NXF7__989390fb99903d80	1.000	1.000	1.000
Q9P013__96615dd89a09abb1	Q9P013__96615dd89a09abb1	1.000	1.000	1.000
Q9UEE5__50a1e4437af3eac9	Q9UEE5__50a1e4437af3eac9	1.000	1.000	1.000
Q9UIL8__1008019fdd8cb89c	Q9UIL8__1008019fdd8cb89c	1.000	1.000	1.000
Q9ULQ0__b00cd1e9da8769db	Q9ULQ0__b00cd1e9da8769db	1.000	1.000	1.000
Q9ULQ0__b00cd1e9da8769db	Q5VSL9__eac86d1dabd226fe	0.713	0.963	0.945
Q9Y2D9__6990a366ec7950c3	Q9Y2D9__6990a366ec7950c3	1.000	1.000	1.000
Q9Y3P8__dbb309718d4f4db4	Q9Y3P8__dbb309718d4f4db4	1.000	1.000	1.000
Q9Y6G3__e935ff4a9c5611a6	Q9Y6G3__e935ff4a9c5611a6	1.000	1.000	1.000
A8MQ27__8bbbb80f970bdd93	A8MQ27__8bbbb80f970bdd93	1.000	1.000	1.000
O00267__764ff75d65f654b2	O00267__764ff75d65f654b2	1.000	1.000	1.000
O14978__c4f71ba247d1fe9d	O14978__c4f71ba247d1fe9d	1.000	1.000	1.000
O14978__c4f71ba247d1fe9d	Q96SZ4__3136ce377934a8b2	0.342	0.994	0.987
O43692__26d730260aaa4440	O43692__26d730260aaa4440	1.000	1.000	1.000
O75170__2a228c8e7200e493	O75170__2a228c8e7200e493	1.000	1.000	1.000
O94776__e806eb990c234069	O94776__e806eb990c234069	1.000	1.000	1.000
O95931__c6c68b0fd0d91ac0	O95931__c6c68b0fd0d91ac0	1.000	1.000	1.000
P01730__b598cecf65abf705	P01730__b598cecf65abf705	1.000	1.000	1.000
P05549__59608780f7b632de	P05549__59608780f7b632de	1.000	1.000	1.000
P05549__59608780f7b632de	Q92754__6e5e40e0ad9f547b	0.640	1.000	1.000
P0CG12__88be69c5a9b64278	P0CG12__88be69c5a9b64278	1.000	1.000	1.000
P11831__f4f34eb7c0c143a1	P11831__f4f34eb7c0c143a1	1.000	1.000	1.000
P17014__c56eaa79e23cbb69	P17014__c56eaa79e23cbb69	1.000	1.000	1.000
P17014__c56eaa79e23cbb69	Q9NYW8__012ec75c2ced9ef8	0.673	0.999	1.000
P17014__c56eaa79e23cbb69	Q6ECI4__3b54065604538766	0.466	0.976	0.950
P17014__c56eaa79e23cbb69	Q8WXB4__85e3777aa6bfc4c6	0.451	0.937	0.922
P17014__c56eaa79e23cbb69	Q8TF45__a525adcb0a8550ea	0.427	0.973	0.987
P17014__c56eaa79e23cbb69	O94892__97f614456d810115	0.481	0.937	0.989
P17014__c56eaa79e23cbb69	Q96RE9__104b5f78241b34ea	0.478	0.901	0.993
P17014__c56eaa79e23cbb69	Q03923__66124a4c935f1ab2	0.430	0.974	0.988
P17014__c56eaa79e23cbb69	Q9NZL3__3b99100d8ad8ce6e	0.405	0.970	0.983
P17014__c56eaa79e23cbb69	P17032__4f8421aced96b030	0.467	0.907	0.980
P17014__c56eaa79e23cbb69	Q9Y2P7__afc52169f38f6127	0.414	0.974	0.981
P17014__c56eaa79e23cbb69	Q8NEP9__54c10d9021494253	0.403	0.974	0.933
P17014__c56eaa79e23cbb69	O60765__7991d51d11a01c75	0.395	0.970	0.970
P17014__c56eaa79e23cbb69	Q8WTR7__91a891547b3b392f	0.341	0.970	0.986
P17014__c56eaa79e23cbb69	P21506__319472b038e86662	0.407	0.938	0.977
P21291__65a6ea26fda762e2	P21291__65a6ea26fda762e2	1.000	1.000	1.000
P25929__b988033ce3865dd5	P25929__b988033ce3865dd5	1.000	1.000	1.000
P25929__b988033ce3865dd5	P50391__648c2a026f9f9ba1	0.461	0.875	0.899
P25929__b988033ce3865dd5	P21452__6ef9ea928a94c951	0.309	0.841	0.802
P30043__eb0bcc4cc33b3b39	P30043__eb0bcc4cc33b3b39	1.000	1.000	1.000
P34969__987e15538f0f1ab2	P34969__987e15538f0f1ab2	1.000	1.000	1.000
P40227__84f93c810a987631	P40227__84f93c810a987631	1.000	1.000	1.000
P43657__4ae30283a4f540c0	P43657__4ae30283a4f540c0	1.000	1.000	1.000
P43657__4ae30283a4f540c0	P47900__5dbfb306761c6e6d	0.310	0.869	0.802
P43657__4ae30283a4f540c0	Q9Y2T6__6b08229612dbd4b3	0.317	0.802	0.846
P43657__4ae30283a4f540c0	Q9BXC0__c32755f7cf88545d	0.300	0.887	0.853
P49638__37125289988fe878	P49638__37125289988fe878	1.000	1.000	1.000
P52569__de8d1ff283d482cc	P52569__de8d1ff283d482cc	1.000	1.000	1.000
P59901__6c29d8da608bde3f	P59901__6c29d8da608bde3f	1.000	1.000	1.000
P59901__6c29d8da608bde3f	Q8N423__0cfb31ca309b34b6	0.607	0.932	0.802
P63173__c34e32f6de40d659	P63173__c34e32f6de40d659	1.000	1.000	1.000
P84090__a152f86cd23fb3bc	P84090__a152f86cd23fb3bc	1.000	1.000	1.000
Q06945__e20d4a310232ae32	Q06945__e20d4a310232ae32	1.000	1.000	1.000
Q06945__e20d4a310232ae32	P35716__990389c3f8355698	0.430	0.901	0.916
Q13158__dfe42fa21201563f	Q13158__dfe42fa21201563f	1.000	1.000	1.000
Q13794__d43898cd564c36c3	Q13794__d43898cd564c36c3	1.000	1.000	1.000
Q14894__c5cb8765e4ef8723	Q14894__c5cb8765e4ef8723	1.000	1.000	1.000
Q15744__75d0af597e53395b	Q15744__75d0af597e53395b	1.000	1.000	1.000
Q16853__7ed9ac5c23544be7	Q16853__7ed9ac5c23544be7	1.000	1.000	1.000
Q4KMQ2__5c7146c6b5088cb4	Q4KMQ2__5c7146c6b5088cb4	1.000	1.000	1.000
Q4KMQ2__5c7146c6b5088cb4	Q32M45__1509fe9c1f8bc231	0.449	0.957	0.906
Q4KMQ2__5c7146c6b5088cb4	Q9NQ90__67d3c7e16e4b6e08	0.373	0.907	0.865
Q5QGZ9__7b7748515c2466d4	Q5QGZ9__7b7748515c2466d4	1.000	1.000	1.000
Q5QGZ9__7b7748515c2466d4	Q2HXU8__39ab1f6df19d4e4f	0.338	0.966	0.982
Q5VYS4__eec3959eed1d83dc	Q5VYS4__eec3959eed1d83dc	1.000	1.000	1.000
Q6IEG0__0ad74de4db2e7c0c	Q6IEG0__0ad74de4db2e7c0c	1.000	1.000	1.000
Q6UB28__d40c4fd9fd796126	Q6UB28__d40c4fd9fd796126	1.000	1.000	1.000
Q6ZMJ4__bc5417cc3c559a07	Q6ZMJ4__bc5417cc3c559a07	1.000	1.000	1.000
Q7Z2X4__cf5043bc881bd42b	Q7Z2X4__cf5043bc881bd42b	1.000	1.000	1.000
Q86TW2__07bcaa90ff5dd47e	Q86TW2__07bcaa90ff5dd47e	1.000	1.000	1.000
Q8HWS3__e8dab115c34640c7	Q8HWS3__e8dab115c34640c7	1.000	1.000	1.000
Q8IZF2__eb81afb142b69922	Q8IZF2__eb81afb142b69922	1.000	1.000	1.000
Q8N5N7__a59c422617a2f8a5	Q8N5N7__a59c422617a2f8a5	1.000	1.000	1.000
Q8NDX5__7a7d96aa7ad10860	Q8NDX5__7a7d96aa7ad10860	1.000	1.000	1.000
Q8NDX5__7a7d96aa7ad10860	Q8IXK0__5a0f192fb3dfefbb	0.374	0.973	0.958
Q8NDX5__7a7d96aa7ad10860	P78364__37cb94299e1e9187	0.327	0.973	0.980
Q8TAX7__7215fa0efe73e3c3	Q8TAX7__7215fa0efe73e3c3	1.000	1.000	1.000
Q8WUU5__5335d0f6ad36e2b4	Q8WUU5__5335d0f6ad36e2b4	1.000	1.000	1.000
Q92698__076621fb418cdba7	Q92698__076621fb418cdba7	1.000	1.000	1.000
Q96A72__32d4fce015474411	Q96A72__32d4fce015474411	1.000	1.000	1.000
Q96FE7__927d68fb5ab064c9	Q96FE7__927d68fb5ab064c9	1.000	1.000	1.000
Q96K80__b390c4aca742ab9a	Q96K80__b390c4aca742ab9a	1.000	1.000	1.000
Q96PN7__0c3f2857c4b269c5	Q96PN7__0c3f2857c4b269c5	1.000	1.000	1.000
Q99622__9016d21dfc9ba140	Q99622__9016d21dfc9ba140	1.000	1.000	1.000
Q9BRJ2__e8127963f8d3a219	Q9BRJ2__e8127963f8d3a219	1.000	1.000	1.000
Q9BV90__fd432e81630d29a7	Q9BV90__fd432e81630d29a7	1.000	1.000	1.000
Q9BYC2__d0512d338ba892b0	Q9BYC2__d0512d338ba892b0	1.000	1.000	1.000
Q9GZQ6__5283fdaa4b98602f	Q9GZQ6__5283fdaa4b98602f	1.000	1.000	1.000
Q9GZQ6__5283fdaa4b98602f	P21452__6ef9ea928a94c951	0.308	0.819	0.849
Q9H2W6__cbef5ade60cb4370	Q9H2W6__cbef5ade60cb4370	1.000	1.000	1.000
Q9H788__522b884b7829c895	Q9H788__522b884b7829c895	1.000	1.000	1.000
Q9HBH1__b4438b03f8f4378f	Q9HBH1__b4438b03f8f4378f	1.000	1.000	1.000
Q9NPF0__3cb21f73f020b0f1	Q9NPF0__3cb21f73f020b0f1	1.000	1.000	1.000
Q9NS93__01670dc46fcf1578	Q9NS93__01670dc46fcf1578	1.000	1.000	1.000
Q9NXZ1__a71ae1e1c20b9fa5	Q9NXZ1__a71ae1e1c20b9fa5	1.000	1.000	1.000
Q9P015__12e32496f4ef6fb8	Q9P015__12e32496f4ef6fb8	1.000	1.000	1.000
Q9UEW3__bcf51406980c5262	Q9UEW3__bcf51406980c5262	1.000	1.000	1.000
Q9UJC5__a30b2ef0d27f1b22	Q9UJC5__a30b2ef0d27f1b22	1.000	1.000	1.000
Q9ULR0__00169eaf649dfc91	Q9ULR0__00169eaf649dfc91	1.000	1.000	1.000
Q9Y2E5__f3f5f49fa4a5255c	Q9Y2E5__f3f5f49fa4a5255c	1.000	1.000	1.000
Q9Y3Q4__9c3188b073b9e98d	Q9Y3Q4__9c3188b073b9e98d	1.000	1.000	1.000
Q9Y6H5__e56da16b8752e259	Q9Y6H5__e56da16b8752e259	1.000	1.000	1.000
A8MTJ3__69d69c3bddc7e9c1	A8MTJ3__69d69c3bddc7e9c1	1.000	1.000	1.000
A8MTJ3__69d69c3bddc7e9c1	P09471__399d5823731a6349	0.619	1.000	1.000
A8MTJ3__69d69c3bddc7e9c1	P63092__6dedace6845efaa2	0.407	0.977	0.962
O00270__7a37ad394cf633ae	O00270__7a37ad394cf633ae	1.000	1.000	1.000
O00270__7a37ad394cf633ae	Q9BXC0__c32755f7cf88545d	0.343	0.912	0.827
O00270__7a37ad394cf633ae	P47211__bc481b507d238cc9	0.309	0.925	0.883
O15016__0a0afeaaa7ab0c60	O15016__0a0afeaaa7ab0c60	1.000	1.000	1.000
O43704__0a257f68bc492a36	O43704__0a257f68bc492a36	1.000	1.000	1.000
O43704__0a257f68bc492a36	P50225__1adc07047e1f7d62	0.537	0.986	0.986
O43704__0a257f68bc492a36	P0DMM9__791c95e7451d11dc	0.530	0.986	0.986
O43704__0a257f68bc492a36	Q06520__585c4a4cf32009d3	0.414	0.861	0.870
O75326__51e758315b8fc717	O75326__51e758315b8fc717	1.000	1.000	1.000
O94782__f35520aaf9cb6853	O94782__f35520aaf9cb6853	1.000	1.000	1.000
O95932__fb935d6a85923108	O95932__fb935d6a85923108	1.000	1.000	1.000
O95932__fb935d6a85923108	Q08188__894d1c17cf9a327d	0.498	0.996	0.999
O95932__fb935d6a85923108	O43548__c352a992508efb61	0.463	0.992	0.990
P02652__ca2ca9fe5ffa4a19	P02652__ca2ca9fe5ffa4a19	1.000	1.000	1.000
P06276__67540da68467479f	P06276__67540da68467479f	1.000	1.000	1.000
P0CG13__e3744eb30ac4f859	P0CG13__e3744eb30ac4f859	1.000	1.000	1.000
P11836__598b359b42a9d884	P11836__598b359b42a9d884	1.000	1.000	1.000
P17020__bad983fdb387add9	P17020__bad983fdb387add9	1.000	1.000	1.000
P17020__bad983fdb387add9	Q6ECI4__3b54065604538766	0.485	0.906	0.849
P17020__bad983fdb387add9	Q9NZL3__3b99100d8ad8ce6e	0.452	0.811	0.823
P17020__bad983fdb387add9	Q9NQX1__c5a31d63343275f5	0.311	0.815	0.879
P21452__6ef9ea928a94c951	P21452__6ef9ea928a94c951	1.000	1.000	1.000
P21452__6ef9ea928a94c951	P25929__b988033ce3865dd5	0.307	0.814	0.854
P26012__3e4b96a0111a6270	P26012__3e4b96a0111a6270	1.000	1.000	1.000
P30050__aca6aa1465260bf1	P30050__aca6aa1465260bf1	1.000	1.000	1.000
P34981__42b191ec434758be	P34981__42b191ec434758be	1.000	1.000	1.000
P40424__02b63a4f59185406	P40424__02b63a4f59185406	1.000	1.000	1.000
P43694__42903e3d362a1f4b	P43694__42903e3d362a1f4b	1.000	1.000	1.000
P49685__ff8330db71d2cd9a	P49685__ff8330db71d2cd9a	1.000	1.000	1.000
P49685__ff8330db71d2cd9a	P35414__7c44a5c602ed3747	0.312	0.900	0.876
P49685__ff8330db71d2cd9a	P46091__d9e7cf6b4175eb00	0.307	0.872	0.876
P52739__2199b2d7de4b600d	P52739__2199b2d7de4b600d	1.000	1.000	1.000
P59923__a786d2be1a7ff412	P59923__a786d2be1a7ff412	1.000	1.000	1.000
P63272__e5ae1e7a2037908f	P63272__e5ae1e7a2037908f	1.000	1.000	1.000
P84098__240407bea5b0c964	P84098__240407bea5b0c964	1.000	1.000	1.000
Q07075__462359258ec66943	Q07075__462359258ec66943	1.000	1.000	1.000
Q07075__462359258ec66943	P15144__99ba03877f7508cb	0.357	0.907	0.928
Q13185__bcd26b7b1ff11fbb	Q13185__bcd26b7b1ff11fbb	1.000	1.000	1.000
Q13185__bcd26b7b1ff11fbb	P83916__5cf91f43af5d1678	0.731	0.934	0.957
Q13822__0cf59f4757410f8f	Q13822__0cf59f4757410f8f	1.000	1.000	1.000
Q14953__a326374eef3e3e81	Q14953__a326374eef3e3e81	1.000	1.000	1.000
Q14953__a326374eef3e3e81	Q14954__899ac0f42f6b2ea3	0.921	1.000	1.000
Q14953__a326374eef3e3e81	P43626__ee148c74eb46d498	0.894	0.997	0.868
Q15760__087b6ba13429f89d	Q15760__087b6ba13429f89d	1.000	1.000	1.000
Q17RH7__ae356899381efb6d	Q17RH7__ae356899381efb6d	1.000	1.000	1.000
Q4U2R6__847bee87afb35c66	Q4U2R6__847bee87afb35c66	1.000	1.000	1.000
Q5R3K3__5c6d832224470267	Q5R3K3__5c6d832224470267	1.000	1.000	1.000
Q5VYS8__c86266cbe482b3e1	Q5VYS8__c86266cbe482b3e1	1.000	1.000	1.000
Q6IPR1__b884d7f67f420157	Q6IPR1__b884d7f67f420157	1.000	1.000	1.000
Q6UB35__152d4d0127c4e8c5	Q6UB35__152d4d0127c4e8c5	1.000	1.000	1.000
Q6ZMR3__f514e0ff3450dba1	Q6ZMR3__f514e0ff3450dba1	1.000	1.000	1.000
Q7Z2Z1__0679dcd8bd987c3b	Q7Z2Z1__0679dcd8bd987c3b	1.000	1.000	1.000
Q86U28__0e2ace971cd77cfa	Q86U28__0e2ace971cd77cfa	1.000	1.000	1.000
Q8IU54__44e9d65a85e80ee6	Q8IU54__44e9d65a85e80ee6	1.000	1.000	1.000
Q8IU54__44e9d65a85e80ee6	Q8IZI9__975dabf645857e32	0.740	0.920	0.964
Q8IU54__44e9d65a85e80ee6	Q8IZJ0__e2fcf56e6e6e10e5	0.722	0.930	0.955
Q8IZH2__d20326117dcc851a	Q8IZH2__d20326117dcc851a	1.000	1.000	1.000
Q8N5P1__e6f585beb240bcc9	Q8N5P1__e6f585beb240bcc9	1.000	1.000	1.000
Q8NDZ0__66d22db947637d06	Q8NDZ0__66d22db947637d06	1.000	1.000	1.000
Q8TB37__35d8837de8a710ae	Q8TB37__35d8837de8a710ae	1.000	1.000	1.000
Q8WUY3__87e33c55065a2899	Q8WUY3__87e33c55065a2899	1.000	1.000	1.000
Q92731__7f3d679eff5a0b39	Q92731__7f3d679eff5a0b39	1.000	1.000	1.000
Q96AH0__536175e3664d5acd	Q96AH0__536175e3664d5acd	1.000	1.000	1.000
Q96AH0__536175e3664d5acd	Q9BQ15__e12084345f4bb3e7	0.567	0.956	0.976
Q96G04__8d0fd3efab56e5b4	Q96G04__8d0fd3efab56e5b4	1.000	1.000	1.000
Q96KF2__cffd1a749f20f567	Q96KF2__cffd1a749f20f567	1.000	1.000	1.000
Q96PV4__23b040495d9385ce	Q96PV4__23b040495d9385ce	1.000	1.000	1.000
Q99638__2051787eaed18c36	Q99638__2051787eaed18c36	1.000	1.000	1.000
Q9BRJ6__8a2a686d99736f16	Q9BRJ6__8a2a686d99736f16	1.000	1.000	1.000
Q9BVC5__909ebc754600b480	Q9BVC5__909ebc754600b480	1.000	1.000	1.000
Q9BYC8__56cddf47c1ee4458	Q9BYC8__56cddf47c1ee4458	1.000	1.000	1.000
Q9GZR1__8129a8803c969a7f	Q9GZR1__8129a8803c969a7f	1.000	1.000	1.000
Q9H313__87dd3174f408f1a7	Q9H313__87dd3174f408f1a7	1.000	1.000	1.000
Q9H7L9__a0f4a325accd1b35	Q9H7L9__a0f4a325accd1b35	1.000	1.000	1.000
Q9HBJ8__99389025de2efb3f	Q9HBJ8__99389025de2efb3f	1.000	1.000	1.000
Q9NPF7__18441f075ed6b551	Q9NPF7__18441f075ed6b551	1.000	1.000	1.000
Q9NSB4__2bf6f1c0779817dc	Q9NSB4__2bf6f1c0779817dc	1.000	1.000	1.000
Q9NSB4__2bf6f1c0779817dc	P13647__d36394100dfde016	0.472	0.986	0.959
Q9NY25__080eb688f55b4c0b	Q9NY25__080eb688f55b4c0b	1.000	1.000	1.000
Q9P0J1__46a9ad82147836d7	Q9P0J1__46a9ad82147836d7	1.000	1.000	1.000
Q9UFW8__dc79c4c8f868f39b	Q9UFW8__dc79c4c8f868f39b	1.000	1.000	1.000
Q9UJL9__472238ba13daa2c4	Q9UJL9__472238ba13daa2c4	1.000	1.000	1.000
Q9UJL9__472238ba13daa2c4	P21506__319472b038e86662	0.431	0.873	0.942
Q9UJL9__472238ba13daa2c4	Q96RE9__104b5f78241b34ea	0.436	0.854	0.894
Q9UJL9__472238ba13daa2c4	Q8WV37__4f0687e3b11a148d	0.438	0.846	0.895
Q9UJL9__472238ba13daa2c4	P17030__6a63cacc09be9a3d	0.445	0.850	0.971
Q9UJL9__472238ba13daa2c4	O60765__7991d51d11a01c75	0.414	0.865	0.894
Q9UJL9__472238ba13daa2c4	Q9C0F3__a2a7525113cf725b	0.411	0.861	0.985
Q9UJL9__472238ba13daa2c4	P17032__4f8421aced96b030	0.414	0.854	0.916
Q9UJL9__472238ba13daa2c4	Q9BS31__3451ef9f1c32b2ec	0.409	0.858	0.893
Q9UJL9__472238ba13daa2c4	Q9Y2P7__afc52169f38f6127	0.367	0.861	0.855
Q9BSG0__a171d4adc0869407	Q9BSG0__a171d4adc0869407	1.000	1.000	1.000
Q9BWP8__ad5c2382489687aa	Q9BWP8__ad5c2382489687aa	1.000	1.000	1.000
Q9BYN8__d189093762109198	Q9BYN8__d189093762109198	1.000	1.000	1.000
Q8TDN1__dd1594b0664da937	Q8TDN1__dd1594b0664da937	1.000	1.000	1.000
Q8TDN1__dd1594b0664da937	Q6PIU1__0f328c10fb9ccd0e	0.360	0.865	0.882
Q8WWL7__0fcd719a524c4fb2	Q8WWL7__0fcd719a524c4fb2	1.000	1.000	1.000
Q92988__017754d76f203726	Q92988__017754d76f203726	1.000	1.000	1.000
Q96BU1__3a7d6c5ee6ecdc67	Q96BU1__3a7d6c5ee6ecdc67	1.000	1.000	1.000
Q8N7R7__569712f2d9183095	Q8N7R7__569712f2d9183095	1.000	1.000	1.000
Q8NF64__6debccd1f24706ae	Q8NF64__6debccd1f24706ae	1.000	1.000	1.000
Q8N1E6__13950f2cf7969683	Q8N1E6__13950f2cf7969683	1.000	1.000	1.000
Q8IWG1__660ea855b987c963	Q8IWG1__660ea855b987c963	1.000	1.000	1.000
Q9Y345__e41e266f6f5adc35	Q9Y345__e41e266f6f5adc35	1.000	1.000	1.000
Q9UPN7__58c38cc273875105	Q9UPN7__58c38cc273875105	1.000	1.000	1.000
Q9UL17__8c452c4b47a38905	Q9UL17__8c452c4b47a38905	1.000	1.000	1.000
Q9HCU8__702b70eea77165fa	Q9HCU8__702b70eea77165fa	1.000	1.000	1.000
Q9NR55__fae67c216133fd2a	Q9NR55__fae67c216133fd2a	1.000	1.000	1.000
Q9NWF4__c695eb576464cd49	Q9NWF4__c695eb576464cd49	1.000	1.000	1.000
Q9NWF4__c695eb576464cd49	Q9HAB3__82d9360311478818	0.865	0.996	0.996
Q9HAB3__82d9360311478818	Q9HAB3__82d9360311478818	1.000	1.000	1.000
Q9HAB3__82d9360311478818	Q9NWF4__c695eb576464cd49	0.865	0.996	0.996
Q9H161__701d32cdcc5c9616	Q9H161__701d32cdcc5c9616	1.000	1.000	1.000
Q9C037__b8468b0c290980a7	Q9C037__b8468b0c290980a7	1.000	1.000	1.000
Q9C037__b8468b0c290980a7	Q9UDY6__b4fe08e001d73d22	0.302	0.960	0.958
Q9Y2J8__a058df6612aa42c4	Q9Y2J8__a058df6612aa42c4	1.000	1.000	1.000
Q9Y2J8__a058df6612aa42c4	Q9ULW8__a8c516edae75d8c1	0.517	1.000	1.000
Q9Y2J8__a058df6612aa42c4	Q9ULC6__0f3ae0eb7a1c534a	0.521	1.000	1.000
Q9Y483__f4caf04fcb9bfb76	Q9Y483__f4caf04fcb9bfb76	1.000	1.000	1.000
Q9Y483__f4caf04fcb9bfb76	Q5T6S3__af73fe5aa7102fec	0.475	0.922	0.931
Q9Y6K8__058cbd32d64a00b1	Q9Y6K8__058cbd32d64a00b1	1.000	1.000	1.000
A8MW92__aac26fa6b1288fde	A8MW92__aac26fa6b1288fde	1.000	1.000	1.000
A8MW92__aac26fa6b1288fde	Q9BVI0__99a56ed3cb7d342e	0.364	0.999	0.999
O00358__be34d037962aa145	O00358__be34d037962aa145	1.000	1.000	1.000
O15090__be3ae7be1613717d	O15090__be3ae7be1613717d	1.000	1.000	1.000
O43827__dd9273956c080a6c	O43827__dd9273956c080a6c	1.000	1.000	1.000
O75394__737a0619dd33f016	O75394__737a0619dd33f016	1.000	1.000	1.000
O94864__f6b09aa6a4f5b67c	O94864__f6b09aa6a4f5b67c	1.000	1.000	1.000
O95998__39e0c716d319a9d3	O95998__39e0c716d319a9d3	1.000	1.000	1.000
P02675__099d334605bfb4ed	P02675__099d334605bfb4ed	1.000	1.000	1.000
P02675__099d334605bfb4ed	P02679__3c8245bf6fc04d67	0.329	0.800	0.843
P06850__cb5e5922fab6c999	P06850__cb5e5922fab6c999	1.000	1.000	1.000
P0DJI8__7f125296357f8831	P0DJI8__7f125296357f8831	1.000	1.000	1.000
P12318__0d955e69e959b340	P12318__0d955e69e959b340	1.000	1.000	1.000
P17032__4f8421aced96b030	P17032__4f8421aced96b030	1.000	1.000	1.000
P17032__4f8421aced96b030	P17014__c56eaa79e23cbb69	0.467	0.980	0.907
P17032__4f8421aced96b030	Q96RE9__104b5f78241b34ea	0.477	0.971	0.992
P17032__4f8421aced96b030	O94892__97f614456d810115	0.443	0.980	0.957
P17032__4f8421aced96b030	P17030__6a63cacc09be9a3d	0.467	0.964	0.974
P17032__4f8421aced96b030	Q8TF45__a525adcb0a8550ea	0.389	0.973	0.996
P17032__4f8421aced96b030	Q03923__66124a4c935f1ab2	0.410	0.966	0.990
P17032__4f8421aced96b030	Q8WV37__4f0687e3b11a148d	0.444	0.975	0.964
P17032__4f8421aced96b030	P21506__319472b038e86662	0.439	0.970	0.928
P17032__4f8421aced96b030	Q9Y2P7__afc52169f38f6127	0.385	0.975	0.946
P17032__4f8421aced96b030	Q9C0F3__a2a7525113cf725b	0.440	0.971	0.983
P17032__4f8421aced96b030	O60765__7991d51d11a01c75	0.394	0.973	0.983
P17032__4f8421aced96b030	Q9BS31__3451ef9f1c32b2ec	0.422	0.971	0.895
P17032__4f8421aced96b030	Q8NEP9__54c10d9021494253	0.389	0.961	0.930
P17032__4f8421aced96b030	Q9UJL9__472238ba13daa2c4	0.410	0.916	0.854
P21589__0e3740730dd7a0bb	P21589__0e3740730dd7a0bb	1.000	1.000	1.000
P26717__9410cfc048656f28	P26717__9410cfc048656f28	1.000	1.000	1.000
P26717__9410cfc048656f28	P26715__314831cbc6e4498d	0.760	1.000	1.000
P30307__d4b382d296f08244	P30307__d4b382d296f08244	1.000	1.000	1.000
P35030__6e3d05ad65e33297	P35030__6e3d05ad65e33297	1.000	1.000	1.000
P41145__945340616bafd8d3	P41145__945340616bafd8d3	1.000	1.000	1.000
P41145__945340616bafd8d3	P41143__b75060695513d21a	0.601	0.924	0.914
P41145__945340616bafd8d3	Q99705__9f42fc1aa2a3da79	0.300	0.800	0.850
P41145__945340616bafd8d3	P51685__5cd8cb49bc5ec707	0.306	0.813	0.876
P46093__0a42cca351eefb6a	P46093__0a42cca351eefb6a	1.000	1.000	1.000
P46093__0a42cca351eefb6a	Q15743__e22052f4286e7726	0.509	0.862	0.855
P49862__5b53998b1d5bcc3f	P49862__5b53998b1d5bcc3f	1.000	1.000	1.000
P49862__5b53998b1d5bcc3f	P00746__89b6935d8d5a9980	0.314	0.874	0.901
P49862__5b53998b1d5bcc3f	P08217__5543f0f8a802244a	0.327	0.874	0.888
P53602__0e1a261b305236cb	P53602__0e1a261b305236cb	1.000	1.000	1.000
P60866__df15d723ac75d079	P60866__df15d723ac75d079	1.000	1.000	1.000
P78358__8bc781a703ce6e26	P78358__8bc781a703ce6e26	1.000	1.000	1.000
P98088__4c1e3207815a013e	P98088__4c1e3207815a013e	1.000	1.000	1.000
P98088__4c1e3207815a013e	Q02817__253e9ca566afe9db	0.365	0.983	0.992
Q08722__caa66c8069880514	Q08722__caa66c8069880514	1.000	1.000	1.000
Q13207__adfc8e2e90887e70	Q13207__adfc8e2e90887e70	1.000	1.000	1.000
Q13887__a84b10021350800c	Q13887__a84b10021350800c	1.000	1.000	1.000
Q14CW9__a6118980ec10e0dd	Q14CW9__a6118980ec10e0dd	1.000	1.000	1.000
Q15843__1048fa6680328ac4	Q15843__1048fa6680328ac4	1.000	1.000	1.000
Q1W209__3d40f5c9e156c68e	Q1W209__3d40f5c9e156c68e	1.000	1.000	1.000
Q504U0__10356d17dabcad81	Q504U0__10356d17dabcad81	1.000	1.000	1.000
Q5SW96__c12aef9dc735168a	Q5SW96__c12aef9dc735168a	1.000	1.000	1.000
Q5VZI3__fb4f91b1f9cd6038	Q5VZI3__fb4f91b1f9cd6038	1.000	1.000	1.000
Q6NUP7__95f220a7d22f19d4	Q6NUP7__95f220a7d22f19d4	1.000	1.000	1.000
Q6UVM3__b651e92a4f3a92f2	Q6UVM3__b651e92a4f3a92f2	1.000	1.000	1.000
Q6ZRF8__27da03edad1bfb74	Q6ZRF8__27da03edad1bfb74	1.000	1.000	1.000
Q7Z418__f361d925fefd6f05	Q7Z418__f361d925fefd6f05	1.000	1.000	1.000
Q86UU0__d18ef2ec12184986	Q86UU0__d18ef2ec12184986	1.000	1.000	1.000
Q8IUH2__35926dfd4de99257	Q8IUH2__35926dfd4de99257	1.000	1.000	1.000
Q8IZP1__61cc78e7b3950926	Q8IZP1__61cc78e7b3950926	1.000	1.000	1.000
Q8N608__84239580776eadc9	Q8N608__84239580776eadc9	1.000	1.000	1.000
Q8N608__84239580776eadc9	P42658__ff334f5d70cd4390	0.528	0.975	0.903
Q8NEL9__cb2b4600f53f48a1	Q8NEL9__cb2b4600f53f48a1	1.000	1.000	1.000
Q8TBZ0__301280748a4012dc	Q8TBZ0__301280748a4012dc	1.000	1.000	1.000
Q8WVB6__c031e81332674116	Q8WVB6__c031e81332674116	1.000	1.000	1.000
Q92800__ad44e743299586ef	Q92800__ad44e743299586ef	1.000	1.000	1.000
Q92800__ad44e743299586ef	Q15910__4c4d28512cf71210	0.647	0.980	0.980
Q96B23__1303e49218a31912	Q96B23__1303e49218a31912	1.000	1.000	1.000
Q96GA3__77f6d045203ba0af	Q96GA3__77f6d045203ba0af	1.000	1.000	1.000
Q96KN3__fa078416a3d40d43	Q96KN3__fa078416a3d40d43	1.000	1.000	1.000
Q96QE3__cc7e891bba9c449b	Q96QE3__cc7e891bba9c449b	1.000	1.000	1.000
Q99684__1a8c0c96260c3425	Q99684__1a8c0c96260c3425	1.000	1.000	1.000
Q9BRQ5__d6549c405a33ab0e	Q9BRQ5__d6549c405a33ab0e	1.000	1.000	1.000
Q9BRQ5__d6549c405a33ab0e	Q96SN7__37972edaf1f9ac21	0.571	0.902	0.862
Q9BVS4__2a0f0de1b3b97dd3	Q9BVS4__2a0f0de1b3b97dd3	1.000	1.000	1.000
Q9BYD2__caf343257590d095	Q9BYD2__caf343257590d095	1.000	1.000	1.000
Q9GZV8__ef30c58f5f0fc0ca	Q9GZV8__ef30c58f5f0fc0ca	1.000	1.000	1.000
Q9H3F6__534dc1a41680b9f1	Q9H3F6__534dc1a41680b9f1	1.000	1.000	1.000
Q9H825__126650808d02af0f	Q9H825__126650808d02af0f	1.000	1.000	1.000
Q9HBX8__3516f5207cb15271	Q9HBX8__3516f5207cb15271	1.000	1.000	1.000
Q9HBX8__3516f5207cb15271	Q9BXB1__8f414dfc5f20967b	0.469	0.938	0.938
Q9NPI8__0b82b1e9c0971a1c	Q9NPI8__0b82b1e9c0971a1c	1.000	1.000	1.000
Q9NTI7__0aa05f5523f18d29	Q9NTI7__0aa05f5523f18d29	1.000	1.000	1.000
Q9NY91__c17bfad80d5324e5	Q9NY91__c17bfad80d5324e5	1.000	1.000	1.000
Q9P1Q5__9a79439422ed7847	Q9P1Q5__9a79439422ed7847	1.000	1.000	1.000
Q9P1Q5__9a79439422ed7847	Q9Y585__6d632c8fc2495dec	0.834	1.000	1.000
Q9P1Q5__9a79439422ed7847	P34982__1a63499965a86aa9	0.496	0.987	0.981
Q9P1Q5__9a79439422ed7847	Q8NHC4__09b6b03397b04a0a	0.411	0.997	1.000
Q9P1Q5__9a79439422ed7847	Q8NGD0__4a399e4ae20c6ba5	0.398	0.994	0.984
Q9P1Q5__9a79439422ed7847	A6NND4__1ab350c3762ee58b	0.379	0.948	0.925
Q9P1Q5__9a79439422ed7847	Q8TCB6__b818339bbd8ec524	0.303	0.971	0.953
Q9UGK3__0bb872b412529eff	Q9UGK3__0bb872b412529eff	1.000	1.000	1.000
Q9UK05__66e9f25a192b58bd	Q9UK05__66e9f25a192b58bd	1.000	1.000	1.000
Q9UK05__66e9f25a192b58bd	Q6KF10__73f870c569d62821	0.307	0.811	0.802
Q9ULW8__a8c516edae75d8c1	Q9ULW8__a8c516edae75d8c1	1.000	1.000	1.000
Q9ULW8__a8c516edae75d8c1	Q9ULC6__0f3ae0eb7a1c534a	0.575	1.000	1.000
Q9ULW8__a8c516edae75d8c1	Q9Y2J8__a058df6612aa42c4	0.517	1.000	1.000
Q9Y2K2__5bd55de79e0d4729	Q9Y2K2__5bd55de79e0d4729	1.000	1.000	1.000
Q9Y4A5__9f4b98ccded6c4a7	Q9Y4A5__9f4b98ccded6c4a7	1.000	1.000	1.000
Q9Y6X0__bdd2e8e4bb9e09a7	Q9Y6X0__bdd2e8e4bb9e09a7	1.000	1.000	1.000
A8MZ59__08f4d7a9a89870ba	A8MZ59__08f4d7a9a89870ba	1.000	1.000	1.000
O00411__e79aa9b4800713f4	O00411__e79aa9b4800713f4	1.000	1.000	1.000
O15091__b6082fa4536f61d5	O15091__b6082fa4536f61d5	1.000	1.000	1.000
O43829__d1f39424c9f72e84	O43829__d1f39424c9f72e84	1.000	1.000	1.000
O75461__7ff3e1fd2e49f873	O75461__7ff3e1fd2e49f873	1.000	1.000	1.000
O94885__3e972be09e848282	O94885__3e972be09e848282	1.000	1.000	1.000
O96013__261a58d7e60edfc0	O96013__261a58d7e60edfc0	1.000	1.000	1.000
P02679__3c8245bf6fc04d67	P02679__3c8245bf6fc04d67	1.000	1.000	1.000
P02679__3c8245bf6fc04d67	P02675__099d334605bfb4ed	0.325	0.845	0.802
P06881__c9996ffe4f3651e0	P06881__c9996ffe4f3651e0	1.000	1.000	1.000
P06881__c9996ffe4f3651e0	P10092__897858f6351316c9	0.875	1.000	1.000
P0DMM9__791c95e7451d11dc	P0DMM9__791c95e7451d11dc	1.000	1.000	1.000
P0DMM9__791c95e7451d11dc	P50225__1adc07047e1f7d62	0.928	1.000	1.000
P0DMM9__791c95e7451d11dc	O43704__0a257f68bc492a36	0.530	0.986	0.986
P0DMM9__791c95e7451d11dc	Q06520__585c4a4cf32009d3	0.380	0.905	0.919
P12319__7169a4f57038103b	P12319__7169a4f57038103b	1.000	1.000	1.000
P17174__be94aa68fdcbc976	P17174__be94aa68fdcbc976	1.000	1.000	1.000
P21675__429a9fd10d9f414f	P21675__429a9fd10d9f414f	1.000	1.000	1.000
P26718__8dce35f112f6e87b	P26718__8dce35f112f6e87b	1.000	1.000	1.000
P30414__351f2608deae1493	P30414__351f2608deae1493	1.000	1.000	1.000
P35218__bfece1ec659b83c6	P35218__bfece1ec659b83c6	1.000	1.000	1.000
P35218__bfece1ec659b83c6	Q9Y2D0__486dfc57e7984c71	0.641	0.915	0.880
P35218__bfece1ec659b83c6	P22748__62f5e1881b0efc28	0.315	0.866	0.859
P41180__6c2adc8809792b84	P41180__6c2adc8809792b84	1.000	1.000	1.000
P41180__6c2adc8809792b84	Q14833__1ccc436b642bb606	0.316	0.803	0.930
P41180__6c2adc8809792b84	Q14831__9a4010875370ca8e	0.311	0.832	0.946
P46776__fe8514c4123a0b58	P46776__fe8514c4123a0b58	1.000	1.000	1.000
P49917__9bf9496809413419	P49917__9bf9496809413419	1.000	1.000	1.000
P54132__79f713fb31871db6	P54132__79f713fb31871db6	1.000	1.000	1.000
P60896__51a570e05804e76c	P60896__51a570e05804e76c	1.000	1.000	1.000
P78364__37cb94299e1e9187	P78364__37cb94299e1e9187	1.000	1.000	1.000
P78364__37cb94299e1e9187	Q8IXK0__5a0f192fb3dfefbb	0.346	0.985	0.964
P78364__37cb94299e1e9187	Q8NDX5__7a7d96aa7ad10860	0.327	0.980	0.973
P98175__14ee69b1a19a0337	P98175__14ee69b1a19a0337	1.000	1.000	1.000
P98175__14ee69b1a19a0337	P52756__83fff9e7321f503d	0.507	0.998	0.998
Q08830__6e0ada300a5d2b01	Q08830__6e0ada300a5d2b01	1.000	1.000	1.000
Q13219__d0a4254dee583de4	Q13219__d0a4254dee583de4	1.000	1.000	1.000
Q13888__9c510e500aee0285	Q13888__9c510e500aee0285	1.000	1.000	1.000
Q14CX5__23d5174f66d295d8	Q14CX5__23d5174f66d295d8	1.000	1.000	1.000
Q15847__141d117214debbd4	Q15847__141d117214debbd4	1.000	1.000	1.000
Q29RF7__2e06147776f1617f	Q29RF7__2e06147776f1617f	1.000	1.000	1.000
Q50KZ9__b0e2817e7950f554	Q50KZ9__b0e2817e7950f554	1.000	1.000	1.000
Q50KZ9__b0e2817e7950f554	Q9NYV7__9314a8de8de4b40f	0.307	0.927	0.931
Q5SXM8__2fd63fe1dbcca3c7	Q5SXM8__2fd63fe1dbcca3c7	1.000	1.000	1.000
Q5W186__957f2d06d508e337	Q5W186__957f2d06d508e337	1.000	1.000	1.000
Q6NXG1__c40650b27746c7d9	Q6NXG1__c40650b27746c7d9	1.000	1.000	1.000
Q6NXG1__c40650b27746c7d9	Q9H6T0__22e77cd0500a498b	0.594	0.994	0.964
Q6UVW9__5031898492e06f80	Q6UVW9__5031898492e06f80	1.000	1.000	1.000
Q6ZRS2__3d1d6375d1e66da4	Q6ZRS2__3d1d6375d1e66da4	1.000	1.000	1.000
Q7Z443__8a2737d189f1a5a8	Q7Z443__8a2737d189f1a5a8	1.000	1.000	1.000
Q86V15__1fe2547d8fb5526d	Q86V15__1fe2547d8fb5526d	1.000	1.000	1.000
Q8IUI8__756adce6e5d9620e	Q8IUI8__756adce6e5d9620e	1.000	1.000	1.000
Q8IZS7__1bc895f1b4aa696a	Q8IZS7__1bc895f1b4aa696a	1.000	1.000	1.000
Q8N699__64c244fc6486f6d6	Q8N699__64c244fc6486f6d6	1.000	1.000	1.000
Q8NEM7__f1782e696ac92be9	Q8NEM7__f1782e696ac92be9	1.000	1.000	1.000
Q8TC90__0fad498bab283d13	Q8TC90__0fad498bab283d13	1.000	1.000	1.000
Q8WVC0__1b9f4a6aadee1885	Q8WVC0__1b9f4a6aadee1885	1.000	1.000	1.000
Q92833__72d8d68f6efa5b8d	Q92833__72d8d68f6efa5b8d	1.000	1.000	1.000
Q96BF3__f696e44a72978b1f	Q96BF3__f696e44a72978b1f	1.000	1.000	1.000
Q96GC5__6c75e54294834d82	Q96GC5__6c75e54294834d82	1.000	1.000	1.000
Q96KN4__17229c832105841a	Q96KN4__17229c832105841a	1.000	1.000	1.000
Q96QR1__63245031d19f54fe	Q96QR1__63245031d19f54fe	1.000	1.000	1.000
Q96QR1__63245031d19f54fe	Q96PL1__827d5f66c7ba65a4	0.446	0.894	0.914
Q99705__9f42fc1aa2a3da79	Q99705__9f42fc1aa2a3da79	1.000	1.000	1.000
Q99705__9f42fc1aa2a3da79	P41145__945340616bafd8d3	0.300	0.850	0.800
Q99705__9f42fc1aa2a3da79	P47211__bc481b507d238cc9	0.302	0.807	0.814
Q9BRU2__73c8999b58e24b1a	Q9BRU2__73c8999b58e24b1a	1.000	1.000	1.000
Q9BW04__51f00edeb6ef4bf7	Q9BW04__51f00edeb6ef4bf7	1.000	1.000	1.000
Q9BYD3__c66758089c5c520e	Q9BYD3__c66758089c5c520e	1.000	1.000	1.000
Q9GZV9__7bcbe7a25d9b255c	Q9GZV9__7bcbe7a25d9b255c	1.000	1.000	1.000
Q9H3J6__8cc73c7fc97ee933	Q9H3J6__8cc73c7fc97ee933	1.000	1.000	1.000
Q9H867__d7c5e54c7832108c	Q9H867__d7c5e54c7832108c	1.000	1.000	1.000
Q9H867__d7c5e54c7832108c	Q8WXB1__ac8a56bdb015b528	0.377	0.878	0.853
Q9HBX9__d3060ee7b5361dbe	Q9HBX9__d3060ee7b5361dbe	1.000	1.000	1.000
Q9NPY3__fac2de51fa92d97a	Q9NPY3__fac2de51fa92d97a	1.000	1.000	1.000
Q9NTJ4__9b2d3d5d3b7da133	Q9NTJ4__9b2d3d5d3b7da133	1.000	1.000	1.000
Q9NYB5__af8d3780bb617c7e	Q9NYB5__af8d3780bb617c7e	1.000	1.000	1.000
Q9P1Z3__3e0e83c7902bf8cb	Q9P1Z3__3e0e83c7902bf8cb	1.000	1.000	1.000
Q9P1Z3__3e0e83c7902bf8cb	Q9UL51__2023395306af2d36	0.661	0.911	0.804
Q9UGL1__afa52fec63158c77	Q9UGL1__afa52fec63158c77	1.000	1.000	1.000
Q9UGL1__afa52fec63158c77	P41229__2e18349d95d39c5d	0.491	0.903	0.937
Q9UGL1__afa52fec63158c77	Q9BY66__ec11e17402bc7e1f	0.483	0.876	0.914
Q9UK33__576230e3f9dda786	Q9UK33__576230e3f9dda786	1.000	1.000	1.000
Q9ULX3__3f7a0df91c69173f	Q9ULX3__3f7a0df91c69173f	1.000	1.000	1.000
Q9Y2L9__88dc96c8f9e11e6e	Q9Y2L9__88dc96c8f9e11e6e	1.000	1.000	1.000
Q9Y4C2__97704802fe6eeda1	Q9Y4C2__97704802fe6eeda1	1.000	1.000	1.000
Q9Y6X5__edc0ddb2b077ba21	Q9Y6X5__edc0ddb2b077ba21	1.000	1.000	1.000
Q9Y6X5__edc0ddb2b077ba21	Q6UWR7__cefbb77774f62820	0.338	0.817	0.886
Q9Y6X5__edc0ddb2b077ba21	Q6UWV6__2bea97621a03eab7	0.327	0.868	0.871
A9QM74__d1485d3f5c1e4a54	A9QM74__d1485d3f5c1e4a54	1.000	1.000	1.000
O00421__d840712ed2c46605	O00421__d840712ed2c46605	1.000	1.000	1.000
O00421__d840712ed2c46605	P51681__7474668859b42bd1	0.445	0.834	0.830
O00421__d840712ed2c46605	P51677__e3086b374aa4bcf7	0.444	0.840	0.828
O00421__d840712ed2c46605	P32246__420451b14360d287	0.433	0.898	0.879
O00421__d840712ed2c46605	P51685__5cd8cb49bc5ec707	0.346	0.837	0.820
O00421__d840712ed2c46605	P49238__b66b51e686863856	0.330	0.858	0.823
O15123__58a48a0d320451b3	O15123__58a48a0d320451b3	1.000	1.000	1.000
O15123__58a48a0d320451b3	Q15389__9161753d4a3aed6d	0.620	0.962	0.962
O15123__58a48a0d320451b3	O95841__6b0a971674c8cdab	0.317	0.917	0.902
O43914__3b40e3f08803fe18	O43914__3b40e3f08803fe18	1.000	1.000	1.000
O75462__17f310c97ed539a3	O75462__17f310c97ed539a3	1.000	1.000	1.000
O94888__085de6dc40e55665	O94888__085de6dc40e55665	1.000	1.000	1.000
O96019__a6dbc50f8caac2c8	O96019__a6dbc50f8caac2c8	1.000	1.000	1.000
P02724__a38ca934dffb4f58	P02724__a38ca934dffb4f58	1.000	1.000	1.000
P07766__5a043cd319d3f196	P07766__5a043cd319d3f196	1.000	1.000	1.000
P0DMR3__2cde99d75b11b85e	P0DMR3__2cde99d75b11b85e	1.000	1.000	1.000
P12524__60ae6c1c2f4bb6d6	P12524__60ae6c1c2f4bb6d6	1.000	1.000	1.000
P17342__8323c5642e8f0c51	P17342__8323c5642e8f0c51	1.000	1.000	1.000
P21695__f2064963afa2628e	P21695__f2064963afa2628e	1.000	1.000	1.000
P21695__f2064963afa2628e	Q8N335__872bf5c7a9c3944e	0.717	0.994	0.989
P26842__7faacb066fc2b75d	P26842__7faacb066fc2b75d	1.000	1.000	1.000
P30518__74850ff3a746768b	P30518__74850ff3a746768b	1.000	1.000	1.000
P30518__74850ff3a746768b	P30559__944327688ddc36d8	0.437	0.841	0.810
P0DJD3__91074d469cd2403f	P0DJD3__91074d469cd2403f	1.000	1.000	1.000
P0DJD3__91074d469cd2403f	P0DJD4__00facdb9896355ad	0.997	1.000	1.000
P12004__9dec884956b52202	P12004__9dec884956b52202	1.000	1.000	1.000
O00308__b1941a50e3e5679e	O00308__b1941a50e3e5679e	1.000	1.000	1.000
O15031__fb1ede6db30917e4	O15031__fb1ede6db30917e4	1.000	1.000	1.000
O15031__fb1ede6db30917e4	Q9ULL4__176043c241dec32b	0.404	0.982	0.972
O43716__391dfaaf8cbe8119	O43716__391dfaaf8cbe8119	1.000	1.000	1.000
O75355__bce692cd15f4091a	O75355__bce692cd15f4091a	1.000	1.000	1.000
O94804__9283e9c3163756a2	O94804__9283e9c3163756a2	1.000	1.000	1.000
Q14954__899ac0f42f6b2ea3	Q14954__899ac0f42f6b2ea3	1.000	1.000	1.000
Q14954__899ac0f42f6b2ea3	P43626__ee148c74eb46d498	0.943	0.997	0.868
Q14954__899ac0f42f6b2ea3	Q14953__a326374eef3e3e81	0.921	1.000	1.000
Q15762__91ea612f8d44c426	Q15762__91ea612f8d44c426	1.000	1.000	1.000
Q1L6U9__5a9d3912a38fea19	Q1L6U9__5a9d3912a38fea19	1.000	1.000	1.000
Q4VXU2__6e513900c57b1795	Q4VXU2__6e513900c57b1795	1.000	1.000	1.000
Q4VXU2__6e513900c57b1795	Q13310__dcf99d01c44d827e	0.649	0.985	0.975
Q5SQ64__2b177aaed631e01a	Q5SQ64__2b177aaed631e01a	1.000	1.000	1.000
Q5VYX0__87376db5d674c711	Q5VYX0__87376db5d674c711	1.000	1.000	1.000
Q6KF10__73f870c569d62821	Q6KF10__73f870c569d62821	1.000	1.000	1.000
Q6KF10__73f870c569d62821	Q9UK05__66e9f25a192b58bd	0.310	0.802	0.811
Q6UB98__264459236f546cab	Q6UB98__264459236f546cab	1.000	1.000	1.000
Q6ZN18__019839260589fe81	Q6ZN18__019839260589fe81	1.000	1.000	1.000
Q7Z3E1__0ba14e92345e90b6	Q7Z3E1__0ba14e92345e90b6	1.000	1.000	1.000
P35227__87d73e17b326796f	P35227__87d73e17b326796f	1.000	1.000	1.000
P41182__9c418558debe0111	P41182__9c418558debe0111	1.000	1.000	1.000
P46779__db54e0cc67d45431	P46779__db54e0cc67d45431	1.000	1.000	1.000
P50135__3a30db52eac79e9b	P50135__3a30db52eac79e9b	1.000	1.000	1.000
P54278__152668d47d44ad5b	P54278__152668d47d44ad5b	1.000	1.000	1.000
P60985__532dce47469498d1	P60985__532dce47469498d1	1.000	1.000	1.000
P78371__a3b781856b0a8144	P78371__a3b781856b0a8144	1.000	1.000	1.000
P98182__280bc94b3ad2be02	P98182__280bc94b3ad2be02	1.000	1.000	1.000
Q08ET2__92b3734c7620266a	Q08ET2__92b3734c7620266a	1.000	1.000	1.000
Q13241__5a167a0609732e75	Q13241__5a167a0609732e75	1.000	1.000	1.000
Q13889__d9f03a028282161c	Q13889__d9f03a028282161c	1.000	1.000	1.000
Q14CX7__b5988cc6ef872435	Q14CX7__b5988cc6ef872435	1.000	1.000	1.000
Q15848__0cd6bacadafe4991	Q15848__0cd6bacadafe4991	1.000	1.000	1.000
Q2HXU8__39ab1f6df19d4e4f	Q2HXU8__39ab1f6df19d4e4f	1.000	1.000	1.000
Q2HXU8__39ab1f6df19d4e4f	Q5QGZ9__7b7748515c2466d4	0.338	0.982	0.966
Q53GS9__b218b33f1b2b465a	Q53GS9__b218b33f1b2b465a	1.000	1.000	1.000
Q5SZB4__0686a231ba09aa69	Q5SZB4__0686a231ba09aa69	1.000	1.000	1.000
Q5XKR4__0abf048da7d74e19	Q5XKR4__0abf048da7d74e19	1.000	1.000	1.000
Q6P161__b2830f585d58f60b	Q6P161__b2830f585d58f60b	1.000	1.000	1.000
Q6UW32__f4c28ab57ec0723c	Q6UW32__f4c28ab57ec0723c	1.000	1.000	1.000
Q6ZSS7__7ba155b16e0575d2	Q6ZSS7__7ba155b16e0575d2	1.000	1.000	1.000
Q7Z4G4__5b25580a94fe0c7c	Q7Z4G4__5b25580a94fe0c7c	1.000	1.000	1.000
Q86V24__4e83b8de9debe8a2	Q86V24__4e83b8de9debe8a2	1.000	1.000	1.000
Q86V24__4e83b8de9debe8a2	Q96A54__885801501534f990	0.737	0.896	0.925
Q8IUR6__c5f7514e88bcda7b	Q8IUR6__c5f7514e88bcda7b	1.000	1.000	1.000
Q8IZT9__3d654df78ce696de	Q8IZT9__3d654df78ce696de	1.000	1.000	1.000
Q8N6I1__b64f0d7bde8d48df	Q8N6I1__b64f0d7bde8d48df	1.000	1.000	1.000
Q8NEP9__54c10d9021494253	Q8NEP9__54c10d9021494253	1.000	1.000	1.000
Q8NEP9__54c10d9021494253	Q03923__66124a4c935f1ab2	0.455	0.939	0.995
Q8NEP9__54c10d9021494253	Q6ECI4__3b54065604538766	0.417	0.938	0.953
Q8NEP9__54c10d9021494253	Q9NZL3__3b99100d8ad8ce6e	0.407	0.975	0.907
Q8NEP9__54c10d9021494253	Q8TF45__a525adcb0a8550ea	0.398	0.941	0.996
Q8NEP9__54c10d9021494253	P17014__c56eaa79e23cbb69	0.402	0.946	0.986
Q8NEP9__54c10d9021494253	Q9NYW8__012ec75c2ced9ef8	0.383	0.928	0.972
Q8NEP9__54c10d9021494253	Q9Y2P7__afc52169f38f6127	0.389	0.928	0.976
Q8NEP9__54c10d9021494253	O94892__97f614456d810115	0.386	0.943	0.952
Q8NEP9__54c10d9021494253	O60765__7991d51d11a01c75	0.409	0.935	0.977
Q8NEP9__54c10d9021494253	Q96RE9__104b5f78241b34ea	0.409	0.935	0.987
Q8NEP9__54c10d9021494253	P17032__4f8421aced96b030	0.387	0.930	0.961
Q8NEP9__54c10d9021494253	Q8WV37__4f0687e3b11a148d	0.396	0.839	0.948
Q8NEP9__54c10d9021494253	P21506__319472b038e86662	0.387	0.893	0.977
Q8TCB6__b818339bbd8ec524	Q8TCB6__b818339bbd8ec524	1.000	1.000	1.000
Q8TCB6__b818339bbd8ec524	A6NND4__1ab350c3762ee58b	0.365	0.947	0.947
Q8TCB6__b818339bbd8ec524	P34982__1a63499965a86aa9	0.306	0.950	0.962
Q8TCB6__b818339bbd8ec524	Q9P1Q5__9a79439422ed7847	0.311	0.953	0.971
Q8TCB6__b818339bbd8ec524	Q9Y585__6d632c8fc2495dec	0.332	0.950	0.968
Q8TCB6__b818339bbd8ec524	Q8NGD0__4a399e4ae20c6ba5	0.324	0.928	0.936
Q8WVM0__e86c0ba488453416	Q8WVM0__e86c0ba488453416	1.000	1.000	1.000
Q92847__73fe68d1fe5d48b8	Q92847__73fe68d1fe5d48b8	1.000	1.000	1.000
Q96BF6__1868325d7226d9c0	Q96BF6__1868325d7226d9c0	1.000	1.000	1.000
Q96GM5__05581dae6f0579da	Q96GM5__05581dae6f0579da	1.000	1.000	1.000
Q96GM5__05581dae6f0579da	Q6STE5__7b49ceef71c89aef	0.750	0.885	0.946
Q96KS0__337ff1ca94c9724a	Q96KS0__337ff1ca94c9724a	1.000	1.000	1.000
Q96QR8__c7d89195be5dd577	Q96QR8__c7d89195be5dd577	1.000	1.000	1.000
Q99743__574191211169b4d8	Q99743__574191211169b4d8	1.000	1.000	1.000
Q9BRV8__3eaab5dc2027836a	Q9BRV8__3eaab5dc2027836a	1.000	1.000	1.000
Q9BW66__33fdabf6577e0153	Q9BW66__33fdabf6577e0153	1.000	1.000	1.000
Q9BYE7__262e4d5894eb5381	Q9BYE7__262e4d5894eb5381	1.000	1.000	1.000
Q9GZY6__49dfa6f8a3e9e14b	Q9GZY6__49dfa6f8a3e9e14b	1.000	1.000	1.000
Q9H3N8__f9e4438a973a786f	Q9H3N8__f9e4438a973a786f	1.000	1.000	1.000
Q9H892__e434b9022bf6208d	Q9H892__e434b9022bf6208d	1.000	1.000	1.000
Q9HBZ2__cb0bdbb047642c88	Q9HBZ2__cb0bdbb047642c88	1.000	1.000	1.000
Q9NQ31__36c12fc89fdac11a	Q9NQ31__36c12fc89fdac11a	1.000	1.000	1.000
Q9NTW7__7d4293566a649f9d	Q9NTW7__7d4293566a649f9d	1.000	1.000	1.000
Q9NYJ1__cc57e53103c8c3f7	Q9NYJ1__cc57e53103c8c3f7	1.000	1.000	1.000
Q9P296__e224ab058cffa673	Q9P296__e224ab058cffa673	1.000	1.000	1.000
Q9P296__e224ab058cffa673	Q99788__d5cce27e9956e0b5	0.304	0.866	0.839
Q9P296__e224ab058cffa673	P25090__3b25f9aedba54606	0.324	0.831	0.863
Q9P296__e224ab058cffa673	P21462__e3bd8aa167ddf1d1	0.309	0.810	0.843
Q9UGR2__0b3876acee6e8459	Q9UGR2__0b3876acee6e8459	1.000	1.000	1.000
Q9UK45__b76282643564af5d	Q9UK45__b76282643564af5d	1.000	1.000	1.000
Q9UM63__17e97fcdbccdf4ab	Q9UM63__17e97fcdbccdf4ab	1.000	1.000	1.000
Q9UM63__17e97fcdbccdf4ab	Q6DJT9__886b146b2d6be78e	0.460	0.994	0.934
Q9Y2M0__8dff2f4b2c93d988	Q9Y2M0__8dff2f4b2c93d988	1.000	1.000	1.000
Q9Y4C4__4252866ebdd70b62	Q9Y4C4__4252866ebdd70b62	1.000	1.000	1.000
Q9Y6X8__9aaf7b2cff3631cc	Q9Y6X8__9aaf7b2cff3631cc	1.000	1.000	1.000
Q9Y6X8__9aaf7b2cff3631cc	Q9UKY1__9b5b016faa96e953	0.399	0.901	0.930
Q9Y6X8__9aaf7b2cff3631cc	Q9H4I2__7cbd4f2f341f304d	0.328	0.981	0.983
B0L3A2__741e248a9af7f9d1	B0L3A2__741e248a9af7f9d1	1.000	1.000	1.000
O00478__15475cf4e0aca2b7	O00478__15475cf4e0aca2b7	1.000	1.000	1.000
O00478__15475cf4e0aca2b7	O00481__11ece92120ddda7c	0.851	0.878	0.998
O15178__239bb7ac44e71466	O15178__239bb7ac44e71466	1.000	1.000	1.000
O60232__af02534b341728c2	O60232__af02534b341728c2	1.000	1.000	1.000
O75475__a0d8504fc2ce2887	O75475__a0d8504fc2ce2887	1.000	1.000	1.000
O94892__97f614456d810115	O94892__97f614456d810115	1.000	1.000	1.000
O94892__97f614456d810115	P17014__c56eaa79e23cbb69	0.481	0.989	0.937
O94892__97f614456d810115	Q6ECI4__3b54065604538766	0.441	0.989	0.912
O94892__97f614456d810115	Q96RE9__104b5f78241b34ea	0.466	0.992	0.992
O94892__97f614456d810115	Q9NYW8__012ec75c2ced9ef8	0.438	0.992	0.982
O94892__97f614456d810115	Q8WXB4__85e3777aa6bfc4c6	0.419	0.995	0.891
O94892__97f614456d810115	Q9NZL3__3b99100d8ad8ce6e	0.427	0.998	0.959
O94892__97f614456d810115	Q8TF45__a525adcb0a8550ea	0.422	0.994	0.996
O94892__97f614456d810115	Q03923__66124a4c935f1ab2	0.436	0.988	0.990
O94892__97f614456d810115	Q9Y2P7__afc52169f38f6127	0.430	0.948	0.986
O94892__97f614456d810115	P17032__4f8421aced96b030	0.437	0.957	0.980
O94892__97f614456d810115	O60765__7991d51d11a01c75	0.425	0.954	0.987
O94892__97f614456d810115	P21506__319472b038e86662	0.399	0.988	0.974
O94892__97f614456d810115	Q8NEP9__54c10d9021494253	0.386	0.952	0.943
O94892__97f614456d810115	Q8WV37__4f0687e3b11a148d	0.450	0.824	0.964
O94892__97f614456d810115	Q9UJL9__472238ba13daa2c4	0.370	0.817	0.856
O96020__06a577daa4cba0a3	O96020__06a577daa4cba0a3	1.000	1.000	1.000
O96020__06a577daa4cba0a3	P24864__5fd4f5fb97c813fc	0.552	0.822	0.810
P02753__8400030088daa962	P02753__8400030088daa962	1.000	1.000	1.000
P07910__d8c81a767fda82bb	P07910__d8c81a767fda82bb	1.000	1.000	1.000
P0DMU8__65b80a349fee31d5	P0DMU8__65b80a349fee31d5	1.000	1.000	1.000
P0DMU8__65b80a349fee31d5	Q8NHU0__9a820cf9c8972b96	0.994	1.000	1.000
P0DMU8__65b80a349fee31d5	Q5HYN5__6ffab52babb60564	0.989	1.000	1.000
P0DMU8__65b80a349fee31d5	P0DMU9__8ca1319db56f259c	0.947	1.000	1.000
P13232__ca5f3ebc3a796a53	P13232__ca5f3ebc3a796a53	1.000	1.000	1.000
P17658__eda1448fb4187cfe	P17658__eda1448fb4187cfe	1.000	1.000	1.000
P17658__eda1448fb4187cfe	Q96KK3__3f1118d08733ba2b	0.310	0.820	0.806
P17658__eda1448fb4187cfe	Q6PIU1__0f328c10fb9ccd0e	0.302	0.836	0.828
P21709__6aa120b03b6831f0	P21709__6aa120b03b6831f0	1.000	1.000	1.000
P21709__6aa120b03b6831f0	P54760__37003eca217f6b25	0.418	0.988	0.978
P26951__242c33a169bf9930	P26951__242c33a169bf9930	1.000	1.000	1.000
P30530__0e1b606ba4a2733b	P30530__0e1b606ba4a2733b	1.000	1.000	1.000
P35237__0bc7dc2f5cf163bd	P35237__0bc7dc2f5cf163bd	1.000	1.000	1.000
P35237__0bc7dc2f5cf163bd	P48594__643fa1288d817ac7	0.465	1.000	1.000
P35237__0bc7dc2f5cf163bd	P29508__5c4614c4d5244277	0.462	1.000	1.000
P35237__0bc7dc2f5cf163bd	P05121__85dcfe09ecc84ccb	0.331	0.936	0.871
P41214__393e19b3d75f38d7	P41214__393e19b3d75f38d7	1.000	1.000	1.000
P47211__bc481b507d238cc9	P47211__bc481b507d238cc9	1.000	1.000	1.000
P47211__bc481b507d238cc9	P41143__b75060695513d21a	0.332	0.854	0.804
P47211__bc481b507d238cc9	P49146__5405ec4c579e6859	0.311	0.874	0.822
P47211__bc481b507d238cc9	O00270__7a37ad394cf633ae	0.320	0.805	0.875
P47211__bc481b507d238cc9	Q99705__9f42fc1aa2a3da79	0.302	0.814	0.807
P50225__1adc07047e1f7d62	P50225__1adc07047e1f7d62	1.000	1.000	1.000
P50225__1adc07047e1f7d62	P0DMM9__791c95e7451d11dc	0.928	1.000	1.000
P50225__1adc07047e1f7d62	O43704__0a257f68bc492a36	0.537	0.986	0.986
P50225__1adc07047e1f7d62	Q06520__585c4a4cf32009d3	0.373	0.905	0.919
P54284__b07e66ce76fa109a	P54284__b07e66ce76fa109a	1.000	1.000	1.000
P61254__78491c9705795368	P61254__78491c9705795368	1.000	1.000	1.000
P78410__fc2b481f27d3f216	P78410__fc2b481f27d3f216	1.000	1.000	1.000
Q00604__f98be54613ca1de5	Q00604__f98be54613ca1de5	1.000	1.000	1.000
Q09428__c07c3de04b95cf06	Q09428__c07c3de04b95cf06	1.000	1.000	1.000
Q13242__03346d5c8912f23e	Q13242__03346d5c8912f23e	1.000	1.000	1.000
Q14119__d0d8c9453e49c836	Q14119__d0d8c9453e49c836	1.000	1.000	1.000
Q14CZ7__710bc42b9dadc530	Q14CZ7__710bc42b9dadc530	1.000	1.000	1.000
Q15910__4c4d28512cf71210	Q15910__4c4d28512cf71210	1.000	1.000	1.000
Q15910__4c4d28512cf71210	Q92800__ad44e743299586ef	0.646	0.980	0.980
Q2L4Q9__1f9d424a9c45b643	Q2L4Q9__1f9d424a9c45b643	1.000	1.000	1.000
Q53H96__a0d1aed26930a2c5	Q53H96__a0d1aed26930a2c5	1.000	1.000	1.000
Q53H96__a0d1aed26930a2c5	P32322__79ab6363b181f29c	0.464	0.953	0.834
Q5T0F9__8922a4d838637430	Q5T0F9__8922a4d838637430	1.000	1.000	1.000
Q5XPI4__c80b782eaa730a03	Q5XPI4__c80b782eaa730a03	1.000	1.000	1.000
Q6P1J9__8269b309beedd8ae	Q6P1J9__8269b309beedd8ae	1.000	1.000	1.000
Q6UWE0__55a25f39b4108fac	Q6UWE0__55a25f39b4108fac	1.000	1.000	1.000
Q6ZTQ4__a6f40bdcad811044	Q6ZTQ4__a6f40bdcad811044	1.000	1.000	1.000
Q7Z4R8__02aaca23823b37e8	Q7Z4R8__02aaca23823b37e8	1.000	1.000	1.000
Q86V86__35bb7bd3d3011d89	Q86V86__35bb7bd3d3011d89	1.000	1.000	1.000
Q8IUW5__b95c6c90b61d7776	Q8IUW5__b95c6c90b61d7776	1.000	1.000	1.000
Q8J025__c02f41723cae8ee8	Q8J025__c02f41723cae8ee8	1.000	1.000	1.000
Q8N729__15e26d34454c3127	Q8N729__15e26d34454c3127	1.000	1.000	1.000
Q8NEV9__3246b16cd858d1e3	Q8NEV9__3246b16cd858d1e3	1.000	1.000	1.000
Q8TCC3__b8592fc9d49e6908	Q8TCC3__b8592fc9d49e6908	1.000	1.000	1.000
Q8WVN8__21b74b7fd12be77a	Q8WVN8__21b74b7fd12be77a	1.000	1.000	1.000
Q92908__036fca82f5301acb	Q92908__036fca82f5301acb	1.000	1.000	1.000
Q96BH3__6155689b1ac859d1	Q96BH3__6155689b1ac859d1	1.000	1.000	1.000
Q96GX2__d0cefcdcb7d03d24	Q96GX2__d0cefcdcb7d03d24	1.000	1.000	1.000
Q96L08__e19d141c0ec24c88	Q96L08__e19d141c0ec24c88	1.000	1.000	1.000
Q96QT6__f4fb97b3875a8be3	Q96QT6__f4fb97b3875a8be3	1.000	1.000	1.000
Q99757__b1dff3a3522626f0	Q99757__b1dff3a3522626f0	1.000	1.000	1.000
Q9BRZ2__b6c47af06f28b49b	Q9BRZ2__b6c47af06f28b49b	1.000	1.000	1.000
Q9BW71__c14518b6533d4f50	Q9BW71__c14518b6533d4f50	1.000	1.000	1.000
Q9BYH8__567f1b6fac303d44	Q9BYH8__567f1b6fac303d44	1.000	1.000	1.000
Q9H0A6__466bac8043394934	Q9H0A6__466bac8043394934	1.000	1.000	1.000
Q9H3P2__4169b264629ae922	Q9H3P2__4169b264629ae922	1.000	1.000	1.000
Q9H8M2__26c37f9f101caf7b	Q9H8M2__26c37f9f101caf7b	1.000	1.000	1.000
Q9HC36__320a817b45b1beff	Q9HC36__320a817b45b1beff	1.000	1.000	1.000
Q9NQ48__a455e040ff1f6e12	Q9NQ48__a455e040ff1f6e12	1.000	1.000	1.000
Q9NTZ6__9d753b4d0a2e9fa0	Q9NTZ6__9d753b4d0a2e9fa0	1.000	1.000	1.000
Q9NYK5__a1f61d18653e8a21	Q9NYK5__a1f61d18653e8a21	1.000	1.000	1.000
Q9P2A4__6a83d605096eb2b4	Q9P2A4__6a83d605096eb2b4	1.000	1.000	1.000
Q9UGT4__9d136142edc3006c	Q9UGT4__9d136142edc3006c	1.000	1.000	1.000
Q9UK59__192c25bacd9f4174	Q9UK59__192c25bacd9f4174	1.000	1.000	1.000
Q9UM73__74716bef5c87821e	Q9UM73__74716bef5c87821e	1.000	1.000	1.000
Q9Y2P7__afc52169f38f6127	Q9Y2P7__afc52169f38f6127	1.000	1.000	1.000
Q9Y2P7__afc52169f38f6127	Q8TF45__a525adcb0a8550ea	0.576	0.981	0.905
Q9Y2P7__afc52169f38f6127	Q03923__66124a4c935f1ab2	0.433	0.982	0.990
Q9Y2P7__afc52169f38f6127	P17014__c56eaa79e23cbb69	0.416	0.981	0.974
Q9Y2P7__afc52169f38f6127	Q9NYW8__012ec75c2ced9ef8	0.408	0.982	0.978
Q9Y2P7__afc52169f38f6127	O94892__97f614456d810115	0.430	0.986	0.948
Q9Y2P7__afc52169f38f6127	Q9NZL3__3b99100d8ad8ce6e	0.416	0.976	0.864
Q9Y2P7__afc52169f38f6127	Q96RE9__104b5f78241b34ea	0.441	0.938	0.987
Q9Y2P7__afc52169f38f6127	Q8NEP9__54c10d9021494253	0.386	0.976	0.928
Q9Y2P7__afc52169f38f6127	O60765__7991d51d11a01c75	0.402	0.960	1.000
Q9Y2P7__afc52169f38f6127	Q8WV37__4f0687e3b11a148d	0.406	0.895	0.957
Q9Y2P7__afc52169f38f6127	P17032__4f8421aced96b030	0.391	0.960	0.991
Q9Y2P7__afc52169f38f6127	P21506__319472b038e86662	0.394	0.962	1.000
Q9Y2P7__afc52169f38f6127	Q9BS31__3451ef9f1c32b2ec	0.381	0.810	0.897
Q9Y2P7__afc52169f38f6127	Q9UJL9__472238ba13daa2c4	0.367	0.855	0.861
Q9Y4H4__d4f18a468317e1fc	Q9Y4H4__d4f18a468317e1fc	1.000	1.000	1.000
B1AL88__910add4cb04f2e69	B1AL88__910add4cb04f2e69	1.000	1.000	1.000
O00481__11ece92120ddda7c	O00481__11ece92120ddda7c	1.000	1.000	1.000
O00481__11ece92120ddda7c	O00478__15475cf4e0aca2b7	0.851	0.998	0.878
O15235__b41639f3703a7d41	O15235__b41639f3703a7d41	1.000	1.000	1.000
O60242__d6fa31c44d596ecf	O60242__d6fa31c44d596ecf	1.000	1.000	1.000
O75486__575705e754a8553c	O75486__575705e754a8553c	1.000	1.000	1.000
O94913__cee6b5a9c38d39cf	O94913__cee6b5a9c38d39cf	1.000	1.000	1.000
P00450__6d5f4d2b81edca18	P00450__6d5f4d2b81edca18	1.000	1.000	1.000
P02774__a77e64adbe95ab4d	P02774__a77e64adbe95ab4d	1.000	1.000	1.000
P08069__e11a8ca0d0d551f3	P08069__e11a8ca0d0d551f3	1.000	1.000	1.000
P0DMU9__8ca1319db56f259c	P0DMU9__8ca1319db56f259c	1.000	1.000	1.000
P0DMU9__8ca1319db56f259c	P0DMU8__65b80a349fee31d5	0.947	1.000	1.000
P0DMU9__8ca1319db56f259c	Q8NHU0__9a820cf9c8972b96	0.941	1.000	1.000
P0DMU9__8ca1319db56f259c	Q5HYN5__6ffab52babb60564	0.936	1.000	1.000
P13349__45791a6373c12899	P13349__45791a6373c12899	1.000	1.000	1.000
P17813__9d83bcc4b07c00cd	P17813__9d83bcc4b07c00cd	1.000	1.000	1.000
P21757__741fb60beb7caacc	P21757__741fb60beb7caacc	1.000	1.000	1.000
P27469__c4b27ec2ead6efbc	P27469__c4b27ec2ead6efbc	1.000	1.000	1.000
P30542__1287bf4746a29da7	P30542__1287bf4746a29da7	1.000	1.000	1.000
P35244__a166f6f57d82530e	P35244__a166f6f57d82530e	1.000	1.000	1.000
P41223__f49de9ace7f3886f	P41223__f49de9ace7f3886f	1.000	1.000	1.000
P47871__b236d1c797f666e4	P47871__b236d1c797f666e4	1.000	1.000	1.000
P47871__b236d1c797f666e4	P43220__8cd3cf61857825c3	0.502	0.864	0.898
P47871__b236d1c797f666e4	P34998__d606ec68b032c7d9	0.317	0.866	0.908
P50391__648c2a026f9f9ba1	P50391__648c2a026f9f9ba1	1.000	1.000	1.000
P50391__648c2a026f9f9ba1	P25929__b988033ce3865dd5	0.461	0.899	0.875
P50391__648c2a026f9f9ba1	P49146__5405ec4c579e6859	0.331	0.896	0.845
P54315__13ccfaaaead32aff	P54315__13ccfaaaead32aff	1.000	1.000	1.000
P54315__13ccfaaaead32aff	P16233__8e144ac7eadb8b0b	0.673	1.000	1.000
P54315__13ccfaaaead32aff	Q9Y5X9__5b2bf8da09ea43b3	0.317	0.865	0.842
P54315__13ccfaaaead32aff	P11150__70ef1ae8ca11b378	0.319	0.938	0.910
P61313__d09b86592c128c04	P61313__d09b86592c128c04	1.000	1.000	1.000
P78536__df665a32b583fcff	P78536__df665a32b583fcff	1.000	1.000	1.000
Q01094__5eae297f66a780cb	Q01094__5eae297f66a780cb	1.000	1.000	1.000
Q0P651__3a585f24d3283152	Q0P651__3a585f24d3283152	1.000	1.000	1.000
Q13263__38e03042644ff74e	Q13263__38e03042644ff74e	1.000	1.000	1.000
Q14129__fd48aa1f72b2710e	Q14129__fd48aa1f72b2710e	1.000	1.000	1.000
Q14129__fd48aa1f72b2710e	Q9BY27__fa9c309825a4adfd	0.972	1.000	1.000
Q14D04__290755727766d061	Q14D04__290755727766d061	1.000	1.000	1.000
Q15916__136343cc5f144193	Q15916__136343cc5f144193	1.000	1.000	1.000
Q2M1K9__fc69ab8443fc959c	Q2M1K9__fc69ab8443fc959c	1.000	1.000	1.000
Q53HV7__23a86ad5d22d80e2	Q53HV7__23a86ad5d22d80e2	1.000	1.000	1.000
Q5T1B0__ce731f0054d166a6	Q5T1B0__ce731f0054d166a6	1.000	1.000	1.000
Q60I27__06aa492b78ab9534	Q60I27__06aa492b78ab9534	1.000	1.000	1.000
Q6P1L8__0fa981ec8dde3176	Q6P1L8__0fa981ec8dde3176	1.000	1.000	1.000
Q6UWK7__d24b2286578a0b99	Q6UWK7__d24b2286578a0b99	1.000	1.000	1.000
Q6ZTU2__27014c45127066c5	Q6ZTU2__27014c45127066c5	1.000	1.000	1.000
Q7Z4V0__a77bcae248ff3eac	Q7Z4V0__a77bcae248ff3eac	1.000	1.000	1.000
Q86VQ3__27717d69ca5ed358	Q86VQ3__27717d69ca5ed358	1.000	1.000	1.000
Q8IVS2__9cb270eee2ba31f3	Q8IVS2__9cb270eee2ba31f3	1.000	1.000	1.000
Q8N142__aa7ee7b5fd97b788	Q8N142__aa7ee7b5fd97b788	1.000	1.000	1.000
Q8N7E2__524869fd2da12d5c	Q8N7E2__524869fd2da12d5c	1.000	1.000	1.000
Q8NEX9__778f19f03c72a93d	Q8NEX9__778f19f03c72a93d	1.000	1.000	1.000
Q8TCE9__adf8d4d5461a308c	Q8TCE9__adf8d4d5461a308c	1.000	1.000	1.000
Q8WVY7__8de8547bfeb2f4fe	Q8WVY7__8de8547bfeb2f4fe	1.000	1.000	1.000
Q92917__4b73d64b0465b0ed	Q92917__4b73d64b0465b0ed	1.000	1.000	1.000
Q96BN2__cb386780d60f3cd1	Q96BN2__cb386780d60f3cd1	1.000	1.000	1.000
Q96GX9__7bf7fd518c9c0e59	Q96GX9__7bf7fd518c9c0e59	1.000	1.000	1.000
Q96L50__fb29de6475c62029	Q96L50__fb29de6475c62029	1.000	1.000	1.000
Q96RD9__5bdb053952ef7a04	Q96RD9__5bdb053952ef7a04	1.000	1.000	1.000
Q99788__d5cce27e9956e0b5	Q99788__d5cce27e9956e0b5	1.000	1.000	1.000
Q99788__d5cce27e9956e0b5	P25089__7b91cc56436d597f	0.367	0.826	0.875
Q99788__d5cce27e9956e0b5	P25090__3b25f9aedba54606	0.376	0.818	0.872
Q99788__d5cce27e9956e0b5	P21462__e3bd8aa167ddf1d1	0.378	0.807	0.860
Q99788__d5cce27e9956e0b5	P30556__6dae55828357a788	0.310	0.922	0.936
Q99788__d5cce27e9956e0b5	Q9P296__e224ab058cffa673	0.305	0.839	0.866
Q9BS31__3451ef9f1c32b2ec	Q9BS31__3451ef9f1c32b2ec	1.000	1.000	1.000
Q9BS31__3451ef9f1c32b2ec	Q96RE9__104b5f78241b34ea	0.435	0.903	0.906
Q9BS31__3451ef9f1c32b2ec	P17030__6a63cacc09be9a3d	0.450	0.909	0.998
Q9BS31__3451ef9f1c32b2ec	P17032__4f8421aced96b030	0.422	0.895	0.971
Q9BS31__3451ef9f1c32b2ec	Q9C0F3__a2a7525113cf725b	0.414	0.897	0.985
Q9BS31__3451ef9f1c32b2ec	Q8WV37__4f0687e3b11a148d	0.428	0.903	0.916
Q9BS31__3451ef9f1c32b2ec	P21506__319472b038e86662	0.398	0.887	0.874
Q9BS31__3451ef9f1c32b2ec	O60765__7991d51d11a01c75	0.377	0.899	0.893
Q9BS31__3451ef9f1c32b2ec	Q9UJL9__472238ba13daa2c4	0.413	0.895	0.860
Q9BS31__3451ef9f1c32b2ec	Q9Y2P7__afc52169f38f6127	0.380	0.897	0.810
Q9BS31__3451ef9f1c32b2ec	Q96H86__98ab6f0022acc78e	0.353	0.810	0.885
Q9BW85__c61c1cf957297490	Q9BW85__c61c1cf957297490	1.000	1.000	1.000
Q9BYK8__b85ba91739e1a383	Q9BYK8__b85ba91739e1a383	1.000	1.000	1.000
Q9H0A9__2b83ec097322852e	Q9H0A9__2b83ec097322852e	1.000	1.000	1.000
Q9H3S1__96c47f6fa4f5ff83	Q9H3S1__96c47f6fa4f5ff83	1.000	1.000	1.000
Q9H8M7__ac1c44979511ceb4	Q9H8M7__ac1c44979511ceb4	1.000	1.000	1.000
Q9HC52__8f3101e514560e9d	Q9HC52__8f3101e514560e9d	1.000	1.000	1.000
Q9NQ50__924d4cf33192a6b4	Q9NQ50__924d4cf33192a6b4	1.000	1.000	1.000
Q9NU63__2fdc35a9eed06231	Q9NU63__2fdc35a9eed06231	1.000	1.000	1.000
Q9NU63__2fdc35a9eed06231	Q9C0F3__a2a7525113cf725b	0.309	0.816	0.862
Q9NU63__2fdc35a9eed06231	P17030__6a63cacc09be9a3d	0.313	0.819	0.921
Q9NYP3__adb7f7c1e9c2f4cb	Q9NYP3__adb7f7c1e9c2f4cb	1.000	1.000	1.000
Q9P2D8__9a577c43a581ee47	Q9P2D8__9a577c43a581ee47	1.000	1.000	1.000
Q9UGU0__8635af727b2f5304	Q9UGU0__8635af727b2f5304	1.000	1.000	1.000
Q9UK96__65fd961cdb2dca42	Q9UK96__65fd961cdb2dca42	1.000	1.000	1.000
Q9UMN6__de18f861b4c46b27	Q9UMN6__de18f861b4c46b27	1.000	1.000	1.000
Q9Y2Q9__b86f30b2c6c9debb	Q9Y2Q9__b86f30b2c6c9debb	1.000	1.000	1.000
Q9Y4K4__a7eb891318c7b005	Q9Y4K4__a7eb891318c7b005	1.000	1.000	1.000
B2CW77__cb62044b7a49dab1	B2CW77__cb62044b7a49dab1	1.000	1.000	1.000
O00555__c0c4e4c51ca175b1	O00555__c0c4e4c51ca175b1	1.000	1.000	1.000
O15263__03c03ad492af4bd8	O15263__03c03ad492af4bd8	1.000	1.000	1.000
O60284__748f8bc154907278	O60284__748f8bc154907278	1.000	1.000	1.000
O75509__d9be56848c77e345	O75509__d9be56848c77e345	1.000	1.000	1.000
O94941__fa38ccec657e9730	O94941__fa38ccec657e9730	1.000	1.000	1.000
P00540__8d82492dd06934c3	P00540__8d82492dd06934c3	1.000	1.000	1.000
P02776__37f9b6a3c9e1e7d5	P02776__37f9b6a3c9e1e7d5	1.000	1.000	1.000
P08217__5543f0f8a802244a	P08217__5543f0f8a802244a	1.000	1.000	1.000
P08217__5543f0f8a802244a	Q9GZN4__fc7b851e52af7234	0.346	0.974	0.842
P08217__5543f0f8a802244a	P00746__89b6935d8d5a9980	0.348	0.948	0.949
P08217__5543f0f8a802244a	P49862__5b53998b1d5bcc3f	0.329	0.985	0.953
P0DN86__70afb5629af6fc2d	P0DN86__70afb5629af6fc2d	1.000	1.000	1.000
P0DN86__70afb5629af6fc2d	P0DN87__dc96c87d802fbad6	0.981	1.000	1.000
P13498__928ccbd7cbbfc119	P13498__928ccbd7cbbfc119	1.000	1.000	1.000
P17947__297ab89000ff919c	P17947__297ab89000ff919c	1.000	1.000	1.000
P21815__ecc5ac2c3ec2365f	P21815__ecc5ac2c3ec2365f	1.000	1.000	1.000
P27707__c32b38afb23c7581	P27707__c32b38afb23c7581	1.000	1.000	1.000
P30550__65221c4df869b796	P30550__65221c4df869b796	1.000	1.000	1.000
P35268__20ec3c6d5b01df63	P35268__20ec3c6d5b01df63	1.000	1.000	1.000
P41229__2e18349d95d39c5d	P41229__2e18349d95d39c5d	1.000	1.000	1.000
P41229__2e18349d95d39c5d	Q9BY66__ec11e17402bc7e1f	0.852	0.993	0.995
P41229__2e18349d95d39c5d	Q9UGL1__afa52fec63158c77	0.527	0.828	0.808
P47898__d2f2f70ece4e1535	P47898__d2f2f70ece4e1535	1.000	1.000	1.000
P47898__d2f2f70ece4e1535	P30939__77171773a772e53d	0.367	0.860	0.907
P47898__d2f2f70ece4e1535	P28222__0bc8c4af6f71c065	0.374	0.866	0.849
P47898__d2f2f70ece4e1535	P28221__53403167dff491de	0.353	0.852	0.859
P47898__d2f2f70ece4e1535	P28566__c72476c90452dd73	0.355	0.843	0.899
P47898__d2f2f70ece4e1535	P35462__0c28b2bbcd26288e	0.322	0.840	0.890
P50406__a9754aa0eed81bf0	P50406__a9754aa0eed81bf0	1.000	1.000	1.000
P54725__cc5c4c20c67dd011	P54725__cc5c4c20c67dd011	1.000	1.000	1.000
P61366__0311397f747a24b1	P61366__0311397f747a24b1	1.000	1.000	1.000
P78540__bce83a023087ff01	P78540__bce83a023087ff01	1.000	1.000	1.000
Q01453__ee94995b827178fc	Q01453__ee94995b827178fc	1.000	1.000	1.000
Q0VAA5__cb4d0563bfde4d28	Q0VAA5__cb4d0563bfde4d28	1.000	1.000	1.000
Q0VAA5__cb4d0563bfde4d28	Q63HM9__d63f12c3c43b87ce	0.520	0.869	0.832
Q13285__22862e50ee7a8ac6	Q13285__22862e50ee7a8ac6	1.000	1.000	1.000
Q14152__797b6fb89ea94e5f	Q14152__797b6fb89ea94e5f	1.000	1.000	1.000
Q15022__39744fd3411045a1	Q15022__39744fd3411045a1	1.000	1.000	1.000
Q16514__174422c750b1d491	Q16514__174422c750b1d491	1.000	1.000	1.000
Q2M3C7__131159d5d05c7d66	Q2M3C7__131159d5d05c7d66	1.000	1.000	1.000
Q53QW1__def04a85eedc2a94	Q53QW1__def04a85eedc2a94	1.000	1.000	1.000
Q5T2R2__e6193fe4ac74d029	Q5T2R2__e6193fe4ac74d029	1.000	1.000	1.000
Q63HM9__d63f12c3c43b87ce	Q63HM9__d63f12c3c43b87ce	1.000	1.000	1.000
Q63HM9__d63f12c3c43b87ce	Q0VAA5__cb4d0563bfde4d28	0.520	0.832	0.869
Q63HM9__d63f12c3c43b87ce	Q9NUJ7__fe4ab6bbf6acfa3c	0.337	0.928	0.916
Q6P1M3__c3922a208f078429	Q6P1M3__c3922a208f078429	1.000	1.000	1.000
Q6UWR7__cefbb77774f62820	Q6UWR7__cefbb77774f62820	1.000	1.000	1.000
Q6UWR7__cefbb77774f62820	Q9Y6X5__edc0ddb2b077ba21	0.338	0.886	0.817
Q6UWR7__cefbb77774f62820	Q6UWV6__2bea97621a03eab7	0.313	0.966	0.910
Q6ZVX7__d646d0064c8a45d9	Q6ZVX7__d646d0064c8a45d9	1.000	1.000	1.000
Q7Z569__6732e187f06abeec	Q7Z569__6732e187f06abeec	1.000	1.000	1.000
Q86VW1__acd531523d9a2aac	Q86VW1__acd531523d9a2aac	1.000	1.000	1.000
Q8IVW6__bd3c61bfe958b25d	Q8IVW6__bd3c61bfe958b25d	1.000	1.000	1.000
Q8N165__e87a7144d65c2b24	Q8N165__e87a7144d65c2b24	1.000	1.000	1.000
Q8N7H5__e0897a8d4de2d5d0	Q8N7H5__e0897a8d4de2d5d0	1.000	1.000	1.000
Q8NEY3__2ce3b23ec9cc5aed	Q8NEY3__2ce3b23ec9cc5aed	1.000	1.000	1.000
Q8TCJ0__6679089ccb8aa7d7	Q8TCJ0__6679089ccb8aa7d7	1.000	1.000	1.000
Q8WW12__3d0b4998b21a65a8	Q8WW12__3d0b4998b21a65a8	1.000	1.000	1.000
Q92954__a767a82e7ab1f42b	Q92954__a767a82e7ab1f42b	1.000	1.000	1.000
Q96BN8__8b539470552fbdad	Q96BN8__8b539470552fbdad	1.000	1.000	1.000
Q96H86__98ab6f0022acc78e	Q96H86__98ab6f0022acc78e	1.000	1.000	1.000
Q96LA5__196c223116ca2548	Q96LA5__196c223116ca2548	1.000	1.000	1.000
Q96RE9__104b5f78241b34ea	Q96RE9__104b5f78241b34ea	1.000	1.000	1.000
Q96RE9__104b5f78241b34ea	Q6ECI4__3b54065604538766	0.490	0.988	0.834
Q96RE9__104b5f78241b34ea	P17014__c56eaa79e23cbb69	0.482	0.993	0.901
Q96RE9__104b5f78241b34ea	O94892__97f614456d810115	0.469	0.992	0.992
Q96RE9__104b5f78241b34ea	Q9NYW8__012ec75c2ced9ef8	0.445	0.987	0.860
Q96RE9__104b5f78241b34ea	Q03923__66124a4c935f1ab2	0.465	0.985	0.988
Q96RE9__104b5f78241b34ea	P17032__4f8421aced96b030	0.478	0.992	0.971
Q96RE9__104b5f78241b34ea	P21506__319472b038e86662	0.443	0.987	0.974
Q96RE9__104b5f78241b34ea	Q8TF45__a525adcb0a8550ea	0.456	0.987	0.828
Q96RE9__104b5f78241b34ea	Q9Y2P7__afc52169f38f6127	0.435	0.988	0.939
Q96RE9__104b5f78241b34ea	O60765__7991d51d11a01c75	0.441	0.988	0.979
Q96RE9__104b5f78241b34ea	Q8WV37__4f0687e3b11a148d	0.439	0.949	0.964
Q96RE9__104b5f78241b34ea	Q9NZL3__3b99100d8ad8ce6e	0.424	0.982	0.826
Q96RE9__104b5f78241b34ea	Q9BS31__3451ef9f1c32b2ec	0.436	0.906	0.903
Q96RE9__104b5f78241b34ea	Q8NEP9__54c10d9021494253	0.407	0.987	0.935
Q96RE9__104b5f78241b34ea	Q9UJL9__472238ba13daa2c4	0.435	0.896	0.856
Q99801__dcce223c48fbfcc0	Q99801__dcce223c48fbfcc0	1.000	1.000	1.000
Q9BSA4__a0c084890237a0a3	Q9BSA4__a0c084890237a0a3	1.000	1.000	1.000
Q9BSA4__a0c084890237a0a3	Q9C0H2__11d1dfa2cfdb58ec	0.418	0.970	0.979
Q9BWC9__3e23dfae2182d16c	Q9BWC9__3e23dfae2182d16c	1.000	1.000	1.000
Q9BYN0__fe98c8a9bf90400b	Q9BYN0__fe98c8a9bf90400b	1.000	1.000	1.000
Q9H0C3__489a52aaac75aee3	Q9H0C3__489a52aaac75aee3	1.000	1.000	1.000
Q9H3T3__0d9a14b1281286e4	Q9H3T3__0d9a14b1281286e4	1.000	1.000	1.000
Q9H8S5__b6dff0638e9913f5	Q9H8S5__b6dff0638e9913f5	1.000	1.000	1.000
Q9HC58__06f2266491a320bf	Q9HC58__06f2266491a320bf	1.000	1.000	1.000
Q9HC58__06f2266491a320bf	Q9UI40__aa4ab0404beebf1a	0.392	0.856	0.829
Q9NQ90__67d3c7e16e4b6e08	Q9NQ90__67d3c7e16e4b6e08	1.000	1.000	1.000
Q9NQ90__67d3c7e16e4b6e08	Q4KMQ2__5c7146c6b5088cb4	0.376	0.851	0.892
Q9NUD5__8124c27df3a80cb5	Q9NUD5__8124c27df3a80cb5	1.000	1.000	1.000
Q9NYS0__5b26344d9b9f8465	Q9NYS0__5b26344d9b9f8465	1.000	1.000	1.000
Q9P2M1__eee91528648cb31d	Q9P2M1__eee91528648cb31d	1.000	1.000	1.000
Q9UH17__8ab445022825f739	Q9UH17__8ab445022825f739	1.000	1.000	1.000
Q9UK97__9eea2520b6e96a0b	Q9UK97__9eea2520b6e96a0b	1.000	1.000	1.000
Q9UMR7__4c132500efe04163	Q9UMR7__4c132500efe04163	1.000	1.000	1.000
Q9Y2R5__fb9600b67149fcaa	Q9Y2R5__fb9600b67149fcaa	1.000	1.000	1.000
Q9Y4X0__7c16fe30b704fa31	Q9Y4X0__7c16fe30b704fa31	1.000	1.000	1.000
B2RNN3__97a6998765fde318	B2RNN3__97a6998765fde318	1.000	1.000	1.000
O00763__d592484ce5eff1d7	O00763__d592484ce5eff1d7	1.000	1.000	1.000
O15266__9141af5415a88422	O15266__9141af5415a88422	1.000	1.000	1.000
O60293__8b297b34c62bc19c	O60293__8b297b34c62bc19c	1.000	1.000	1.000
O75525__2a7ac70c10c84be2	O75525__2a7ac70c10c84be2	1.000	1.000	1.000
O94953__0fa174d36e05c9a5	O94953__0fa174d36e05c9a5	1.000	1.000	1.000
O94953__0fa174d36e05c9a5	O75164__036a41d3c1505220	0.502	0.988	1.000
P00739__1d54a123363f7dda	P00739__1d54a123363f7dda	1.000	1.000	1.000
P02778__9e0216db62967edf	P02778__9e0216db62967edf	1.000	1.000	1.000
P08473__1a916537b7b55589	P08473__1a916537b7b55589	1.000	1.000	1.000
P08473__1a916537b7b55589	P42892__e3eb0529ac8c1616	0.389	0.984	0.940
P08473__1a916537b7b55589	P78562__0c4aa74a3053f6fa	0.366	0.925	0.929
P0DN87__dc96c87d802fbad6	P0DN87__dc96c87d802fbad6	1.000	1.000	1.000
P0DN87__dc96c87d802fbad6	P0DN86__70afb5629af6fc2d	0.981	1.000	1.000
P13500__3812ea62049d89f0	P13500__3812ea62049d89f0	1.000	1.000	1.000
P13500__3812ea62049d89f0	P51671__066cd148df084ff5	0.704	0.990	0.990
P18065__cb090c520014e453	P18065__cb090c520014e453	1.000	1.000	1.000
P21917__9a2657fa53c20731	P21917__9a2657fa53c20731	1.000	1.000	1.000
P21917__9a2657fa53c20731	P35462__0c28b2bbcd26288e	0.395	0.888	0.900
P21917__9a2657fa53c20731	P08913__0153dbebb226a1e5	0.371	0.871	0.843
P21917__9a2657fa53c20731	P18089__f7c20e2753a4a7f6	0.328	0.871	0.918
P27918__6ca24511123cda9f	P27918__6ca24511123cda9f	1.000	1.000	1.000
P30556__6dae55828357a788	P30556__6dae55828357a788	1.000	1.000	1.000
P30556__6dae55828357a788	P32246__420451b14360d287	0.350	0.833	0.823
P30556__6dae55828357a788	P51681__7474668859b42bd1	0.305	0.833	0.830
P30556__6dae55828357a788	Q99788__d5cce27e9956e0b5	0.315	0.936	0.922
P30556__6dae55828357a788	P51677__e3086b374aa4bcf7	0.328	0.847	0.862
P30556__6dae55828357a788	P21462__e3bd8aa167ddf1d1	0.311	0.930	0.929
P30556__6dae55828357a788	O00155__fe488629acdd126c	0.339	0.841	0.814
P30556__6dae55828357a788	P41143__b75060695513d21a	0.310	0.838	0.828
P30556__6dae55828357a788	O00421__d840712ed2c46605	0.300	0.827	0.828
P35318__56b3521e74feff9a	P35318__56b3521e74feff9a	1.000	1.000	1.000
P41247__0d4d81d846d8c4d9	P41247__0d4d81d846d8c4d9	1.000	1.000	1.000
P47900__5dbfb306761c6e6d	P47900__5dbfb306761c6e6d	1.000	1.000	1.000
P50579__9fe72522f21ef73d	P50579__9fe72522f21ef73d	1.000	1.000	1.000
P54760__37003eca217f6b25	P54760__37003eca217f6b25	1.000	1.000	1.000
P54760__37003eca217f6b25	P21709__6aa120b03b6831f0	0.417	0.970	0.976
P61513__55f0ce27192e3dce	P61513__55f0ce27192e3dce	1.000	1.000	1.000
P78556__102aa539be81c5ad	P78556__102aa539be81c5ad	1.000	1.000	1.000
P78556__102aa539be81c5ad	Q9Y258__f5e2fc31c84ced48	0.310	0.885	0.862
Q01543__74912fafaea5266f	Q01543__74912fafaea5266f	1.000	1.000	1.000
Q0VD83__7512f52a3840cf4b	Q0VD83__7512f52a3840cf4b	1.000	1.000	1.000
Q13310__dcf99d01c44d827e	Q13310__dcf99d01c44d827e	1.000	1.000	1.000
Q13310__dcf99d01c44d827e	Q4VXU2__6e513900c57b1795	0.654	0.975	0.985
Q14153__51373cb26621f0d0	Q14153__51373cb26621f0d0	1.000	1.000	1.000
Q15029__2ab71d6a1c9e19d9	Q15029__2ab71d6a1c9e19d9	1.000	1.000	1.000
Q16515__739a35637921104e	Q16515__739a35637921104e	1.000	1.000	1.000
Q2M3G0__9207a16959a43653	Q2M3G0__9207a16959a43653	1.000	1.000	1.000
Q53R41__bc8daaf151990447	Q53R41__bc8daaf151990447	1.000	1.000	1.000
Q5T440__553a633c46324476	Q5T440__553a633c46324476	1.000	1.000	1.000
Q64ET8__6aeeef785d244441	Q64ET8__6aeeef785d244441	1.000	1.000	1.000
Q6P1Q9__676b6da9a5ce4929	Q6P1Q9__676b6da9a5ce4929	1.000	1.000	1.000
Q6P1Q9__676b6da9a5ce4929	Q96IZ6__086c5e2a6fd6306c	0.984	1.000	1.000
Q6UWS5__8492f904ab6a23ca	Q6UWS5__8492f904ab6a23ca	1.000	1.000	1.000
Q6ZVX9__e58ecf0e9699a4af	Q6ZVX9__e58ecf0e9699a4af	1.000	1.000	1.000
Q6ZVX9__e58ecf0e9699a4af	Q6TCH4__f6872ed0f80ad686	0.334	0.859	0.895
Q7Z589__524645842dd550ba	Q7Z589__524645842dd550ba	1.000	1.000	1.000
Q86VZ1__f432ba604b9f39e6	Q86VZ1__f432ba604b9f39e6	1.000	1.000	1.000
Q8IW03__b038339e58f1d94b	Q8IW03__b038339e58f1d94b	1.000	1.000	1.000
Q8N183__11c727dec3b99dd0	Q8N183__11c727dec3b99dd0	1.000	1.000	1.000
Q8N7J2__e3fa3076e765a705	Q8N7J2__e3fa3076e765a705	1.000	1.000	1.000
Q8NEZ4__1e1aa570911e5bad	Q8NEZ4__1e1aa570911e5bad	1.000	1.000	1.000
Q8NEZ4__1e1aa570911e5bad	O14686__3f7e3798caefae2c	0.313	0.973	0.988
Q8TDB8__c6bfe61e458ae6a2	Q8TDB8__c6bfe61e458ae6a2	1.000	1.000	1.000
Q8TDB8__c6bfe61e458ae6a2	P11168__d863fcef95df00de	0.498	0.894	0.958
Q8TDB8__c6bfe61e458ae6a2	Q9BYW1__5ab812320655816c	0.341	0.873	0.921
Q8WW38__e23789bd50696d49	Q8WW38__e23789bd50696d49	1.000	1.000	1.000
Q92956__eb434d71e396774b	Q92956__eb434d71e396774b	1.000	1.000	1.000
Q96BP3__a0ef30f6b34d96b9	Q96BP3__a0ef30f6b34d96b9	1.000	1.000	1.000
Q96HJ9__8f7982cfa6455481	Q96HJ9__8f7982cfa6455481	1.000	1.000	1.000
Q96LA6__54d8a7bd38fbcc2d	Q96LA6__54d8a7bd38fbcc2d	1.000	1.000	1.000
Q96LA6__54d8a7bd38fbcc2d	Q6DN72__7fe0764572d5ad4d	0.308	0.890	0.857
Q96RI8__77bd7606321e3be5	Q96RI8__77bd7606321e3be5	1.000	1.000	1.000
Q96RI8__77bd7606321e3be5	Q969N4__61e9d52c3c05ae5d	0.795	0.994	1.000
Q96RI8__77bd7606321e3be5	O14804__e1509937826bd69d	0.442	0.957	0.953
Q96RI8__77bd7606321e3be5	P28222__0bc8c4af6f71c065	0.306	0.855	0.862
Q96RI8__77bd7606321e3be5	P28221__53403167dff491de	0.309	0.855	0.886
Q96RI8__77bd7606321e3be5	P30939__77171773a772e53d	0.303	0.803	0.880
Q99929__3bc2265ae990245f	Q99929__3bc2265ae990245f	1.000	1.000	1.000
Q9BSF0__a348d2de4e595ce9	Q9BSF0__a348d2de4e595ce9	1.000	1.000	1.000
Q9BWJ5__47ffa56716d1412a	Q9BWJ5__47ffa56716d1412a	1.000	1.000	1.000
Q9BYN7__5e724a57b7a8b82a	Q9BYN7__5e724a57b7a8b82a	1.000	1.000	1.000
Q9H0C5__adae6d942e7647f1	Q9H0C5__adae6d942e7647f1	1.000	1.000	1.000
Q9H0C5__adae6d942e7647f1	Q9BX70__e154ffcb58e4127a	0.775	0.988	0.922
Q9H3Y6__58956edc77f66920	Q9H3Y6__58956edc77f66920	1.000	1.000	1.000
Q9H8Y5__05880331e5f61667	Q9H8Y5__05880331e5f61667	1.000	1.000	1.000
Q9HCC8__fd4c7fae17ed40e6	Q9HCC8__fd4c7fae17ed40e6	1.000	1.000	1.000
Q9NQ92__0a908d6f9f6b9542	Q9NQ92__0a908d6f9f6b9542	1.000	1.000	1.000
Q9NUJ1__50b58ba185fd1cb5	Q9NUJ1__50b58ba185fd1cb5	1.000	1.000	1.000
Q9NYV7__9314a8de8de4b40f	Q9NYV7__9314a8de8de4b40f	1.000	1.000	1.000
Q9P2R6__bf11f73a02a3d4e4	Q9P2R6__bf11f73a02a3d4e4	1.000	1.000	1.000
Q9UHD2__90bedea8f8b5a918	Q9UHD2__90bedea8f8b5a918	1.000	1.000	1.000
Q9UK99__510a392030fa3d86	Q9UK99__510a392030fa3d86	1.000	1.000	1.000
Q9UNA4__df3550f14cbcc7b7	Q9UNA4__df3550f14cbcc7b7	1.000	1.000	1.000
Q9Y2R9__94f3b91140e5afec	Q9Y2R9__94f3b91140e5afec	1.000	1.000	1.000
Q9Y4Y9__ee835e73de29d6fd	Q9Y4Y9__ee835e73de29d6fd	1.000	1.000	1.000
Q9Y4Y9__ee835e73de29d6fd	P62310__01bd9cf6dde1b1e7	0.349	0.912	0.804
B2RUZ4__9dc4d7e5d33c396d	B2RUZ4__9dc4d7e5d33c396d	1.000	1.000	1.000
O14497__1bd87af767bfd8e1	O14497__1bd87af767bfd8e1	1.000	1.000	1.000
O14497__1bd87af767bfd8e1	Q8NFD5__19e226010e8e9732	0.537	0.925	0.855
O15370__1fcb2d8307ca4be3	O15370__1fcb2d8307ca4be3	1.000	1.000	1.000
O60343__8255116680484aaf	O60343__8255116680484aaf	1.000	1.000	1.000
O75526__9bb27583e445d1ff	O75526__9bb27583e445d1ff	1.000	1.000	1.000
O75526__9bb27583e445d1ff	P38159__87386ac4315947d0	0.734	1.000	1.000
O95073__81065f814f1b2337	O95073__81065f814f1b2337	1.000	1.000	1.000
P00740__32f5d032de97ea22	P00740__32f5d032de97ea22	1.000	1.000	1.000
P00740__32f5d032de97ea22	P08709__16e201eb49237f10	0.407	0.926	0.871
P02818__26431670c51cde9b	P02818__26431670c51cde9b	1.000	1.000	1.000
P08476__562562e7f9ae9e5c	P08476__562562e7f9ae9e5c	1.000	1.000	1.000
P0DP57__ad19290160d76666	P0DP57__ad19290160d76666	1.000	1.000	1.000
P13637__28886d316e014e26	P13637__28886d316e014e26	1.000	1.000	1.000
P13637__28886d316e014e26	Q13733__a6f8d3b9d9af41b1	0.789	0.984	0.967
P18077__79663594cb309c06	P18077__79663594cb309c06	1.000	1.000	1.000
P21918__84f03c7918b76c7e	P21918__84f03c7918b76c7e	1.000	1.000	1.000
P27986__7a7861a2f4b76659	P27986__7a7861a2f4b76659	1.000	1.000	1.000
P30559__944327688ddc36d8	P30559__944327688ddc36d8	1.000	1.000	1.000
P30559__944327688ddc36d8	P30518__74850ff3a746768b	0.443	0.810	0.841
P35367__9112bbed27c42f31	P35367__9112bbed27c42f31	1.000	1.000	1.000
P41279__85be618bbf0bc60f	P41279__85be618bbf0bc60f	1.000	1.000	1.000
P47901__60136b71ec5806c0	P47901__60136b71ec5806c0	1.000	1.000	1.000
P50895__feca7ec085611270	P50895__feca7ec085611270	1.000	1.000	1.000
P54826__0ba36c3a46153403	P54826__0ba36c3a46153403	1.000	1.000	1.000
P61927__4c3fcaec6e47af78	P61927__4c3fcaec6e47af78	1.000	1.000	1.000
P78562__0c4aa74a3053f6fa	P78562__0c4aa74a3053f6fa	1.000	1.000	1.000
P78562__0c4aa74a3053f6fa	P08473__1a916537b7b55589	0.357	0.984	0.976
P78562__0c4aa74a3053f6fa	P42892__e3eb0529ac8c1616	0.374	0.973	0.910
Q01718__50fc802bf9cb11dd	Q01718__50fc802bf9cb11dd	1.000	1.000	1.000
Q01718__50fc802bf9cb11dd	Q01726__c48e7174ffe180f6	0.407	0.923	0.890
Q0VG06__6776735c2d7ea2eb	Q0VG06__6776735c2d7ea2eb	1.000	1.000	1.000
Q13319__f6c7f7b87ad80143	Q13319__f6c7f7b87ad80143	1.000	1.000	1.000
Q14190__39bc8fc88591f7fa	Q14190__39bc8fc88591f7fa	1.000	1.000	1.000
Q15048__2effb394691e2311	Q15048__2effb394691e2311	1.000	1.000	1.000
Q16534__4f090f1df73edb9a	Q16534__4f090f1df73edb9a	1.000	1.000	1.000
Q2PPJ7__976e202dc8b6e556	Q2PPJ7__976e202dc8b6e556	1.000	1.000	1.000
Q53S33__6167d4e5f21ce017	Q53S33__6167d4e5f21ce017	1.000	1.000	1.000
Q5T4T1__b1c6bb96c7d3e70a	Q5T4T1__b1c6bb96c7d3e70a	1.000	1.000	1.000
Q659A1__235a142a9f198288	Q659A1__235a142a9f198288	1.000	1.000	1.000
Q6P1X5__69ae25adb4d26730	Q6P1X5__69ae25adb4d26730	1.000	1.000	1.000
Q6UWT2__bc988cc3f338d6e1	Q6UWT2__bc988cc3f338d6e1	1.000	1.000	1.000
Q6ZWK4__db6ea04a47120a37	Q6ZWK4__db6ea04a47120a37	1.000	1.000	1.000
Q7Z5A7__79972210f3b53fed	Q7Z5A7__79972210f3b53fed	1.000	1.000	1.000
Q7Z5A7__79972210f3b53fed	Q7Z5A8__7f17a1d096f03c2d	0.436	0.826	0.820
Q86VZ2__55879b07085b8876	Q86VZ2__55879b07085b8876	1.000	1.000	1.000
Q86VZ2__55879b07085b8876	P61964__90075634f6e58f79	0.852	0.997	0.997
Q86VZ2__55879b07085b8876	Q96DI7__0a8e64eb27c51a97	0.352	0.870	0.812
Q9NZD4__e77ce5215807da00	Q9NZD4__e77ce5215807da00	1.000	1.000	1.000
Q9UBH6__66165518a985c67e	Q9UBH6__66165518a985c67e	1.000	1.000	1.000
Q9UI33__31f3d057dcbc2abd	Q9UI33__31f3d057dcbc2abd	1.000	1.000	1.000
Q9UI33__31f3d057dcbc2abd	P35499__d4b6667304f841b9	0.501	0.968	0.940
Q9UI33__31f3d057dcbc2abd	Q99250__448e29b0b2d00f07	0.480	0.978	0.964
Q9UI33__31f3d057dcbc2abd	P35498__df512f038af3c758	0.470	0.973	0.958
Q9H4W6__10d62483e617be53	Q9H4W6__10d62483e617be53	1.000	1.000	1.000
P20809__7cd7c7638f98ebb5	P20809__7cd7c7638f98ebb5	1.000	1.000	1.000
P24864__5fd4f5fb97c813fc	P24864__5fd4f5fb97c813fc	1.000	1.000	1.000
P24864__5fd4f5fb97c813fc	O96020__06a577daa4cba0a3	0.552	0.810	0.822
P29459__2ce004e921ab5aaa	P29459__2ce004e921ab5aaa	1.000	1.000	1.000
P33681__a0a87cc578bb7670	P33681__a0a87cc578bb7670	1.000	1.000	1.000
P38159__87386ac4315947d0	P38159__87386ac4315947d0	1.000	1.000	1.000
P38159__87386ac4315947d0	O75526__9bb27583e445d1ff	0.734	1.000	1.000
P01344__f207ede2979646b7	P01344__f207ede2979646b7	1.000	1.000	1.000
P05160__dfdf0f2b8afd27e2	P05160__dfdf0f2b8afd27e2	1.000	1.000	1.000
P0C1S8__934f5eb3269921d6	P0C1S8__934f5eb3269921d6	1.000	1.000	1.000
P11049__ff2bb9bfe0b98b88	P11049__ff2bb9bfe0b98b88	1.000	1.000	1.000
P16233__8e144ac7eadb8b0b	P16233__8e144ac7eadb8b0b	1.000	1.000	1.000
P16233__8e144ac7eadb8b0b	P54315__13ccfaaaead32aff	0.673	1.000	1.000
P16233__8e144ac7eadb8b0b	Q9Y5X9__5b2bf8da09ea43b3	0.339	0.865	0.810
O14867__fa8e172c1f63495f	O14867__fa8e172c1f63495f	1.000	1.000	1.000
O43613__4fa99a96e770e04d	O43613__4fa99a96e770e04d	1.000	1.000	1.000
O43613__4fa99a96e770e04d	O43614__e6a80905b838e43a	0.691	0.955	0.919
O60894__9d33c57ebb30dfe8	O60894__9d33c57ebb30dfe8	1.000	1.000	1.000
O75909__3e259e8d002f3177	O75909__3e259e8d002f3177	1.000	1.000	1.000
O95819__56340a272de94548	O95819__56340a272de94548	1.000	1.000	1.000
Q9Y253__bd58c0aff528af69	Q9Y253__bd58c0aff528af69	1.000	1.000	1.000
Q9Y3D5__c5232892f357ad77	Q9Y3D5__c5232892f357ad77	1.000	1.000	1.000
Q9Y675__282b769c00264f66	Q9Y675__282b769c00264f66	1.000	1.000	1.000
A6NLJ0__5cb0f0e07b9a47a5	A6NLJ0__5cb0f0e07b9a47a5	1.000	1.000	1.000
A6NLJ0__5cb0f0e07b9a47a5	Q8NCU7__3dbb9058c2f6dfb7	0.830	0.948	0.905
O00221__8a574d1cc16d54b5	O00221__8a574d1cc16d54b5	1.000	1.000	1.000
Q9BQC6__04d07fd70555f1bd	Q9BQC6__04d07fd70555f1bd	1.000	1.000	1.000
Q9BUP3__f0cc374b40a3df77	Q9BUP3__f0cc374b40a3df77	1.000	1.000	1.000
Q9BXL8__979da27ba05da517	Q9BXL8__979da27ba05da517	1.000	1.000	1.000
Q9C0J8__3cf8129cb620c63b	Q9C0J8__3cf8129cb620c63b	1.000	1.000	1.000
Q9H2E6__73456a93d9c91b01	Q9H2E6__73456a93d9c91b01	1.000	1.000	1.000
Q9H5Z6__1e8e80d11641b8c2	Q9H5Z6__1e8e80d11641b8c2	1.000	1.000	1.000
Q9HB14__f2b2ef3aa99df4b6	Q9HB14__f2b2ef3aa99df4b6	1.000	1.000	1.000
Q9NP92__fec04043948fe942	Q9NP92__fec04043948fe942	1.000	1.000	1.000
Q9NRR1__aaed36cd04b353b2	Q9NRR1__aaed36cd04b353b2	1.000	1.000	1.000
Q9NX01__f58a2d347f366483	Q9NX01__f58a2d347f366483	1.000	1.000	1.000
Q9NX01__f58a2d347f366483	P83876__281ef8f8dbce779f	0.389	0.906	0.951
Q9NZJ9__533fdedebb83cda5	Q9NZJ9__533fdedebb83cda5	1.000	1.000	1.000
Q9NZJ9__533fdedebb83cda5	Q96G61__1e8838c9307a475b	0.907	0.900	0.994
Q9UBX0__ee750875c2715763	Q9UBX0__ee750875c2715763	1.000	1.000	1.000
Q9UID6__c64c393e6bf2f05a	Q9UID6__c64c393e6bf2f05a	1.000	1.000	1.000
Q9ULD4__b60065cfc6bccc50	Q9ULD4__b60065cfc6bccc50	1.000	1.000	1.000
Q9Y238__e3bf0c8ab82522de	Q9Y238__e3bf0c8ab82522de	1.000	1.000	1.000
Q9Y3D3__3864761589c6a6f7	Q9Y3D3__3864761589c6a6f7	1.000	1.000	1.000
Q9Y666__f33463a6a3752ed3	Q9Y666__f33463a6a3752ed3	1.000	1.000	1.000
A6NKF2__42e2bfa591175e1a	A6NKF2__42e2bfa591175e1a	1.000	1.000	1.000
O00175__b7881beb951aec45	O00175__b7881beb951aec45	1.000	1.000	1.000
O14843__2b20e0cb102e3730	O14843__2b20e0cb102e3730	1.000	1.000	1.000
O14843__2b20e0cb102e3730	P46093__0a42cca351eefb6a	0.302	0.815	0.809
O43583__04cd419d229d9fc0	O43583__04cd419d229d9fc0	1.000	1.000	1.000
O60783__3578c580d5e6da79	O60783__3578c580d5e6da79	1.000	1.000	1.000
O75888__5656de7cebd5e481	O75888__5656de7cebd5e481	1.000	1.000	1.000
O95777__7da3a9cc9349e850	O95777__7da3a9cc9349e850	1.000	1.000	1.000
P01308__99603f8fb1e9872e	P01308__99603f8fb1e9872e	1.000	1.000	1.000
P05155__c91d27d3352cd861	P05155__c91d27d3352cd861	1.000	1.000	1.000
P09960__419e4dc8adbe6e5c	P09960__419e4dc8adbe6e5c	1.000	1.000	1.000
P10997__a76b82f55d65ddfa	P10997__a76b82f55d65ddfa	1.000	1.000	1.000
P16220__990558cfd6a93c01	P16220__990558cfd6a93c01	1.000	1.000	1.000
P20702__ff28f3995e32b234	P20702__ff28f3995e32b234	1.000	1.000	1.000
P20702__ff28f3995e32b234	Q13349__1d60ed428e52aa74	0.660	0.980	0.979
P24752__1216a9416365af9e	P24752__1216a9416365af9e	1.000	1.000	1.000
P24752__1216a9416365af9e	P42765__f2a074dbe3797d3b	0.401	0.909	0.987
P29376__f8ee24a43bff7006	P29376__f8ee24a43bff7006	1.000	1.000	1.000
P33240__9e62ed7fce0b0130	P33240__9e62ed7fce0b0130	1.000	1.000	1.000
P37275__cd46f549cc2b923b	P37275__cd46f549cc2b923b	1.000	1.000	1.000
P43220__8cd3cf61857825c3	P43220__8cd3cf61857825c3	1.000	1.000	1.000
P43220__8cd3cf61857825c3	P47871__b236d1c797f666e4	0.502	0.898	0.864
P43220__8cd3cf61857825c3	P32241__95ca8f99a19d5f99	0.408	0.907	0.886
P49146__5405ec4c579e6859	P49146__5405ec4c579e6859	1.000	1.000	1.000
P49146__5405ec4c579e6859	P50391__648c2a026f9f9ba1	0.335	0.808	0.867
P51864__63cd9de96d5ab525	P51864__63cd9de96d5ab525	1.000	1.000	1.000
P58012__89d93154bc2b027b	P58012__89d93154bc2b027b	1.000	1.000	1.000
P62910__9dee3c52cc2816b3	P62910__9dee3c52cc2816b3	1.000	1.000	1.000
P83369__1de29d2a5450b579	P83369__1de29d2a5450b579	1.000	1.000	1.000
Q9Y618__8f71dcb971fedac6	Q9Y618__8f71dcb971fedac6	1.000	1.000	1.000
A6NK58__bb7f0c494425db78	A6NK58__bb7f0c494425db78	1.000	1.000	1.000
O00161__13489fea8e3f7bbb	O00161__13489fea8e3f7bbb	1.000	1.000	1.000
O14842__de3c8c9ee981bcae	O14842__de3c8c9ee981bcae	1.000	1.000	1.000
O43561__34528ec9a21ae10b	O43561__34528ec9a21ae10b	1.000	1.000	1.000
O60779__20d22876a581dc3e	O60779__20d22876a581dc3e	1.000	1.000	1.000
O75879__fbc57757d126479d	O75879__fbc57757d126479d	1.000	1.000	1.000
O95751__6477d4308db58115	O95751__6477d4308db58115	1.000	1.000	1.000
P01298__35a162f66dfacc6c	P01298__35a162f66dfacc6c	1.000	1.000	1.000
P05121__85dcfe09ecc84ccb	P05121__85dcfe09ecc84ccb	1.000	1.000	1.000
P05121__85dcfe09ecc84ccb	P48594__643fa1288d817ac7	0.311	0.898	0.964
P05121__85dcfe09ecc84ccb	P35237__0bc7dc2f5cf163bd	0.327	0.918	0.992
P05121__85dcfe09ecc84ccb	P29508__5c4614c4d5244277	0.303	0.898	0.964
P09914__89e22718ae2cd55e	P09914__89e22718ae2cd55e	1.000	1.000	1.000
P10644__9e2103c22e85013c	P10644__9e2103c22e85013c	1.000	1.000	1.000
P10644__9e2103c22e85013c	P31321__e461ba5414826c31	0.813	1.000	1.000
P16109__def353dc153b1f5f	P16109__def353dc153b1f5f	1.000	1.000	1.000
P20594__fe3da7595d12a872	P20594__fe3da7595d12a872	1.000	1.000	1.000
P24530__f203a5007cc0cf30	P24530__f203a5007cc0cf30	1.000	1.000	1.000
P29374__93cfe8189194eba3	P29374__93cfe8189194eba3	1.000	1.000	1.000
P32970__8b8ce93f248bec62	P32970__8b8ce93f248bec62	1.000	1.000	1.000
P37023__41225f390d79410e	P37023__41225f390d79410e	1.000	1.000	1.000
P37023__41225f390d79410e	O00238__ce1def7aae1584f1	0.457	0.944	0.956
P43115__eecded17e2f0be53	P43115__eecded17e2f0be53	1.000	1.000	1.000
P49116__dd9b34fd49b5e109	P49116__dd9b34fd49b5e109	1.000	1.000	1.000
Q96E93__553cfb55f51d19e4	Q96E93__553cfb55f51d19e4	1.000	1.000	1.000
Q96JM7__f1abca78483b429c	Q96JM7__f1abca78483b429c	1.000	1.000	1.000
Q96P16__75e03199b46ecb7b	Q96P16__75e03199b46ecb7b	1.000	1.000	1.000
Q96P16__75e03199b46ecb7b	Q9NQG5__4f2329f4f8ccb295	0.653	1.000	1.000
Q96T58__494a51a306634b8f	Q96T58__494a51a306634b8f	1.000	1.000	1.000
Q9BQA5__4ba24d152f79ff6e	Q9BQA5__4ba24d152f79ff6e	1.000	1.000	1.000
Q7L5Y1__fc9e3ce3513d1baa	Q7L5Y1__fc9e3ce3513d1baa	1.000	1.000	1.000
Q7Z7K0__c6d74afd291f0b6e	Q7Z7K0__c6d74afd291f0b6e	1.000	1.000	1.000
Q86YC2__848e1c837f05f814	Q86YC2__848e1c837f05f814	1.000	1.000	1.000
Q8IYD8__719b0768a65b1a17	Q8IYD8__719b0768a65b1a17	1.000	1.000	1.000
Q8N4E7__c9ad66cfbe853c50	Q8N4E7__c9ad66cfbe853c50	1.000	1.000	1.000
Q8NEG4__81d9ad1f1ccf1365	Q8NEG4__81d9ad1f1ccf1365	1.000	1.000	1.000
Q8TBK2__94942cd343d798ad	Q8TBK2__94942cd343d798ad	1.000	1.000	1.000
Q8WV60__71d94b0911adcb8e	Q8WV60__71d94b0911adcb8e	1.000	1.000	1.000
Q92754__6e5e40e0ad9f547b	Q92754__6e5e40e0ad9f547b	1.000	1.000	1.000
Q92754__6e5e40e0ad9f547b	P05549__59608780f7b632de	0.640	1.000	1.000
Q96B02__47e2ed149f28fb0d	Q96B02__47e2ed149f28fb0d	1.000	1.000	1.000
Q96G74__6d6b4b5f03173caa	Q96G74__6d6b4b5f03173caa	1.000	1.000	1.000
Q96KN2__aba23f105472539e	Q96KN2__aba23f105472539e	1.000	1.000	1.000
Q96QE2__0524d4ba4c0fdd96	Q96QE2__0524d4ba4c0fdd96	1.000	1.000	1.000
Q99678__065dbf2e6ca54186	Q99678__065dbf2e6ca54186	1.000	1.000	1.000
Q9BRL6__229f1f86c5744f08	Q9BRL6__229f1f86c5744f08	1.000	1.000	1.000
Q9BVI0__99a56ed3cb7d342e	Q9BVI0__99a56ed3cb7d342e	1.000	1.000	1.000
Q9BVI0__99a56ed3cb7d342e	A8MW92__aac26fa6b1288fde	0.360	0.999	0.999
Q9BYD1__b9ffb49aada0184d	Q9BYD1__b9ffb49aada0184d	1.000	1.000	1.000
Q9GZU8__951f2a8cac5a9ccf	Q9GZU8__951f2a8cac5a9ccf	1.000	1.000	1.000
Q9H3D4__33a4133f272286d3	Q9H3D4__33a4133f272286d3	1.000	1.000	1.000
Q9H813__72d31cdc13f4466a	Q9H813__72d31cdc13f4466a	1.000	1.000	1.000
Q9HBW9__cc63c92b64f9733d	Q9HBW9__cc63c92b64f9733d	1.000	1.000	1.000
Q9NPH9__056fd5c2279dcff8	Q9NPH9__056fd5c2279dcff8	1.000	1.000	1.000
Q9NT62__b2e2c4c580ffea95	Q9NT62__b2e2c4c580ffea95	1.000	1.000	1.000
Q9NY74__0b7e4108f2c87d48	Q9NY74__0b7e4108f2c87d48	1.000	1.000	1.000
Q9P0M9__c2b3072c5cc24ec9	Q9P0M9__c2b3072c5cc24ec9	1.000	1.000	1.000
Q9UGH3__9cab313b7f1f3a8c	Q9UGH3__9cab313b7f1f3a8c	1.000	1.000	1.000
Q9UGH3__9cab313b7f1f3a8c	Q9UHI7__09fc272e7ed19017	0.685	0.834	0.908
Q9UJX5__1622b5260b46f63f	Q9UJX5__1622b5260b46f63f	1.000	1.000	1.000
Q9ULV5__3ad3f5d5a84bbb10	Q9ULV5__3ad3f5d5a84bbb10	1.000	1.000	1.000
Q9H0C8__9c82a0828a1f762f	Q9H0C8__9c82a0828a1f762f	1.000	1.000	1.000
Q9H400__3f6d302c860952f5	Q9H400__3f6d302c860952f5	1.000	1.000	1.000
Q9H992__13ede07b938652cb	Q9H992__13ede07b938652cb	1.000	1.000	1.000
Q9HCE5__cc77d21e8d797ca1	Q9HCE5__cc77d21e8d797ca1	1.000	1.000	1.000
Q9NQG5__4f2329f4f8ccb295	Q9NQG5__4f2329f4f8ccb295	1.000	1.000	1.000
Q9NQG5__4f2329f4f8ccb295	Q96P16__75e03199b46ecb7b	0.653	1.000	1.000
Q9NUJ7__fe4ab6bbf6acfa3c	Q9NUJ7__fe4ab6bbf6acfa3c	1.000	1.000	1.000
Q9NUJ7__fe4ab6bbf6acfa3c	Q63HM9__d63f12c3c43b87ce	0.337	0.916	0.928
Q9NYW8__012ec75c2ced9ef8	Q9NYW8__012ec75c2ced9ef8	1.000	1.000	1.000
Q9NYW8__012ec75c2ced9ef8	P17014__c56eaa79e23cbb69	0.673	1.000	0.999
Q9NYW8__012ec75c2ced9ef8	Q6ECI4__3b54065604538766	0.439	0.975	0.947
Q9NYW8__012ec75c2ced9ef8	O94892__97f614456d810115	0.438	0.982	0.992
Q9NYW8__012ec75c2ced9ef8	Q8TF45__a525adcb0a8550ea	0.418	0.978	0.990
Q9NYW8__012ec75c2ced9ef8	Q8WXB4__85e3777aa6bfc4c6	0.419	0.986	0.928
Q9NYW8__012ec75c2ced9ef8	Q03923__66124a4c935f1ab2	0.415	0.941	0.993
Q9NYW8__012ec75c2ced9ef8	Q96RE9__104b5f78241b34ea	0.435	0.905	0.993
Q9NYW8__012ec75c2ced9ef8	Q9NZL3__3b99100d8ad8ce6e	0.403	0.950	1.000
Q9NYW8__012ec75c2ced9ef8	Q9Y2P7__afc52169f38f6127	0.408	0.978	0.982
Q9NYW8__012ec75c2ced9ef8	Q8NEP9__54c10d9021494253	0.385	0.972	0.928
Q9NYW8__012ec75c2ced9ef8	O60765__7991d51d11a01c75	0.380	0.940	0.979
Q9NYW8__012ec75c2ced9ef8	P21506__319472b038e86662	0.358	0.978	0.974
Q9P2R7__36863a0cb546fd50	Q9P2R7__36863a0cb546fd50	1.000	1.000	1.000
Q9UHF7__f354d27f400d3924	Q9UHF7__f354d27f400d3924	1.000	1.000	1.000
Q9UKF6__0a59d788503e05b0	Q9UKF6__0a59d788503e05b0	1.000	1.000	1.000
Q9UNG2__53c469c225a5f473	Q9UNG2__53c469c225a5f473	1.000	1.000	1.000
Q9Y2T1__650fec5af4f34003	Q9Y2T1__650fec5af4f34003	1.000	1.000	1.000
Q9Y4Z0__8939b0ee6c2f17af	Q9Y4Z0__8939b0ee6c2f17af	1.000	1.000	1.000
Q96HU1__f0a17c175f8534ee	Q96HU1__f0a17c175f8534ee	1.000	1.000	1.000
Q96LA8__94749bfca734a91a	Q96LA8__94749bfca734a91a	1.000	1.000	1.000
Q96RL1__83084b235b4faef8	Q96RL1__83084b235b4faef8	1.000	1.000	1.000
Q99935__3a8481ed0bb9f7d8	Q99935__3a8481ed0bb9f7d8	1.000	1.000	1.000
Q9NPH0__014204e9b8ed7d62	Q9NPH0__014204e9b8ed7d62	1.000	1.000	1.000
Q9NSY1__04770a360e7954ab	Q9NSY1__04770a360e7954ab	1.000	1.000	1.000
Q9NY72__40b9a19550f1a0ab	Q9NY72__40b9a19550f1a0ab	1.000	1.000	1.000
Q9P0J6__5527ad582973ee22	Q9P0J6__5527ad582973ee22	1.000	1.000	1.000
Q9UGC7__09c2543ebc9a8715	Q9UGC7__09c2543ebc9a8715	1.000	1.000	1.000
Q9UJW9__0bf77fa94a174ca9	Q9UJW9__0bf77fa94a174ca9	1.000	1.000	1.000
Q9ULV1__c997d9577170e241	Q9ULV1__c997d9577170e241	1.000	1.000	1.000
Q9ULV1__c997d9577170e241	Q9UP38__81f7d297ce1364bd	0.444	0.894	0.827
Q9Y2I9__34486dd14429d088	Q9Y2I9__34486dd14429d088	1.000	1.000	1.000
Q9Y471__d0c0a32ba2f58b1e	Q9Y471__d0c0a32ba2f58b1e	1.000	1.000	1.000
Q9Y6J9__8e470b48a9f9cc96	Q9Y6J9__8e470b48a9f9cc96	1.000	1.000	1.000
A8MUP2__d1a2b9b28414f694	A8MUP2__d1a2b9b28414f694	1.000	1.000	1.000
O00329__f3c1cbb6ec13c808	O00329__f3c1cbb6ec13c808	1.000	1.000	1.000
O15042__30cadaca1da71940	O15042__30cadaca1da71940	1.000	1.000	1.000
O43812__8b4b5a051fc5cc4b	O43812__8b4b5a051fc5cc4b	1.000	1.000	1.000
O75363__438ab62c92bda7df	O75363__438ab62c92bda7df	1.000	1.000	1.000
O94813__692c0d0821d7f871	O94813__692c0d0821d7f871	1.000	1.000	1.000
O95980__eed1f737e8589620	O95980__eed1f737e8589620	1.000	1.000	1.000
P02671__362bf6ebe743cfe8	P02671__362bf6ebe743cfe8	1.000	1.000	1.000
P06729__4080fd6725910f5b	P06729__4080fd6725910f5b	1.000	1.000	1.000
P0DJD4__00facdb9896355ad	P0DJD4__00facdb9896355ad	1.000	1.000	1.000
P0DJD4__00facdb9896355ad	P0DJD3__91074d469cd2403f	0.997	1.000	1.000
P40429__a914452f1bb32aec	P40429__a914452f1bb32aec	1.000	1.000	1.000
P46063__14ff940f940d4c29	P46063__14ff940f940d4c29	1.000	1.000	1.000
P49753__daf0e72dade89cea	P49753__daf0e72dade89cea	1.000	1.000	1.000
P52756__83fff9e7321f503d	P52756__83fff9e7321f503d	1.000	1.000	1.000
P52756__83fff9e7321f503d	P98175__14ee69b1a19a0337	0.505	0.996	0.997
P59942__b56238437b4c9b5e	P59942__b56238437b4c9b5e	1.000	1.000	1.000
O95935__9a5f5ad51fc4bfed	O95935__9a5f5ad51fc4bfed	1.000	1.000	1.000
P02655__c62583092754e633	P02655__c62583092754e633	1.000	1.000	1.000
P06307__f984341b39601606	P06307__f984341b39601606	1.000	1.000	1.000
Q9ULT6__dddba04cf3f01910	Q9ULT6__dddba04cf3f01910	1.000	1.000	1.000
Q9Y2I2__401e47d0333ae811	Q9Y2I2__401e47d0333ae811	1.000	1.000	1.000
Q9Y2I2__401e47d0333ae811	Q96CW9__da208c5ab31eae8b	0.599	0.950	0.970
Q9Y468__6c2472dd5fb9edaf	Q9Y468__6c2472dd5fb9edaf	1.000	1.000	1.000
Q9Y6J0__4cfd3013deedb67f	Q9Y6J0__4cfd3013deedb67f	1.000	1.000	1.000
A8MTJ6__f0b42ed6b9f6b39e	A8MTJ6__f0b42ed6b9f6b39e	1.000	1.000	1.000
P43353__9d5cb84cfc3c9ab6	P43353__9d5cb84cfc3c9ab6	1.000	1.000	1.000
P49238__b66b51e686863856	P49238__b66b51e686863856	1.000	1.000	1.000
P49238__b66b51e686863856	P41597__7a8225f899d150ae	0.465	0.851	0.805
P49238__b66b51e686863856	P32246__420451b14360d287	0.437	0.862	0.873
P49238__b66b51e686863856	P51685__5cd8cb49bc5ec707	0.400	0.941	0.958
P49238__b66b51e686863856	P51677__e3086b374aa4bcf7	0.425	0.887	0.896
P49238__b66b51e686863856	O00421__d840712ed2c46605	0.324	0.862	0.895
P49238__b66b51e686863856	P32249__beaf23edd999b6cb	0.302	0.814	0.820
P51959__7aebbed46755e8da	P51959__7aebbed46755e8da	1.000	1.000	1.000
P58418__33c99d40d76f0feb	P58418__33c99d40d76f0feb	1.000	1.000	1.000
P62917__b8adfcfd66147b8c	P62917__b8adfcfd66147b8c	1.000	1.000	1.000
